show_id,raw_date,parsed_date
s1,2021-09-25,2021-09-25
s2,2021-09-24,2021-09-24
s3,2021-09-24,2021-09-24
s4,2021-09-24,2021-09-24
s5,2021-09-24,2021-09-24
s6,2021-09-24,2021-09-24
s7,2021-09-24,2021-09-24
s8,2021-09-24,2021-09-24
s9,2021-09-24,2021-09-24
s10,2021-09-24,2021-09-24
s11,2021-09-24,2021-09-24
s12,2021-09-23,2021-09-23
s13,2021-09-23,2021-09-23
s14,2021-09-22,2021-09-22
s15,2021-09-22,2021-09-22
s16,2021-09-22,2021-09-22
s17,2021-09-22,2021-09-22
s18,2021-09-22,2021-09-22
s19,2021-09-22,2021-09-22
s20,2021-09-22,2021-09-22
s21,2021-09-22,2021-09-22
s22,2021-09-22,2021-09-22
s23,2021-09-21,2021-09-21
s24,2021-09-21,2021-09-21
s25,2021-09-21,2021-09-21
s26,2021-09-21,2021-09-21
s27,2021-09-21,2021-09-21
s28,2021-09-20,2021-09-20
s29,2021-09-19,2021-09-19
s30,2021-09-19,2021-09-19
s31,2021-09-17,2021-09-17
s32,2021-09-17,2021-09-17
s33,2021-09-17,2021-09-17
s34,2021-09-17,2021-09-17
s35,2021-09-17,2021-09-17
s36,2021-09-17,2021-09-17
s37,2021-09-17,2021-09-17
s38,2021-09-16,2021-09-16
s39,2021-09-16,2021-09-16
s40,2021-09-16,2021-09-16
s41,2021-09-16,2021-09-16
s42,2021-09-16,2021-09-16
s43,2021-09-16,2021-09-16
s44,2021-09-16,2021-09-16
s45,2021-09-16,2021-09-16
s46,2021-09-16,2021-09-16
s47,2021-09-16,2021-09-16
s48,2021-09-16,2021-09-16
s49,2021-09-16,2021-09-16
s50,2021-09-15,2021-09-15
s51,2021-09-15,2021-09-15
s52,2021-09-15,2021-09-15
s53,2021-09-15,2021-09-15
s54,2021-09-15,2021-09-15
s55,2021-09-15,2021-09-15
s56,2021-09-15,2021-09-15
s57,2021-09-15,2021-09-15
s58,2021-09-15,2021-09-15
s59,2021-09-15,2021-09-15
s60,2021-09-15,2021-09-15
s61,2021-09-15,2021-09-15
s62,2021-09-15,2021-09-15
s63,2021-09-15,2021-09-15
s64,2021-09-15,2021-09-15
s65,2021-09-15,2021-09-15
s66,2021-09-15,2021-09-15
s67,2021-09-15,2021-09-15
s68,2021-09-15,2021-09-15
s69,2021-09-15,2021-09-15
s70,2021-09-15,2021-09-15
s71,2021-09-15,2021-09-15
s72,2021-09-14,2021-09-14
s73,2021-09-14,2021-09-14
s74,2021-09-14,2021-09-14
s75,2021-09-14,2021-09-14
s76,2021-09-14,2021-09-14
s77,2021-09-14,2021-09-14
s78,2021-09-11,2021-09-11
s79,2021-09-11,2021-09-11
s80,2021-09-11,2021-09-11
s81,2021-09-10,2021-09-10
s82,2021-09-10,2021-09-10
s83,2021-09-10,2021-09-10
s84,2021-09-10,2021-09-10
s85,2021-09-10,2021-09-10
s86,2021-09-10,2021-09-10
s87,2021-09-10,2021-09-10
s88,2021-09-10,2021-09-10
s89,2021-09-09,2021-09-09
s90,2021-09-09,2021-09-09
s91,2021-09-09,2021-09-09
s92,2021-09-09,2021-09-09
s93,2021-09-08,2021-09-08
s94,2021-09-08,2021-09-08
s95,2021-09-08,2021-09-08
s96,2021-09-08,2021-09-08
s97,2021-09-07,2021-09-07
s98,2021-09-07,2021-09-07
s99,2021-09-07,2021-09-07
s100,2021-09-07,2021-09-07
s101,2021-09-07,2021-09-07
s102,2021-09-07,2021-09-07
s103,2021-09-06,2021-09-06
s104,2021-09-06,2021-09-06
s105,2021-09-06,2021-09-06
s106,2021-09-05,2021-09-05
s107,2021-09-05,2021-09-05
s108,2021-09-04,2021-09-04
s109,2021-09-03,2021-09-03
s110,2021-09-03,2021-09-03
s111,2021-09-03,2021-09-03
s112,2021-09-03,2021-09-03
s113,2021-09-03,2021-09-03
s114,2021-09-02,2021-09-02
s115,2021-09-02,2021-09-02
s116,2021-09-02,2021-09-02
s117,2021-09-02,2021-09-02
s118,2021-09-02,2021-09-02
s119,2021-09-02,2021-09-02
s120,2021-09-02,2021-09-02
s121,2021-09-02,2021-09-02
s122,2021-09-02,2021-09-02
s123,2021-09-02,2021-09-02
s124,2021-09-02,2021-09-02
s125,2021-09-02,2021-09-02
s126,2021-09-02,2021-09-02
s127,2021-09-02,2021-09-02
s128,2021-09-01,2021-09-01
s129,2021-09-01,2021-09-01
s130,2021-09-01,2021-09-01
s131,2021-09-01,2021-09-01
s132,2021-09-01,2021-09-01
s133,2021-09-01,2021-09-01
s134,2021-09-01,2021-09-01
s135,2021-09-01,2021-09-01
s136,2021-09-01,2021-09-01
s137,2021-09-01,2021-09-01
s138,2021-09-01,2021-09-01
s139,2021-09-01,2021-09-01
s140,2021-09-01,2021-09-01
s141,2021-09-01,2021-09-01
s142,2021-09-01,2021-09-01
s143,2021-09-01,2021-09-01
s144,2021-09-01,2021-09-01
s145,2021-09-01,2021-09-01
s146,2021-09-01,2021-09-01
s147,2021-09-01,2021-09-01
s148,2021-09-01,2021-09-01
s149,2021-09-01,2021-09-01
s150,2021-09-01,2021-09-01
s151,2021-09-01,2021-09-01
s152,2021-09-01,2021-09-01
s153,2021-09-01,2021-09-01
s154,2021-09-01,2021-09-01
s155,2021-09-01,2021-09-01
s156,2021-09-01,2021-09-01
s157,2021-09-01,2021-09-01
s158,2021-09-01,2021-09-01
s159,2021-09-01,2021-09-01
s160,2021-09-01,2021-09-01
s161,2021-09-01,2021-09-01
s162,2021-09-01,2021-09-01
s163,2021-09-01,2021-09-01
s164,2021-09-01,2021-09-01
s165,2021-09-01,2021-09-01
s166,2021-09-01,2021-09-01
s167,2021-09-01,2021-09-01
s168,2021-09-01,2021-09-01
s169,2021-09-01,2021-09-01
s170,2021-09-01,2021-09-01
s171,2021-09-01,2021-09-01
s172,2021-09-01,2021-09-01
s173,2021-09-01,2021-09-01
s174,2021-09-01,2021-09-01
s175,2021-09-01,2021-09-01
s176,2021-09-01,2021-09-01
s177,2021-09-01,2021-09-01
s178,2021-09-01,2021-09-01
s179,2021-09-01,2021-09-01
s180,2021-09-01,2021-09-01
s181,2021-09-01,2021-09-01
s182,2021-09-01,2021-09-01
s183,2021-09-01,2021-09-01
s184,2021-08-31,2021-08-31
s185,2021-08-31,2021-08-31
s186,2021-08-31,2021-08-31
s187,2021-08-29,2021-08-29
s188,2021-08-29,2021-08-29
s189,2021-08-28,2021-08-28
s190,2021-08-28,2021-08-28
s191,2021-08-28,2021-08-28
s192,2021-08-28,2021-08-28
s193,2021-08-27,2021-08-27
s194,2021-08-27,2021-08-27
s195,2021-08-27,2021-08-27
s196,2021-08-27,2021-08-27
s197,2021-08-27,2021-08-27
s198,2021-08-27,2021-08-27
s199,2021-08-27,2021-08-27
s200,2021-08-27,2021-08-27
s201,2021-08-27,2021-08-27
s202,2021-08-27,2021-08-27
s203,2021-08-27,2021-08-27
s204,2021-08-27,2021-08-27
s205,2021-08-27,2021-08-27
s206,2021-08-27,2021-08-27
s207,2021-08-27,2021-08-27
s208,2021-08-27,2021-08-27
s209,2021-08-27,2021-08-27
s210,2021-08-27,2021-08-27
s211,2021-08-27,2021-08-27
s212,2021-08-27,2021-08-27
s213,2021-08-27,2021-08-27
s214,2021-08-27,2021-08-27
s215,2021-08-27,2021-08-27
s216,2021-08-27,2021-08-27
s217,2021-08-27,2021-08-27
s218,2021-08-27,2021-08-27
s219,2021-08-27,2021-08-27
s220,2021-08-26,2021-08-26
s221,2021-08-26,2021-08-26
s222,2021-08-25,2021-08-25
s223,2021-08-25,2021-08-25
s224,2021-08-25,2021-08-25
s225,2021-08-25,2021-08-25
s226,2021-08-25,2021-08-25
s227,2021-08-25,2021-08-25
s228,2021-08-25,2021-08-25
s229,2021-08-25,2021-08-25
s230,2021-08-25,2021-08-25
s231,2021-08-25,2021-08-25
s232,2021-08-25,2021-08-25
s233,2021-08-25,2021-08-25
s234,2021-08-24,2021-08-24
s235,2021-08-24,2021-08-24
s236,2021-08-24,2021-08-24
s237,2021-08-23,2021-08-23
s238,2021-08-23,2021-08-23
s239,2021-08-23,2021-08-23
s240,2021-08-23,2021-08-23
s241,2021-08-23,2021-08-23
s242,2021-08-21,2021-08-21
s243,2021-08-20,2021-08-20
s244,2021-08-20,2021-08-20
s245,2021-08-20,2021-08-20
s246,2021-08-20,2021-08-20
s247,2021-08-20,2021-08-20
s248,2021-08-20,2021-08-20
s249,2021-08-20,2021-08-20
s250,2021-08-20,2021-08-20
s251,2021-08-19,2021-08-19
s252,2021-08-19,2021-08-19
s253,2021-08-18,2021-08-18
s254,2021-08-18,2021-08-18
s255,2021-08-18,2021-08-18
s256,2021-08-18,2021-08-18
s257,2021-08-18,2021-08-18
s258,2021-08-18,2021-08-18
s259,2021-08-18,2021-08-18
s260,2021-08-18,2021-08-18
s261,2021-08-18,2021-08-18
s262,2021-08-18,2021-08-18
s263,2021-08-18,2021-08-18
s264,2021-08-16,2021-08-16
s265,2021-08-16,2021-08-16
s266,2021-08-15,2021-08-15
s267,2021-08-15,2021-08-15
s268,2021-08-15,2021-08-15
s269,2021-08-15,2021-08-15
s270,2021-08-15,2021-08-15
s271,2021-08-13,2021-08-13
s272,2021-08-13,2021-08-13
s273,2021-08-13,2021-08-13
s274,2021-08-13,2021-08-13
s275,2021-08-13,2021-08-13
s276,2021-08-13,2021-08-13
s277,2021-08-13,2021-08-13
s278,2021-08-12,2021-08-12
s279,2021-08-12,2021-08-12
s280,2021-08-12,2021-08-12
s281,2021-08-11,2021-08-11
s282,2021-08-11,2021-08-11
s283,2021-08-11,2021-08-11
s284,2021-08-11,2021-08-11
s285,2021-08-11,2021-08-11
s286,2021-08-11,2021-08-11
s287,2021-08-10,2021-08-10
s288,2021-08-10,2021-08-10
s289,2021-08-10,2021-08-10
s290,2021-08-10,2021-08-10
s291,2021-08-10,2021-08-10
s292,2021-08-09,2021-08-09
s293,2021-08-08,2021-08-08
s294,2021-08-08,2021-08-08
s295,2021-08-07,2021-08-07
s296,2021-08-07,2021-08-07
s297,2021-08-06,2021-08-06
s298,2021-08-06,2021-08-06
s299,2021-08-06,2021-08-06
s300,2021-08-06,2021-08-06
s301,2021-08-06,2021-08-06
s302,2021-08-05,2021-08-05
s303,2021-08-05,2021-08-05
s304,2021-08-05,2021-08-05
s305,2021-08-05,2021-08-05
s306,2021-08-05,2021-08-05
s307,2021-08-04,2021-08-04
s308,2021-08-04,2021-08-04
s309,2021-08-04,2021-08-04
s310,2021-08-04,2021-08-04
s311,2021-08-04,2021-08-04
s312,2021-08-04,2021-08-04
s313,2021-08-04,2021-08-04
s314,2021-08-03,2021-08-03
s315,2021-08-03,2021-08-03
s316,2021-08-03,2021-08-03
s317,2021-08-03,2021-08-03
s318,2021-08-03,2021-08-03
s319,2021-08-03,2021-08-03
s320,2021-08-03,2021-08-03
s321,2021-08-03,2021-08-03
s322,2021-08-03,2021-08-03
s323,2021-08-03,2021-08-03
s324,2021-08-01,2021-08-01
s325,2021-08-01,2021-08-01
s326,2021-08-01,2021-08-01
s327,2021-08-01,2021-08-01
s328,2021-08-01,2021-08-01
s329,2021-08-01,2021-08-01
s330,2021-08-01,2021-08-01
s331,2021-08-01,2021-08-01
s332,2021-08-01,2021-08-01
s333,2021-08-01,2021-08-01
s334,2021-08-01,2021-08-01
s335,2021-08-01,2021-08-01
s336,2021-08-01,2021-08-01
s337,2021-08-01,2021-08-01
s338,2021-08-01,2021-08-01
s339,2021-08-01,2021-08-01
s340,2021-08-01,2021-08-01
s341,2021-08-01,2021-08-01
s342,2021-08-01,2021-08-01
s343,2021-08-01,2021-08-01
s344,2021-08-01,2021-08-01
s345,2021-08-01,2021-08-01
s346,2021-08-01,2021-08-01
s347,2021-08-01,2021-08-01
s348,2021-08-01,2021-08-01
s349,2021-08-01,2021-08-01
s350,2021-08-01,2021-08-01
s351,2021-08-01,2021-08-01
s352,2021-08-01,2021-08-01
s353,2021-08-01,2021-08-01
s354,2021-08-01,2021-08-01
s355,2021-08-01,2021-08-01
s356,2021-08-01,2021-08-01
s357,2021-08-01,2021-08-01
s358,2021-08-01,2021-08-01
s359,2021-08-01,2021-08-01
s360,2021-08-01,2021-08-01
s361,2021-08-01,2021-08-01
s362,2021-07-31,2021-07-31
s363,2021-07-31,2021-07-31
s364,2021-07-31,2021-07-31
s365,2021-07-30,2021-07-30
s366,2021-07-30,2021-07-30
s367,2021-07-30,2021-07-30
s368,2021-07-30,2021-07-30
s369,2021-07-30,2021-07-30
s370,2021-07-30,2021-07-30
s371,2021-07-30,2021-07-30
s372,2021-07-30,2021-07-30
s373,2021-07-30,2021-07-30
s374,2021-07-30,2021-07-30
s375,2021-07-29,2021-07-29
s376,2021-07-29,2021-07-29
s377,2021-07-29,2021-07-29
s378,2021-07-28,2021-07-28
s379,2021-07-28,2021-07-28
s380,2021-07-28,2021-07-28
s381,2021-07-28,2021-07-28
s382,2021-07-28,2021-07-28
s383,2021-07-27,2021-07-27
s384,2021-07-27,2021-07-27
s385,2021-07-27,2021-07-27
s386,2021-07-27,2021-07-27
s387,2021-07-27,2021-07-27
s388,2021-07-27,2021-07-27
s389,2021-07-27,2021-07-27
s390,2021-07-27,2021-07-27
s391,2021-07-26,2021-07-26
s392,2021-07-26,2021-07-26
s393,2021-07-24,2021-07-24
s394,2021-07-23,2021-07-23
s395,2021-07-23,2021-07-23
s396,2021-07-23,2021-07-23
s397,2021-07-23,2021-07-23
s398,2021-07-23,2021-07-23
s399,2021-07-23,2021-07-23
s400,2021-07-23,2021-07-23
s401,2021-07-23,2021-07-23
s402,2021-07-23,2021-07-23
s403,2021-07-23,2021-07-23
s404,2021-07-23,2021-07-23
s405,2021-07-22,2021-07-22
s406,2021-07-22,2021-07-22
s407,2021-07-22,2021-07-22
s408,2021-07-22,2021-07-22
s409,2021-07-22,2021-07-22
s410,2021-07-22,2021-07-22
s411,2021-07-22,2021-07-22
s412,2021-07-22,2021-07-22
s413,2021-07-22,2021-07-22
s414,2021-07-22,2021-07-22
s415,2021-07-22,2021-07-22
s416,2021-07-22,2021-07-22
s417,2021-07-22,2021-07-22
s418,2021-07-22,2021-07-22
s419,2021-07-22,2021-07-22
s420,2021-07-22,2021-07-22
s421,2021-07-22,2021-07-22
s422,2021-07-22,2021-07-22
s423,2021-07-22,2021-07-22
s424,2021-07-22,2021-07-22
s425,2021-07-22,2021-07-22
s426,2021-07-22,2021-07-22
s427,2021-07-22,2021-07-22
s428,2021-07-22,2021-07-22
s429,2021-07-22,2021-07-22
s430,2021-07-21,2021-07-21
s431,2021-07-21,2021-07-21
s432,2021-07-21,2021-07-21
s433,2021-07-21,2021-07-21
s434,2021-07-20,2021-07-20
s435,2021-07-20,2021-07-20
s436,2021-07-20,2021-07-20
s437,2021-07-19,2021-07-19
s438,2021-07-17,2021-07-17
s439,2021-07-16,2021-07-16
s440,2021-07-16,2021-07-16
s441,2021-07-16,2021-07-16
s442,2021-07-16,2021-07-16
s443,2021-07-16,2021-07-16
s444,2021-07-16,2021-07-16
s445,2021-07-16,2021-07-16
s446,2021-07-16,2021-07-16
s447,2021-07-16,2021-07-16
s448,2021-07-16,2021-07-16
s449,2021-07-16,2021-07-16
s450,2021-07-16,2021-07-16
s451,2021-07-16,2021-07-16
s452,2021-07-16,2021-07-16
s453,2021-07-15,2021-07-15
s454,2021-07-15,2021-07-15
s455,2021-07-15,2021-07-15
s456,2021-07-15,2021-07-15
s457,2021-07-15,2021-07-15
s458,2021-07-15,2021-07-15
s459,2021-07-15,2021-07-15
s460,2021-07-15,2021-07-15
s461,2021-07-15,2021-07-15
s462,2021-07-15,2021-07-15
s463,2021-07-15,2021-07-15
s464,2021-07-14,2021-07-14
s465,2021-07-14,2021-07-14
s466,2021-07-14,2021-07-14
s467,2021-07-14,2021-07-14
s468,2021-07-14,2021-07-14
s469,2021-07-14,2021-07-14
s470,2021-07-13,2021-07-13
s471,2021-07-13,2021-07-13
s472,2021-07-13,2021-07-13
s473,2021-07-13,2021-07-13
s474,2021-07-12,2021-07-12
s475,2021-07-10,2021-07-10
s476,2021-07-10,2021-07-10
s477,2021-07-10,2021-07-10
s478,2021-07-09,2021-07-09
s479,2021-07-09,2021-07-09
s480,2021-07-09,2021-07-09
s481,2021-07-09,2021-07-09
s482,2021-07-09,2021-07-09
s483,2021-07-09,2021-07-09
s484,2021-07-09,2021-07-09
s485,2021-07-09,2021-07-09
s486,2021-07-09,2021-07-09
s487,2021-07-09,2021-07-09
s488,2021-07-09,2021-07-09
s489,2021-07-09,2021-07-09
s490,2021-07-08,2021-07-08
s491,2021-07-08,2021-07-08
s492,2021-07-08,2021-07-08
s493,2021-07-08,2021-07-08
s494,2021-07-08,2021-07-08
s495,2021-07-08,2021-07-08
s496,2021-07-07,2021-07-07
s497,2021-07-07,2021-07-07
s498,2021-07-07,2021-07-07
s499,2021-07-07,2021-07-07
s500,2021-07-07,2021-07-07
s501,2021-07-07,2021-07-07
s502,2021-07-07,2021-07-07
s503,2021-07-07,2021-07-07
s504,2021-07-07,2021-07-07
s505,2021-07-07,2021-07-07
s506,2021-07-07,2021-07-07
s507,2021-07-07,2021-07-07
s508,2021-07-07,2021-07-07
s509,2021-07-06,2021-07-06
s510,2021-07-06,2021-07-06
s511,2021-07-06,2021-07-06
s512,2021-07-06,2021-07-06
s513,2021-07-06,2021-07-06
s514,2021-07-06,2021-07-06
s515,2021-07-06,2021-07-06
s516,2021-07-06,2021-07-06
s517,2021-07-06,2021-07-06
s518,2021-07-06,2021-07-06
s519,2021-07-06,2021-07-06
s520,2021-07-06,2021-07-06
s521,2021-07-06,2021-07-06
s522,2021-07-06,2021-07-06
s523,2021-07-06,2021-07-06
s524,2021-07-06,2021-07-06
s525,2021-07-06,2021-07-06
s526,2021-07-06,2021-07-06
s527,2021-07-06,2021-07-06
s528,2021-07-06,2021-07-06
s529,2021-07-06,2021-07-06
s530,2021-07-06,2021-07-06
s531,2021-07-06,2021-07-06
s532,2021-07-06,2021-07-06
s533,2021-07-06,2021-07-06
s534,2021-07-06,2021-07-06
s535,2021-07-06,2021-07-06
s536,2021-07-06,2021-07-06
s537,2021-07-06,2021-07-06
s538,2021-07-06,2021-07-06
s539,2021-07-06,2021-07-06
s540,2021-07-06,2021-07-06
s541,2021-07-06,2021-07-06
s542,2021-07-06,2021-07-06
s543,2021-07-06,2021-07-06
s544,2021-07-06,2021-07-06
s545,2021-07-06,2021-07-06
s546,2021-07-06,2021-07-06
s547,2021-07-06,2021-07-06
s548,2021-07-04,2021-07-04
s549,2021-07-03,2021-07-03
s550,2021-07-02,2021-07-02
s551,2021-07-02,2021-07-02
s552,2021-07-02,2021-07-02
s553,2021-07-02,2021-07-02
s554,2021-07-02,2021-07-02
s555,2021-07-02,2021-07-02
s556,2021-07-02,2021-07-02
s557,2021-07-02,2021-07-02
s558,2021-07-02,2021-07-02
s559,2021-07-01,2021-07-01
s560,2021-07-01,2021-07-01
s561,2021-07-01,2021-07-01
s562,2021-07-01,2021-07-01
s563,2021-07-01,2021-07-01
s564,2021-07-01,2021-07-01
s565,2021-07-01,2021-07-01
s566,2021-07-01,2021-07-01
s567,2021-07-01,2021-07-01
s568,2021-07-01,2021-07-01
s569,2021-07-01,2021-07-01
s570,2021-07-01,2021-07-01
s571,2021-07-01,2021-07-01
s572,2021-07-01,2021-07-01
s573,2021-07-01,2021-07-01
s574,2021-07-01,2021-07-01
s575,2021-07-01,2021-07-01
s576,2021-07-01,2021-07-01
s577,2021-07-01,2021-07-01
s578,2021-07-01,2021-07-01
s579,2021-07-01,2021-07-01
s580,2021-07-01,2021-07-01
s581,2021-07-01,2021-07-01
s582,2021-07-01,2021-07-01
s583,2021-07-01,2021-07-01
s584,2021-07-01,2021-07-01
s585,2021-07-01,2021-07-01
s586,2021-07-01,2021-07-01
s587,2021-07-01,2021-07-01
s588,2021-07-01,2021-07-01
s589,2021-07-01,2021-07-01
s590,2021-07-01,2021-07-01
s591,2021-07-01,2021-07-01
s592,2021-07-01,2021-07-01
s593,2021-07-01,2021-07-01
s594,2021-07-01,2021-07-01
s595,2021-07-01,2021-07-01
s596,2021-07-01,2021-07-01
s597,2021-07-01,2021-07-01
s598,2021-07-01,2021-07-01
s599,2021-07-01,2021-07-01
s600,2021-07-01,2021-07-01
s601,2021-07-01,2021-07-01
s602,2021-07-01,2021-07-01
s603,2021-07-01,2021-07-01
s604,2021-07-01,2021-07-01
s605,2021-07-01,2021-07-01
s606,2021-07-01,2021-07-01
s607,2021-07-01,2021-07-01
s608,2021-07-01,2021-07-01
s609,2021-07-01,2021-07-01
s610,2021-07-01,2021-07-01
s611,2021-07-01,2021-07-01
s612,2021-07-01,2021-07-01
s613,2021-07-01,2021-07-01
s614,2021-07-01,2021-07-01
s615,2021-07-01,2021-07-01
s616,2021-07-01,2021-07-01
s617,2021-07-01,2021-07-01
s618,2021-07-01,2021-07-01
s619,2021-06-30,2021-06-30
s620,2021-06-30,2021-06-30
s621,2021-06-30,2021-06-30
s622,2021-06-30,2021-06-30
s623,2021-06-30,2021-06-30
s624,2021-06-30,2021-06-30
s625,2021-06-30,2021-06-30
s626,2021-06-30,2021-06-30
s627,2021-06-30,2021-06-30
s628,2021-06-30,2021-06-30
s629,2021-06-29,2021-06-29
s630,2021-06-28,2021-06-28
s631,2021-06-28,2021-06-28
s632,2021-06-28,2021-06-28
s633,2021-06-28,2021-06-28
s634,2021-06-26,2021-06-26
s635,2021-06-26,2021-06-26
s636,2021-06-25,2021-06-25
s637,2021-06-25,2021-06-25
s638,2021-06-25,2021-06-25
s639,2021-06-25,2021-06-25
s640,2021-06-24,2021-06-24
s641,2021-06-24,2021-06-24
s642,2021-06-24,2021-06-24
s643,2021-06-24,2021-06-24
s644,2021-06-24,2021-06-24
s645,2021-06-23,2021-06-23
s646,2021-06-23,2021-06-23
s647,2021-06-23,2021-06-23
s648,2021-06-23,2021-06-23
s649,2021-06-23,2021-06-23
s650,2021-06-22,2021-06-22
s651,2021-06-22,2021-06-22
s652,2021-06-22,2021-06-22
s653,2021-06-22,2021-06-22
s654,2021-06-22,2021-06-22
s655,2021-06-21,2021-06-21
s656,2021-06-21,2021-06-21
s657,2021-06-21,2021-06-21
s658,2021-06-21,2021-06-21
s659,2021-06-20,2021-06-20
s660,2021-06-19,2021-06-19
s661,2021-06-19,2021-06-19
s662,2021-06-19,2021-06-19
s663,2021-06-19,2021-06-19
s664,2021-06-19,2021-06-19
s665,2021-06-19,2021-06-19
s666,2021-06-19,2021-06-19
s667,2021-06-19,2021-06-19
s668,2021-06-19,2021-06-19
s669,2021-06-19,2021-06-19
s670,2021-06-19,2021-06-19
s671,2021-06-19,2021-06-19
s672,2021-06-19,2021-06-19
s673,2021-06-19,2021-06-19
s674,2021-06-19,2021-06-19
s675,2021-06-19,2021-06-19
s676,2021-06-19,2021-06-19
s677,2021-06-19,2021-06-19
s678,2021-06-19,2021-06-19
s679,2021-06-19,2021-06-19
s680,2021-06-19,2021-06-19
s681,2021-06-19,2021-06-19
s682,2021-06-19,2021-06-19
s683,2021-06-19,2021-06-19
s684,2021-06-18,2021-06-18
s685,2021-06-18,2021-06-18
s686,2021-06-18,2021-06-18
s687,2021-06-18,2021-06-18
s688,2021-06-18,2021-06-18
s689,2021-06-18,2021-06-18
s690,2021-06-18,2021-06-18
s691,2021-06-18,2021-06-18
s692,2021-06-18,2021-06-18
s693,2021-06-18,2021-06-18
s694,2021-06-17,2021-06-17
s695,2021-06-17,2021-06-17
s696,2021-06-17,2021-06-17
s697,2021-06-17,2021-06-17
s698,2021-06-17,2021-06-17
s699,2021-06-17,2021-06-17
s700,2021-06-17,2021-06-17
s701,2021-06-17,2021-06-17
s702,2021-06-17,2021-06-17
s703,2021-06-17,2021-06-17
s704,2021-06-17,2021-06-17
s705,2021-06-16,2021-06-16
s706,2021-06-16,2021-06-16
s707,2021-06-16,2021-06-16
s708,2021-06-16,2021-06-16
s709,2021-06-16,2021-06-16
s710,2021-06-16,2021-06-16
s711,2021-06-16,2021-06-16
s712,2021-06-16,2021-06-16
s713,2021-06-16,2021-06-16
s714,2021-06-15,2021-06-15
s715,2021-06-15,2021-06-15
s716,2021-06-15,2021-06-15
s717,2021-06-15,2021-06-15
s718,2021-06-15,2021-06-15
s719,2021-06-15,2021-06-15
s720,2021-06-15,2021-06-15
s721,2021-06-15,2021-06-15
s722,2021-06-15,2021-06-15
s723,2021-06-15,2021-06-15
s724,2021-06-15,2021-06-15
s725,2021-06-15,2021-06-15
s726,2021-06-14,2021-06-14
s727,2021-06-13,2021-06-13
s728,2021-06-13,2021-06-13
s729,2021-06-13,2021-06-13
s730,2021-06-12,2021-06-12
s731,2021-06-12,2021-06-12
s732,2021-06-12,2021-06-12
s733,2021-06-12,2021-06-12
s734,2021-06-11,2021-06-11
s735,2021-06-11,2021-06-11
s736,2021-06-11,2021-06-11
s737,2021-06-11,2021-06-11
s738,2021-06-11,2021-06-11
s739,2021-06-11,2021-06-11
s740,2021-06-11,2021-06-11
s741,2021-06-10,2021-06-10
s742,2021-06-10,2021-06-10
s743,2021-06-10,2021-06-10
s744,2021-06-10,2021-06-10
s745,2021-06-10,2021-06-10
s746,2021-06-10,2021-06-10
s747,2021-06-09,2021-06-09
s748,2021-06-09,2021-06-09
s749,2021-06-09,2021-06-09
s750,2021-06-09,2021-06-09
s751,2021-06-09,2021-06-09
s752,2021-06-08,2021-06-08
s753,2021-06-07,2021-06-07
s754,2021-06-06,2021-06-06
s755,2021-06-05,2021-06-05
s756,2021-06-05,2021-06-05
s757,2021-06-05,2021-06-05
s758,2021-06-04,2021-06-04
s759,2021-06-04,2021-06-04
s760,2021-06-04,2021-06-04
s761,2021-06-04,2021-06-04
s762,2021-06-04,2021-06-04
s763,2021-06-04,2021-06-04
s764,2021-06-04,2021-06-04
s765,2021-06-04,2021-06-04
s766,2021-06-04,2021-06-04
s767,2021-06-03,2021-06-03
s768,2021-06-03,2021-06-03
s769,2021-06-03,2021-06-03
s770,2021-06-03,2021-06-03
s771,2021-06-03,2021-06-03
s772,2021-06-03,2021-06-03
s773,2021-06-03,2021-06-03
s774,2021-06-03,2021-06-03
s775,2021-06-02,2021-06-02
s776,2021-06-02,2021-06-02
s777,2021-06-02,2021-06-02
s778,2021-06-02,2021-06-02
s779,2021-06-02,2021-06-02
s780,2021-06-02,2021-06-02
s781,2021-06-02,2021-06-02
s782,2021-06-02,2021-06-02
s783,2021-06-02,2021-06-02
s784,2021-06-02,2021-06-02
s785,2021-06-02,2021-06-02
s786,2021-06-02,2021-06-02
s787,2021-06-02,2021-06-02
s788,2021-06-02,2021-06-02
s789,2021-06-02,2021-06-02
s790,2021-06-02,2021-06-02
s791,2021-06-02,2021-06-02
s792,2021-06-02,2021-06-02
s793,2021-06-02,2021-06-02
s794,2021-06-02,2021-06-02
s795,2021-06-02,2021-06-02
s796,2021-06-02,2021-06-02
s797,2021-06-02,2021-06-02
s798,2021-06-02,2021-06-02
s799,2021-06-02,2021-06-02
s800,2021-06-02,2021-06-02
s801,2021-06-02,2021-06-02
s802,2021-06-02,2021-06-02
s803,2021-06-02,2021-06-02
s804,2021-06-02,2021-06-02
s805,2021-06-02,2021-06-02
s806,2021-06-02,2021-06-02
s807,2021-06-02,2021-06-02
s808,2021-06-02,2021-06-02
s809,2021-06-02,2021-06-02
s810,2021-06-02,2021-06-02
s811,2021-06-02,2021-06-02
s812,2021-06-02,2021-06-02
s813,2021-06-02,2021-06-02
s814,2021-06-02,2021-06-02
s815,2021-06-02,2021-06-02
s816,2021-06-02,2021-06-02
s817,2021-06-02,2021-06-02
s818,2021-06-02,2021-06-02
s819,2021-06-02,2021-06-02
s820,2021-06-02,2021-06-02
s821,2021-06-02,2021-06-02
s822,2021-06-02,2021-06-02
s823,2021-06-02,2021-06-02
s824,2021-06-02,2021-06-02
s825,2021-06-02,2021-06-02
s826,2021-05-31,2021-05-31
s827,2021-05-30,2021-05-30
s828,2021-05-29,2021-05-29
s829,2021-05-28,2021-05-28
s830,2021-05-28,2021-05-28
s831,2021-05-28,2021-05-28
s832,2021-05-28,2021-05-28
s833,2021-05-28,2021-05-28
s834,2021-05-27,2021-05-27
s835,2021-05-27,2021-05-27
s836,2021-05-27,2021-05-27
s837,2021-05-27,2021-05-27
s838,2021-05-27,2021-05-27
s839,2021-05-27,2021-05-27
s840,2021-05-27,2021-05-27
s841,2021-05-26,2021-05-26
s842,2021-05-26,2021-05-26
s843,2021-05-26,2021-05-26
s844,2021-05-26,2021-05-26
s845,2021-05-26,2021-05-26
s846,2021-05-25,2021-05-25
s847,2021-05-25,2021-05-25
s848,2021-05-24,2021-05-24
s849,2021-05-23,2021-05-23
s850,2021-05-22,2021-05-22
s851,2021-05-21,2021-05-21
s852,2021-05-21,2021-05-21
s853,2021-05-21,2021-05-21
s854,2021-05-21,2021-05-21
s855,2021-05-21,2021-05-21
s856,2021-05-21,2021-05-21
s857,2021-05-21,2021-05-21
s858,2021-05-21,2021-05-21
s859,2021-05-20,2021-05-20
s860,2021-05-20,2021-05-20
s861,2021-05-20,2021-05-20
s862,2021-05-20,2021-05-20
s863,2021-05-20,2021-05-20
s864,2021-05-20,2021-05-20
s865,2021-05-20,2021-05-20
s866,2021-05-19,2021-05-19
s867,2021-05-19,2021-05-19
s868,2021-05-19,2021-05-19
s869,2021-05-19,2021-05-19
s870,2021-05-19,2021-05-19
s871,2021-05-18,2021-05-18
s872,2021-05-18,2021-05-18
s873,2021-05-16,2021-05-16
s874,2021-05-15,2021-05-15
s875,2021-05-15,2021-05-15
s876,2021-05-15,2021-05-15
s877,2021-05-14,2021-05-14
s878,2021-05-14,2021-05-14
s879,2021-05-14,2021-05-14
s880,2021-05-14,2021-05-14
s881,2021-05-14,2021-05-14
s882,2021-05-14,2021-05-14
s883,2021-05-14,2021-05-14
s884,2021-05-14,2021-05-14
s885,2021-05-14,2021-05-14
s886,2021-05-14,2021-05-14
s887,2021-05-14,2021-05-14
s888,2021-05-14,2021-05-14
s889,2021-05-14,2021-05-14
s890,2021-05-14,2021-05-14
s891,2021-05-13,2021-05-13
s892,2021-05-13,2021-05-13
s893,2021-05-13,2021-05-13
s894,2021-05-13,2021-05-13
s895,2021-05-12,2021-05-12
s896,2021-05-12,2021-05-12
s897,2021-05-12,2021-05-12
s898,2021-05-12,2021-05-12
s899,2021-05-11,2021-05-11
s900,2021-05-11,2021-05-11
s901,2021-05-11,2021-05-11
s902,2021-05-10,2021-05-10
s903,2021-05-09,2021-05-09
s904,2021-05-09,2021-05-09
s905,2021-05-08,2021-05-08
s906,2021-05-08,2021-05-08
s907,2021-05-07,2021-05-07
s908,2021-05-07,2021-05-07
s909,2021-05-07,2021-05-07
s910,2021-05-07,2021-05-07
s911,2021-05-07,2021-05-07
s912,2021-05-07,2021-05-07
s913,2021-05-07,2021-05-07
s914,2021-05-07,2021-05-07
s915,2021-05-07,2021-05-07
s916,2021-05-06,2021-05-06
s917,2021-05-06,2021-05-06
s918,2021-05-05,2021-05-05
s919,2021-05-05,2021-05-05
s920,2021-05-05,2021-05-05
s921,2021-05-04,2021-05-04
s922,2021-05-04,2021-05-04
s923,2021-05-04,2021-05-04
s924,2021-05-04,2021-05-04
s925,2021-05-01,2021-05-01
s926,2021-05-01,2021-05-01
s927,2021-05-01,2021-05-01
s928,2021-05-01,2021-05-01
s929,2021-05-01,2021-05-01
s930,2021-05-01,2021-05-01
s931,2021-05-01,2021-05-01
s932,2021-05-01,2021-05-01
s933,2021-05-01,2021-05-01
s934,2021-05-01,2021-05-01
s935,2021-05-01,2021-05-01
s936,2021-05-01,2021-05-01
s937,2021-05-01,2021-05-01
s938,2021-05-01,2021-05-01
s939,2021-05-01,2021-05-01
s940,2021-05-01,2021-05-01
s941,2021-05-01,2021-05-01
s942,2021-05-01,2021-05-01
s943,2021-05-01,2021-05-01
s944,2021-05-01,2021-05-01
s945,2021-05-01,2021-05-01
s946,2021-05-01,2021-05-01
s947,2021-05-01,2021-05-01
s948,2021-05-01,2021-05-01
s949,2021-05-01,2021-05-01
s950,2021-05-01,2021-05-01
s951,2021-05-01,2021-05-01
s952,2021-05-01,2021-05-01
s953,2021-05-01,2021-05-01
s954,2021-05-01,2021-05-01
s955,2021-05-01,2021-05-01
s956,2021-05-01,2021-05-01
s957,2021-05-01,2021-05-01
s958,2021-04-30,2021-04-30
s959,2021-04-30,2021-04-30
s960,2021-04-30,2021-04-30
s961,2021-04-30,2021-04-30
s962,2021-04-30,2021-04-30
s963,2021-04-30,2021-04-30
s964,2021-04-30,2021-04-30
s965,2021-04-29,2021-04-29
s966,2021-04-29,2021-04-29
s967,2021-04-28,2021-04-28
s968,2021-04-28,2021-04-28
s969,2021-04-28,2021-04-28
s970,2021-04-27,2021-04-27
s971,2021-04-27,2021-04-27
s972,2021-04-27,2021-04-27
s973,2021-04-27,2021-04-27
s974,2021-04-27,2021-04-27
s975,2021-04-24,2021-04-24
s976,2021-04-24,2021-04-24
s977,2021-04-23,2021-04-23
s978,2021-04-23,2021-04-23
s979,2021-04-23,2021-04-23
s980,2021-04-23,2021-04-23
s981,2021-04-23,2021-04-23
s982,2021-04-23,2021-04-23
s983,2021-04-23,2021-04-23
s984,2021-04-23,2021-04-23
s985,2021-04-23,2021-04-23
s986,2021-04-23,2021-04-23
s987,2021-04-23,2021-04-23
s988,2021-04-23,2021-04-23
s989,2021-04-23,2021-04-23
s990,2021-04-23,2021-04-23
s991,2021-04-23,2021-04-23
s992,2021-04-23,2021-04-23
s993,2021-04-23,2021-04-23
s994,2021-04-23,2021-04-23
s995,2021-04-23,2021-04-23
s996,2021-04-23,2021-04-23
s997,2021-04-22,2021-04-22
s998,2021-04-22,2021-04-22
s999,2021-04-22,2021-04-22
s1000,2021-04-22,2021-04-22
s1001,2021-04-22,2021-04-22
s1002,2021-04-21,2021-04-21
s1003,2021-04-21,2021-04-21
s1004,2021-04-21,2021-04-21
s1005,2021-04-20,2021-04-20
s1006,2021-04-20,2021-04-20
s1007,2021-04-20,2021-04-20
s1008,2021-04-20,2021-04-20
s1009,2021-04-20,2021-04-20
s1010,2021-04-20,2021-04-20
s1011,2021-04-20,2021-04-20
s1012,2021-04-19,2021-04-19
s1013,2021-04-19,2021-04-19
s1014,2021-04-19,2021-04-19
s1015,2021-04-19,2021-04-19
s1016,2021-04-17,2021-04-17
s1017,2021-04-17,2021-04-17
s1018,2021-04-17,2021-04-17
s1019,2021-04-17,2021-04-17
s1020,2021-04-17,2021-04-17
s1021,2021-04-17,2021-04-17
s1022,2021-04-17,2021-04-17
s1023,2021-04-17,2021-04-17
s1024,2021-04-16,2021-04-16
s1025,2021-04-16,2021-04-16
s1026,2021-04-16,2021-04-16
s1027,2021-04-16,2021-04-16
s1028,2021-04-16,2021-04-16
s1029,2021-04-16,2021-04-16
s1030,2021-04-16,2021-04-16
s1031,2021-04-16,2021-04-16
s1032,2021-04-16,2021-04-16
s1033,2021-04-16,2021-04-16
s1034,2021-04-16,2021-04-16
s1035,2021-04-16,2021-04-16
s1036,2021-04-16,2021-04-16
s1037,2021-04-16,2021-04-16
s1038,2021-04-16,2021-04-16
s1039,2021-04-15,2021-04-15
s1040,2021-04-15,2021-04-15
s1041,2021-04-15,2021-04-15
s1042,2021-04-15,2021-04-15
s1043,2021-04-15,2021-04-15
s1044,2021-04-15,2021-04-15
s1045,2021-04-15,2021-04-15
s1046,2021-04-15,2021-04-15
s1047,2021-04-15,2021-04-15
s1048,2021-04-15,2021-04-15
s1049,2021-04-15,2021-04-15
s1050,2021-04-15,2021-04-15
s1051,2021-04-15,2021-04-15
s1052,2021-04-15,2021-04-15
s1053,2021-04-15,2021-04-15
s1054,2021-04-15,2021-04-15
s1055,2021-04-15,2021-04-15
s1056,2021-04-15,2021-04-15
s1057,2021-04-14,2021-04-14
s1058,2021-04-14,2021-04-14
s1059,2021-04-14,2021-04-14
s1060,2021-04-14,2021-04-14
s1061,2021-04-14,2021-04-14
s1062,2021-04-14,2021-04-14
s1063,2021-04-14,2021-04-14
s1064,2021-04-14,2021-04-14
s1065,2021-04-14,2021-04-14
s1066,2021-04-14,2021-04-14
s1067,2021-04-14,2021-04-14
s1068,2021-04-14,2021-04-14
s1069,2021-04-14,2021-04-14
s1070,2021-04-14,2021-04-14
s1071,2021-04-14,2021-04-14
s1072,2021-04-13,2021-04-13
s1073,2021-04-13,2021-04-13
s1074,2021-04-13,2021-04-13
s1075,2021-04-13,2021-04-13
s1076,2021-04-13,2021-04-13
s1077,2021-04-13,2021-04-13
s1078,2021-04-13,2021-04-13
s1079,2021-04-13,2021-04-13
s1080,2021-04-13,2021-04-13
s1081,2021-04-12,2021-04-12
s1082,2021-04-12,2021-04-12
s1083,2021-04-11,2021-04-11
s1084,2021-04-10,2021-04-10
s1085,2021-04-09,2021-04-09
s1086,2021-04-09,2021-04-09
s1087,2021-04-09,2021-04-09
s1088,2021-04-09,2021-04-09
s1089,2021-04-09,2021-04-09
s1090,2021-04-09,2021-04-09
s1091,2021-04-08,2021-04-08
s1092,2021-04-08,2021-04-08
s1093,2021-04-07,2021-04-07
s1094,2021-04-07,2021-04-07
s1095,2021-04-07,2021-04-07
s1096,2021-04-07,2021-04-07
s1097,2021-04-06,2021-04-06
s1098,2021-04-05,2021-04-05
s1099,2021-04-05,2021-04-05
s1100,2021-04-04,2021-04-04
s1101,2021-04-04,2021-04-04
s1102,2021-04-03,2021-04-03
s1103,2021-04-02,2021-04-02
s1104,2021-04-02,2021-04-02
s1105,2021-04-02,2021-04-02
s1106,2021-04-02,2021-04-02
s1107,2021-04-02,2021-04-02
s1108,2021-04-02,2021-04-02
s1109,2021-04-02,2021-04-02
s1110,2021-04-02,2021-04-02
s1111,2021-04-02,2021-04-02
s1112,2021-04-02,2021-04-02
s1113,2021-04-02,2021-04-02
s1114,2021-04-01,2021-04-01
s1115,2021-04-01,2021-04-01
s1116,2021-04-01,2021-04-01
s1117,2021-04-01,2021-04-01
s1118,2021-04-01,2021-04-01
s1119,2021-04-01,2021-04-01
s1120,2021-04-01,2021-04-01
s1121,2021-04-01,2021-04-01
s1122,2021-04-01,2021-04-01
s1123,2021-04-01,2021-04-01
s1124,2021-04-01,2021-04-01
s1125,2021-04-01,2021-04-01
s1126,2021-04-01,2021-04-01
s1127,2021-04-01,2021-04-01
s1128,2021-04-01,2021-04-01
s1129,2021-04-01,2021-04-01
s1130,2021-04-01,2021-04-01
s1131,2021-04-01,2021-04-01
s1132,2021-04-01,2021-04-01
s1133,2021-04-01,2021-04-01
s1134,2021-04-01,2021-04-01
s1135,2021-04-01,2021-04-01
s1136,2021-04-01,2021-04-01
s1137,2021-04-01,2021-04-01
s1138,2021-04-01,2021-04-01
s1139,2021-04-01,2021-04-01
s1140,2021-04-01,2021-04-01
s1141,2021-04-01,2021-04-01
s1142,2021-04-01,2021-04-01
s1143,2021-04-01,2021-04-01
s1144,2021-04-01,2021-04-01
s1145,2021-04-01,2021-04-01
s1146,2021-03-31,2021-03-31
s1147,2021-03-31,2021-03-31
s1148,2021-03-31,2021-03-31
s1149,2021-03-31,2021-03-31
s1150,2021-03-31,2021-03-31
s1151,2021-03-30,2021-03-30
s1152,2021-03-30,2021-03-30
s1153,2021-03-30,2021-03-30
s1154,2021-03-29,2021-03-29
s1155,2021-03-28,2021-03-28
s1156,2021-03-28,2021-03-28
s1157,2021-03-26,2021-03-26
s1158,2021-03-26,2021-03-26
s1159,2021-03-26,2021-03-26
s1160,2021-03-26,2021-03-26
s1161,2021-03-26,2021-03-26
s1162,2021-03-26,2021-03-26
s1163,2021-03-26,2021-03-26
s1164,2021-03-26,2021-03-26
s1165,2021-03-26,2021-03-26
s1166,2021-03-26,2021-03-26
s1167,2021-03-26,2021-03-26
s1168,2021-03-25,2021-03-25
s1169,2021-03-25,2021-03-25
s1170,2021-03-25,2021-03-25
s1171,2021-03-25,2021-03-25
s1172,2021-03-24,2021-03-24
s1173,2021-03-23,2021-03-23
s1174,2021-03-23,2021-03-23
s1175,2021-03-23,2021-03-23
s1176,2021-03-22,2021-03-22
s1177,2021-03-20,2021-03-20
s1178,2021-03-20,2021-03-20
s1179,2021-03-20,2021-03-20
s1180,2021-03-20,2021-03-20
s1181,2021-03-19,2021-03-19
s1182,2021-03-19,2021-03-19
s1183,2021-03-19,2021-03-19
s1184,2021-03-19,2021-03-19
s1185,2021-03-19,2021-03-19
s1186,2021-03-19,2021-03-19
s1187,2021-03-18,2021-03-18
s1188,2021-03-18,2021-03-18
s1189,2021-03-18,2021-03-18
s1190,2021-03-18,2021-03-18
s1191,2021-03-18,2021-03-18
s1192,2021-03-18,2021-03-18
s1193,2021-03-18,2021-03-18
s1194,2021-03-18,2021-03-18
s1195,2021-03-17,2021-03-17
s1196,2021-03-17,2021-03-17
s1197,2021-03-17,2021-03-17
s1198,2021-03-16,2021-03-16
s1199,2021-03-16,2021-03-16
s1200,2021-03-16,2021-03-16
s1201,2021-03-16,2021-03-16
s1202,2021-03-15,2021-03-15
s1203,2021-03-15,2021-03-15
s1204,2021-03-15,2021-03-15
s1205,2021-03-15,2021-03-15
s1206,2021-03-15,2021-03-15
s1207,2021-03-15,2021-03-15
s1208,2021-03-14,2021-03-14
s1209,2021-03-12,2021-03-12
s1210,2021-03-12,2021-03-12
s1211,2021-03-12,2021-03-12
s1212,2021-03-12,2021-03-12
s1213,2021-03-12,2021-03-12
s1214,2021-03-12,2021-03-12
s1215,2021-03-12,2021-03-12
s1216,2021-03-12,2021-03-12
s1217,2021-03-12,2021-03-12
s1218,2021-03-12,2021-03-12
s1219,2021-03-12,2021-03-12
s1220,2021-03-12,2021-03-12
s1221,2021-03-11,2021-03-11
s1222,2021-03-11,2021-03-11
s1223,2021-03-11,2021-03-11
s1224,2021-03-10,2021-03-10
s1225,2021-03-10,2021-03-10
s1226,2021-03-10,2021-03-10
s1227,2021-03-09,2021-03-09
s1228,2021-03-08,2021-03-08
s1229,2021-03-08,2021-03-08
s1230,2021-03-06,2021-03-06
s1231,2021-03-05,2021-03-05
s1232,2021-03-05,2021-03-05
s1233,2021-03-05,2021-03-05
s1234,2021-03-05,2021-03-05
s1235,2021-03-05,2021-03-05
s1236,2021-03-05,2021-03-05
s1237,2021-03-05,2021-03-05
s1238,2021-03-04,2021-03-04
s1239,2021-03-04,2021-03-04
s1240,2021-03-04,2021-03-04
s1241,2021-03-04,2021-03-04
s1242,2021-03-03,2021-03-03
s1243,2021-03-03,2021-03-03
s1244,2021-03-02,2021-03-02
s1245,2021-03-02,2021-03-02
s1246,2021-03-02,2021-03-02
s1247,2021-03-01,2021-03-01
s1248,2021-03-01,2021-03-01
s1249,2021-03-01,2021-03-01
s1250,2021-03-01,2021-03-01
s1251,2021-03-01,2021-03-01
s1252,2021-03-01,2021-03-01
s1253,2021-03-01,2021-03-01
s1254,2021-03-01,2021-03-01
s1255,2021-03-01,2021-03-01
s1256,2021-03-01,2021-03-01
s1257,2021-03-01,2021-03-01
s1258,2021-02-28,2021-02-28
s1259,2021-02-26,2021-02-26
s1260,2021-02-26,2021-02-26
s1261,2021-02-26,2021-02-26
s1262,2021-02-26,2021-02-26
s1263,2021-02-26,2021-02-26
s1264,2021-02-26,2021-02-26
s1265,2021-02-26,2021-02-26
s1266,2021-02-26,2021-02-26
s1267,2021-02-26,2021-02-26
s1268,2021-02-26,2021-02-26
s1269,2021-02-25,2021-02-25
s1270,2021-02-25,2021-02-25
s1271,2021-02-25,2021-02-25
s1272,2021-02-25,2021-02-25
s1273,2021-02-24,2021-02-24
s1274,2021-02-24,2021-02-24
s1275,2021-02-24,2021-02-24
s1276,2021-02-24,2021-02-24
s1277,2021-02-24,2021-02-24
s1278,2021-02-24,2021-02-24
s1279,2021-02-23,2021-02-23
s1280,2021-02-23,2021-02-23
s1281,2021-02-23,2021-02-23
s1282,2021-02-23,2021-02-23
s1283,2021-02-22,2021-02-22
s1284,2021-02-21,2021-02-21
s1285,2021-02-21,2021-02-21
s1286,2021-02-21,2021-02-21
s1287,2021-02-20,2021-02-20
s1288,2021-02-20,2021-02-20
s1289,2021-02-20,2021-02-20
s1290,2021-02-20,2021-02-20
s1291,2021-02-19,2021-02-19
s1292,2021-02-19,2021-02-19
s1293,2021-02-19,2021-02-19
s1294,2021-02-19,2021-02-19
s1295,2021-02-19,2021-02-19
s1296,2021-02-18,2021-02-18
s1297,2021-02-18,2021-02-18
s1298,2021-02-18,2021-02-18
s1299,2021-02-18,2021-02-18
s1300,2021-02-18,2021-02-18
s1301,2021-02-17,2021-02-17
s1302,2021-02-17,2021-02-17
s1303,2021-02-17,2021-02-17
s1304,2021-02-17,2021-02-17
s1305,2021-02-16,2021-02-16
s1306,2021-02-16,2021-02-16
s1307,2021-02-16,2021-02-16
s1308,2021-02-16,2021-02-16
s1309,2021-02-15,2021-02-15
s1310,2021-02-15,2021-02-15
s1311,2021-02-15,2021-02-15
s1312,2021-02-14,2021-02-14
s1313,2021-02-13,2021-02-13
s1314,2021-02-12,2021-02-12
s1315,2021-02-12,2021-02-12
s1316,2021-02-12,2021-02-12
s1317,2021-02-12,2021-02-12
s1318,2021-02-12,2021-02-12
s1319,2021-02-12,2021-02-12
s1320,2021-02-12,2021-02-12
s1321,2021-02-11,2021-02-11
s1322,2021-02-11,2021-02-11
s1323,2021-02-11,2021-02-11
s1324,2021-02-11,2021-02-11
s1325,2021-02-11,2021-02-11
s1326,2021-02-11,2021-02-11
s1327,2021-02-11,2021-02-11
s1328,2021-02-11,2021-02-11
s1329,2021-02-10,2021-02-10
s1330,2021-02-10,2021-02-10
s1331,2021-02-10,2021-02-10
s1332,2021-02-09,2021-02-09
s1333,2021-02-08,2021-02-08
s1334,2021-02-08,2021-02-08
s1335,2021-02-07,2021-02-07
s1336,2021-02-06,2021-02-06
s1337,2021-02-05,2021-02-05
s1338,2021-02-05,2021-02-05
s1339,2021-02-05,2021-02-05
s1340,2021-02-05,2021-02-05
s1341,2021-02-05,2021-02-05
s1342,2021-02-05,2021-02-05
s1343,2021-02-05,2021-02-05
s1344,2021-02-05,2021-02-05
s1345,2021-02-05,2021-02-05
s1346,2021-02-05,2021-02-05
s1347,2021-02-03,2021-02-03
s1348,2021-02-03,2021-02-03
s1349,2021-02-03,2021-02-03
s1350,2021-02-03,2021-02-03
s1351,2021-02-03,2021-02-03
s1352,2021-02-02,2021-02-02
s1353,2021-02-02,2021-02-02
s1354,2021-02-01,2021-02-01
s1355,2021-02-01,2021-02-01
s1356,2021-02-01,2021-02-01
s1357,2021-02-01,2021-02-01
s1358,2021-02-01,2021-02-01
s1359,2021-02-01,2021-02-01
s1360,2021-02-01,2021-02-01
s1361,2021-02-01,2021-02-01
s1362,2021-02-01,2021-02-01
s1363,2021-02-01,2021-02-01
s1364,2021-02-01,2021-02-01
s1365,2021-02-01,2021-02-01
s1366,2021-02-01,2021-02-01
s1367,2021-01-31,2021-01-31
s1368,2021-01-31,2021-01-31
s1369,2021-01-29,2021-01-29
s1370,2021-01-29,2021-01-29
s1371,2021-01-29,2021-01-29
s1372,2021-01-29,2021-01-29
s1373,2021-01-28,2021-01-28
s1374,2021-01-27,2021-01-27
s1375,2021-01-27,2021-01-27
s1376,2021-01-27,2021-01-27
s1377,2021-01-27,2021-01-27
s1378,2021-01-27,2021-01-27
s1379,2021-01-27,2021-01-27
s1380,2021-01-26,2021-01-26
s1381,2021-01-26,2021-01-26
s1382,2021-01-26,2021-01-26
s1383,2021-01-26,2021-01-26
s1384,2021-01-22,2021-01-22
s1385,2021-01-22,2021-01-22
s1386,2021-01-22,2021-01-22
s1387,2021-01-22,2021-01-22
s1388,2021-01-22,2021-01-22
s1389,2021-01-22,2021-01-22
s1390,2021-01-21,2021-01-21
s1391,2021-01-21,2021-01-21
s1392,2021-01-20,2021-01-20
s1393,2021-01-20,2021-01-20
s1394,2021-01-20,2021-01-20
s1395,2021-01-20,2021-01-20
s1396,2021-01-19,2021-01-19
s1397,2021-01-18,2021-01-18
s1398,2021-01-16,2021-01-16
s1399,2021-01-16,2021-01-16
s1400,2021-01-16,2021-01-16
s1401,2021-01-15,2021-01-15
s1402,2021-01-15,2021-01-15
s1403,2021-01-15,2021-01-15
s1404,2021-01-15,2021-01-15
s1405,2021-01-15,2021-01-15
s1406,2021-01-15,2021-01-15
s1407,2021-01-15,2021-01-15
s1408,2021-01-15,2021-01-15
s1409,2021-01-15,2021-01-15
s1410,2021-01-15,2021-01-15
s1411,2021-01-15,2021-01-15
s1412,2021-01-15,2021-01-15
s1413,2021-01-15,2021-01-15
s1414,2021-01-14,2021-01-14
s1415,2021-01-14,2021-01-14
s1416,2021-01-13,2021-01-13
s1417,2021-01-13,2021-01-13
s1418,2021-01-12,2021-01-12
s1419,2021-01-12,2021-01-12
s1420,2021-01-12,2021-01-12
s1421,2021-01-11,2021-01-11
s1422,2021-01-11,2021-01-11
s1423,2021-01-08,2021-01-08
s1424,2021-01-08,2021-01-08
s1425,2021-01-08,2021-01-08
s1426,2021-01-08,2021-01-08
s1427,2021-01-08,2021-01-08
s1428,2021-01-08,2021-01-08
s1429,2021-01-08,2021-01-08
s1430,2021-01-08,2021-01-08
s1431,2021-01-08,2021-01-08
s1432,2021-01-08,2021-01-08
s1433,2021-01-08,2021-01-08
s1434,2021-01-07,2021-01-07
s1435,2021-01-07,2021-01-07
s1436,2021-01-07,2021-01-07
s1437,2021-01-06,2021-01-06
s1438,2021-01-06,2021-01-06
s1439,2021-01-06,2021-01-06
s1440,2021-01-05,2021-01-05
s1441,2021-01-05,2021-01-05
s1442,2021-01-04,2021-01-04
s1443,2021-01-04,2021-01-04
s1444,2021-01-04,2021-01-04
s1445,2021-01-03,2021-01-03
s1446,2021-01-02,2021-01-02
s1447,2021-01-01,2021-01-01
s1448,2021-01-01,2021-01-01
s1449,2021-01-01,2021-01-01
s1450,2021-01-01,2021-01-01
s1451,2021-01-01,2021-01-01
s1452,2021-01-01,2021-01-01
s1453,2021-01-01,2021-01-01
s1454,2021-01-01,2021-01-01
s1455,2021-01-01,2021-01-01
s1456,2021-01-01,2021-01-01
s1457,2021-01-01,2021-01-01
s1458,2021-01-01,2021-01-01
s1459,2021-01-01,2021-01-01
s1460,2021-01-01,2021-01-01
s1461,2021-01-01,2021-01-01
s1462,2021-01-01,2021-01-01
s1463,2021-01-01,2021-01-01
s1464,2021-01-01,2021-01-01
s1465,2021-01-01,2021-01-01
s1466,2021-01-01,2021-01-01
s1467,2021-01-01,2021-01-01
s1468,2021-01-01,2021-01-01
s1469,2021-01-01,2021-01-01
s1470,2021-01-01,2021-01-01
s1471,2020-12-31,2020-12-31
s1472,2020-12-31,2020-12-31
s1473,2020-12-31,2020-12-31
s1474,2020-12-31,2020-12-31
s1475,2020-12-31,2020-12-31
s1476,2020-12-31,2020-12-31
s1477,2020-12-30,2020-12-30
s1478,2020-12-30,2020-12-30
s1479,2020-12-30,2020-12-30
s1480,2020-12-30,2020-12-30
s1481,2020-12-30,2020-12-30
s1482,2020-12-30,2020-12-30
s1483,2020-12-30,2020-12-30
s1484,2020-12-28,2020-12-28
s1485,2020-12-28,2020-12-28
s1486,2020-12-28,2020-12-28
s1487,2020-12-27,2020-12-27
s1488,2020-12-27,2020-12-27
s1489,2020-12-26,2020-12-26
s1490,2020-12-26,2020-12-26
s1491,2020-12-26,2020-12-26
s1492,2020-12-25,2020-12-25
s1493,2020-12-25,2020-12-25
s1494,2020-12-25,2020-12-25
s1495,2020-12-25,2020-12-25
s1496,2020-12-24,2020-12-24
s1497,2020-12-24,2020-12-24
s1498,2020-12-24,2020-12-24
s1499,2020-12-23,2020-12-23
s1500,2020-12-23,2020-12-23
s1501,2020-12-23,2020-12-23
s1502,2020-12-22,2020-12-22
s1503,2020-12-22,2020-12-22
s1504,2020-12-22,2020-12-22
s1505,2020-12-22,2020-12-22
s1506,2020-12-22,2020-12-22
s1507,2020-12-22,2020-12-22
s1508,2020-12-22,2020-12-22
s1509,2020-12-22,2020-12-22
s1510,2020-12-21,2020-12-21
s1511,2020-12-21,2020-12-21
s1512,2020-12-20,2020-12-20
s1513,2020-12-20,2020-12-20
s1514,2020-12-19,2020-12-19
s1515,2020-12-18,2020-12-18
s1516,2020-12-18,2020-12-18
s1517,2020-12-18,2020-12-18
s1518,2020-12-18,2020-12-18
s1519,2020-12-18,2020-12-18
s1520,2020-12-18,2020-12-18
s1521,2020-12-18,2020-12-18
s1522,2020-12-18,2020-12-18
s1523,2020-12-18,2020-12-18
s1524,2020-12-17,2020-12-17
s1525,2020-12-17,2020-12-17
s1526,2020-12-17,2020-12-17
s1527,2020-12-17,2020-12-17
s1528,2020-12-17,2020-12-17
s1529,2020-12-17,2020-12-17
s1530,2020-12-17,2020-12-17
s1531,2020-12-17,2020-12-17
s1532,2020-12-17,2020-12-17
s1533,2020-12-16,2020-12-16
s1534,2020-12-16,2020-12-16
s1535,2020-12-16,2020-12-16
s1536,2020-12-16,2020-12-16
s1537,2020-12-16,2020-12-16
s1538,2020-12-16,2020-12-16
s1539,2020-12-16,2020-12-16
s1540,2020-12-16,2020-12-16
s1541,2020-12-16,2020-12-16
s1542,2020-12-16,2020-12-16
s1543,2020-12-16,2020-12-16
s1544,2020-12-15,2020-12-15
s1545,2020-12-15,2020-12-15
s1546,2020-12-15,2020-12-15
s1547,2020-12-15,2020-12-15
s1548,2020-12-15,2020-12-15
s1549,2020-12-15,2020-12-15
s1550,2020-12-15,2020-12-15
s1551,2020-12-14,2020-12-14
s1552,2020-12-14,2020-12-14
s1553,2020-12-14,2020-12-14
s1554,2020-12-13,2020-12-13
s1555,2020-12-12,2020-12-12
s1556,2020-12-12,2020-12-12
s1557,2020-12-11,2020-12-11
s1558,2020-12-11,2020-12-11
s1559,2020-12-11,2020-12-11
s1560,2020-12-11,2020-12-11
s1561,2020-12-11,2020-12-11
s1562,2020-12-11,2020-12-11
s1563,2020-12-10,2020-12-10
s1564,2020-12-10,2020-12-10
s1565,2020-12-10,2020-12-10
s1566,2020-12-10,2020-12-10
s1567,2020-12-10,2020-12-10
s1568,2020-12-10,2020-12-10
s1569,2020-12-09,2020-12-09
s1570,2020-12-09,2020-12-09
s1571,2020-12-09,2020-12-09
s1572,2020-12-09,2020-12-09
s1573,2020-12-09,2020-12-09
s1574,2020-12-09,2020-12-09
s1575,2020-12-09,2020-12-09
s1576,2020-12-08,2020-12-08
s1577,2020-12-08,2020-12-08
s1578,2020-12-08,2020-12-08
s1579,2020-12-08,2020-12-08
s1580,2020-12-08,2020-12-08
s1581,2020-12-08,2020-12-08
s1582,2020-12-08,2020-12-08
s1583,2020-12-08,2020-12-08
s1584,2020-12-07,2020-12-07
s1585,2020-12-07,2020-12-07
s1586,2020-12-07,2020-12-07
s1587,2020-12-07,2020-12-07
s1588,2020-12-05,2020-12-05
s1589,2020-12-05,2020-12-05
s1590,2020-12-04,2020-12-04
s1591,2020-12-04,2020-12-04
s1592,2020-12-04,2020-12-04
s1593,2020-12-04,2020-12-04
s1594,2020-12-04,2020-12-04
s1595,2020-12-04,2020-12-04
s1596,2020-12-04,2020-12-04
s1597,2020-12-04,2020-12-04
s1598,2020-12-04,2020-12-04
s1599,2020-12-03,2020-12-03
s1600,2020-12-03,2020-12-03
s1601,2020-12-03,2020-12-03
s1602,2020-12-03,2020-12-03
s1603,2020-12-03,2020-12-03
s1604,2020-12-02,2020-12-02
s1605,2020-12-02,2020-12-02
s1606,2020-12-02,2020-12-02
s1607,2020-12-02,2020-12-02
s1608,2020-12-02,2020-12-02
s1609,2020-12-01,2020-12-01
s1610,2020-12-01,2020-12-01
s1611,2020-12-01,2020-12-01
s1612,2020-12-01,2020-12-01
s1613,2020-12-01,2020-12-01
s1614,2020-12-01,2020-12-01
s1615,2020-12-01,2020-12-01
s1616,2020-12-01,2020-12-01
s1617,2020-12-01,2020-12-01
s1618,2020-12-01,2020-12-01
s1619,2020-12-01,2020-12-01
s1620,2020-12-01,2020-12-01
s1621,2020-12-01,2020-12-01
s1622,2020-12-01,2020-12-01
s1623,2020-12-01,2020-12-01
s1624,2020-12-01,2020-12-01
s1625,2020-12-01,2020-12-01
s1626,2020-12-01,2020-12-01
s1627,2020-12-01,2020-12-01
s1628,2020-12-01,2020-12-01
s1629,2020-12-01,2020-12-01
s1630,2020-12-01,2020-12-01
s1631,2020-11-30,2020-11-30
s1632,2020-11-30,2020-11-30
s1633,2020-11-30,2020-11-30
s1634,2020-11-30,2020-11-30
s1635,2020-11-29,2020-11-29
s1636,2020-11-27,2020-11-27
s1637,2020-11-27,2020-11-27
s1638,2020-11-27,2020-11-27
s1639,2020-11-27,2020-11-27
s1640,2020-11-27,2020-11-27
s1641,2020-11-27,2020-11-27
s1642,2020-11-27,2020-11-27
s1643,2020-11-27,2020-11-27
s1644,2020-11-27,2020-11-27
s1645,2020-11-26,2020-11-26
s1646,2020-11-26,2020-11-26
s1647,2020-11-26,2020-11-26
s1648,2020-11-26,2020-11-26
s1649,2020-11-25,2020-11-25
s1650,2020-11-25,2020-11-25
s1651,2020-11-25,2020-11-25
s1652,2020-11-25,2020-11-25
s1653,2020-11-24,2020-11-24
s1654,2020-11-24,2020-11-24
s1655,2020-11-24,2020-11-24
s1656,2020-11-24,2020-11-24
s1657,2020-11-24,2020-11-24
s1658,2020-11-24,2020-11-24
s1659,2020-11-24,2020-11-24
s1660,2020-11-23,2020-11-23
s1661,2020-11-23,2020-11-23
s1662,2020-11-23,2020-11-23
s1663,2020-11-23,2020-11-23
s1664,2020-11-22,2020-11-22
s1665,2020-11-22,2020-11-22
s1666,2020-11-20,2020-11-20
s1667,2020-11-20,2020-11-20
s1668,2020-11-20,2020-11-20
s1669,2020-11-20,2020-11-20
s1670,2020-11-20,2020-11-20
s1671,2020-11-20,2020-11-20
s1672,2020-11-20,2020-11-20
s1673,2020-11-20,2020-11-20
s1674,2020-11-19,2020-11-19
s1675,2020-11-19,2020-11-19
s1676,2020-11-19,2020-11-19
s1677,2020-11-19,2020-11-19
s1678,2020-11-19,2020-11-19
s1679,2020-11-19,2020-11-19
s1680,2020-11-19,2020-11-19
s1681,2020-11-19,2020-11-19
s1682,2020-11-19,2020-11-19
s1683,2020-11-19,2020-11-19
s1684,2020-11-19,2020-11-19
s1685,2020-11-18,2020-11-18
s1686,2020-11-17,2020-11-17
s1687,2020-11-17,2020-11-17
s1688,2020-11-17,2020-11-17
s1689,2020-11-17,2020-11-17
s1690,2020-11-16,2020-11-16
s1691,2020-11-16,2020-11-16
s1692,2020-11-15,2020-11-15
s1693,2020-11-15,2020-11-15
s1694,2020-11-15,2020-11-15
s1695,2020-11-15,2020-11-15
s1696,2020-11-15,2020-11-15
s1697,2020-11-15,2020-11-15
s1698,2020-11-15,2020-11-15
s1699,2020-11-15,2020-11-15
s1700,2020-11-15,2020-11-15
s1701,2020-11-14,2020-11-14
s1702,2020-11-13,2020-11-13
s1703,2020-11-13,2020-11-13
s1704,2020-11-13,2020-11-13
s1705,2020-11-13,2020-11-13
s1706,2020-11-13,2020-11-13
s1707,2020-11-13,2020-11-13
s1708,2020-11-12,2020-11-12
s1709,2020-11-12,2020-11-12
s1710,2020-11-12,2020-11-12
s1711,2020-11-12,2020-11-12
s1712,2020-11-12,2020-11-12
s1713,2020-11-12,2020-11-12
s1714,2020-11-12,2020-11-12
s1715,2020-11-12,2020-11-12
s1716,2020-11-11,2020-11-11
s1717,2020-11-11,2020-11-11
s1718,2020-11-11,2020-11-11
s1719,2020-11-11,2020-11-11
s1720,2020-11-11,2020-11-11
s1721,2020-11-11,2020-11-11
s1722,2020-11-10,2020-11-10
s1723,2020-11-10,2020-11-10
s1724,2020-11-06,2020-11-06
s1725,2020-11-06,2020-11-06
s1726,2020-11-06,2020-11-06
s1727,2020-11-06,2020-11-06
s1728,2020-11-06,2020-11-06
s1729,2020-11-06,2020-11-06
s1730,2020-11-06,2020-11-06
s1731,2020-11-06,2020-11-06
s1732,2020-11-05,2020-11-05
s1733,2020-11-05,2020-11-05
s1734,2020-11-05,2020-11-05
s1735,2020-11-05,2020-11-05
s1736,2020-11-05,2020-11-05
s1737,2020-11-05,2020-11-05
s1738,2020-11-05,2020-11-05
s1739,2020-11-04,2020-11-04
s1740,2020-11-04,2020-11-04
s1741,2020-11-04,2020-11-04
s1742,2020-11-04,2020-11-04
s1743,2020-11-03,2020-11-03
s1744,2020-11-03,2020-11-03
s1745,2020-11-03,2020-11-03
s1746,2020-11-03,2020-11-03
s1747,2020-11-02,2020-11-02
s1748,2020-11-02,2020-11-02
s1749,2020-11-01,2020-11-01
s1750,2020-11-01,2020-11-01
s1751,2020-11-01,2020-11-01
s1752,2020-11-01,2020-11-01
s1753,2020-11-01,2020-11-01
s1754,2020-11-01,2020-11-01
s1755,2020-11-01,2020-11-01
s1756,2020-11-01,2020-11-01
s1757,2020-11-01,2020-11-01
s1758,2020-11-01,2020-11-01
s1759,2020-11-01,2020-11-01
s1760,2020-11-01,2020-11-01
s1761,2020-11-01,2020-11-01
s1762,2020-11-01,2020-11-01
s1763,2020-11-01,2020-11-01
s1764,2020-11-01,2020-11-01
s1765,2020-11-01,2020-11-01
s1766,2020-11-01,2020-11-01
s1767,2020-11-01,2020-11-01
s1768,2020-11-01,2020-11-01
s1769,2020-11-01,2020-11-01
s1770,2020-11-01,2020-11-01
s1771,2020-11-01,2020-11-01
s1772,2020-10-31,2020-10-31
s1773,2020-10-31,2020-10-31
s1774,2020-10-31,2020-10-31
s1775,2020-10-30,2020-10-30
s1776,2020-10-30,2020-10-30
s1777,2020-10-30,2020-10-30
s1778,2020-10-30,2020-10-30
s1779,2020-10-30,2020-10-30
s1780,2020-10-30,2020-10-30
s1781,2020-10-30,2020-10-30
s1782,2020-10-30,2020-10-30
s1783,2020-10-30,2020-10-30
s1784,2020-10-30,2020-10-30
s1785,2020-10-29,2020-10-29
s1786,2020-10-28,2020-10-28
s1787,2020-10-28,2020-10-28
s1788,2020-10-28,2020-10-28
s1789,2020-10-28,2020-10-28
s1790,2020-10-28,2020-10-28
s1791,2020-10-27,2020-10-27
s1792,2020-10-27,2020-10-27
s1793,2020-10-27,2020-10-27
s1794,2020-10-27,2020-10-27
s1795,2020-10-26,2020-10-26
s1796,2020-10-25,2020-10-25
s1797,2020-10-24,2020-10-24
s1798,2020-10-24,2020-10-24
s1799,2020-10-23,2020-10-23
s1800,2020-10-23,2020-10-23
s1801,2020-10-23,2020-10-23
s1802,2020-10-23,2020-10-23
s1803,2020-10-23,2020-10-23
s1804,2020-10-23,2020-10-23
s1805,2020-10-23,2020-10-23
s1806,2020-10-22,2020-10-22
s1807,2020-10-22,2020-10-22
s1808,2020-10-22,2020-10-22
s1809,2020-10-22,2020-10-22
s1810,2020-10-22,2020-10-22
s1811,2020-10-22,2020-10-22
s1812,2020-10-22,2020-10-22
s1813,2020-10-21,2020-10-21
s1814,2020-10-21,2020-10-21
s1815,2020-10-21,2020-10-21
s1816,2020-10-20,2020-10-20
s1817,2020-10-20,2020-10-20
s1818,2020-10-19,2020-10-19
s1819,2020-10-19,2020-10-19
s1820,2020-10-19,2020-10-19
s1821,2020-10-19,2020-10-19
s1822,2020-10-19,2020-10-19
s1823,2020-10-19,2020-10-19
s1824,2020-10-19,2020-10-19
s1825,2020-10-19,2020-10-19
s1826,2020-10-19,2020-10-19
s1827,2020-10-19,2020-10-19
s1828,2020-10-19,2020-10-19
s1829,2020-10-19,2020-10-19
s1830,2020-10-19,2020-10-19
s1831,2020-10-19,2020-10-19
s1832,2020-10-19,2020-10-19
s1833,2020-10-19,2020-10-19
s1834,2020-10-18,2020-10-18
s1835,2020-10-18,2020-10-18
s1836,2020-10-17,2020-10-17
s1837,2020-10-16,2020-10-16
s1838,2020-10-16,2020-10-16
s1839,2020-10-16,2020-10-16
s1840,2020-10-16,2020-10-16
s1841,2020-10-16,2020-10-16
s1842,2020-10-16,2020-10-16
s1843,2020-10-16,2020-10-16
s1844,2020-10-16,2020-10-16
s1845,2020-10-15,2020-10-15
s1846,2020-10-15,2020-10-15
s1847,2020-10-15,2020-10-15
s1848,2020-10-15,2020-10-15
s1849,2020-10-15,2020-10-15
s1850,2020-10-15,2020-10-15
s1851,2020-10-15,2020-10-15
s1852,2020-10-15,2020-10-15
s1853,2020-10-15,2020-10-15
s1854,2020-10-15,2020-10-15
s1855,2020-10-15,2020-10-15
s1856,2020-10-14,2020-10-14
s1857,2020-10-14,2020-10-14
s1858,2020-10-14,2020-10-14
s1859,2020-10-13,2020-10-13
s1860,2020-10-13,2020-10-13
s1861,2020-10-13,2020-10-13
s1862,2020-10-12,2020-10-12
s1863,2020-10-12,2020-10-12
s1864,2020-10-12,2020-10-12
s1865,2020-10-12,2020-10-12
s1866,2020-10-12,2020-10-12
s1867,2020-10-12,2020-10-12
s1868,2020-10-11,2020-10-11
s1869,2020-10-09,2020-10-09
s1870,2020-10-09,2020-10-09
s1871,2020-10-09,2020-10-09
s1872,2020-10-09,2020-10-09
s1873,2020-10-09,2020-10-09
s1874,2020-10-09,2020-10-09
s1875,2020-10-08,2020-10-08
s1876,2020-10-08,2020-10-08
s1877,2020-10-08,2020-10-08
s1878,2020-10-08,2020-10-08
s1879,2020-10-08,2020-10-08
s1880,2020-10-07,2020-10-07
s1881,2020-10-07,2020-10-07
s1882,2020-10-06,2020-10-06
s1883,2020-10-06,2020-10-06
s1884,2020-10-06,2020-10-06
s1885,2020-10-06,2020-10-06
s1886,2020-10-05,2020-10-05
s1887,2020-10-04,2020-10-04
s1888,2020-10-03,2020-10-03
s1889,2020-10-03,2020-10-03
s1890,2020-10-03,2020-10-03
s1891,2020-10-03,2020-10-03
s1892,2020-10-02,2020-10-02
s1893,2020-10-02,2020-10-02
s1894,2020-10-02,2020-10-02
s1895,2020-10-02,2020-10-02
s1896,2020-10-02,2020-10-02
s1897,2020-10-02,2020-10-02
s1898,2020-10-02,2020-10-02
s1899,2020-10-02,2020-10-02
s1900,2020-10-02,2020-10-02
s1901,2020-10-02,2020-10-02
s1902,2020-10-02,2020-10-02
s1903,2020-10-01,2020-10-01
s1904,2020-10-01,2020-10-01
s1905,2020-10-01,2020-10-01
s1906,2020-10-01,2020-10-01
s1907,2020-10-01,2020-10-01
s1908,2020-10-01,2020-10-01
s1909,2020-10-01,2020-10-01
s1910,2020-10-01,2020-10-01
s1911,2020-10-01,2020-10-01
s1912,2020-10-01,2020-10-01
s1913,2020-10-01,2020-10-01
s1914,2020-10-01,2020-10-01
s1915,2020-10-01,2020-10-01
s1916,2020-10-01,2020-10-01
s1917,2020-10-01,2020-10-01
s1918,2020-10-01,2020-10-01
s1919,2020-10-01,2020-10-01
s1920,2020-10-01,2020-10-01
s1921,2020-10-01,2020-10-01
s1922,2020-10-01,2020-10-01
s1923,2020-10-01,2020-10-01
s1924,2020-10-01,2020-10-01
s1925,2020-10-01,2020-10-01
s1926,2020-10-01,2020-10-01
s1927,2020-09-30,2020-09-30
s1928,2020-09-30,2020-09-30
s1929,2020-09-30,2020-09-30
s1930,2020-09-30,2020-09-30
s1931,2020-09-30,2020-09-30
s1932,2020-09-30,2020-09-30
s1933,2020-09-30,2020-09-30
s1934,2020-09-30,2020-09-30
s1935,2020-09-29,2020-09-29
s1936,2020-09-29,2020-09-29
s1937,2020-09-29,2020-09-29
s1938,2020-09-28,2020-09-28
s1939,2020-09-28,2020-09-28
s1940,2020-09-28,2020-09-28
s1941,2020-09-28,2020-09-28
s1942,2020-09-28,2020-09-28
s1943,2020-09-28,2020-09-28
s1944,2020-09-28,2020-09-28
s1945,2020-09-28,2020-09-28
s1946,2020-09-28,2020-09-28
s1947,2020-09-28,2020-09-28
s1948,2020-09-28,2020-09-28
s1949,2020-09-27,2020-09-27
s1950,2020-09-26,2020-09-26
s1951,2020-09-26,2020-09-26
s1952,2020-09-25,2020-09-25
s1953,2020-09-25,2020-09-25
s1954,2020-09-25,2020-09-25
s1955,2020-09-25,2020-09-25
s1956,2020-09-25,2020-09-25
s1957,2020-09-25,2020-09-25
s1958,2020-09-24,2020-09-24
s1959,2020-09-24,2020-09-24
s1960,2020-09-23,2020-09-23
s1961,2020-09-22,2020-09-22
s1962,2020-09-22,2020-09-22
s1963,2020-09-21,2020-09-21
s1964,2020-09-20,2020-09-20
s1965,2020-09-20,2020-09-20
s1966,2020-09-20,2020-09-20
s1967,2020-09-20,2020-09-20
s1968,2020-09-20,2020-09-20
s1969,2020-09-20,2020-09-20
s1970,2020-09-20,2020-09-20
s1971,2020-09-20,2020-09-20
s1972,2020-09-19,2020-09-19
s1973,2020-09-19,2020-09-19
s1974,2020-09-19,2020-09-19
s1975,2020-09-19,2020-09-19
s1976,2020-09-19,2020-09-19
s1977,2020-09-19,2020-09-19
s1978,2020-09-18,2020-09-18
s1979,2020-09-18,2020-09-18
s1980,2020-09-18,2020-09-18
s1981,2020-09-18,2020-09-18
s1982,2020-09-18,2020-09-18
s1983,2020-09-17,2020-09-17
s1984,2020-09-17,2020-09-17
s1985,2020-09-17,2020-09-17
s1986,2020-09-17,2020-09-17
s1987,2020-09-17,2020-09-17
s1988,2020-09-17,2020-09-17
s1989,2020-09-17,2020-09-17
s1990,2020-09-16,2020-09-16
s1991,2020-09-16,2020-09-16
s1992,2020-09-16,2020-09-16
s1993,2020-09-16,2020-09-16
s1994,2020-09-16,2020-09-16
s1995,2020-09-16,2020-09-16
s1996,2020-09-16,2020-09-16
s1997,2020-09-16,2020-09-16
s1998,2020-09-16,2020-09-16
s1999,2020-09-15,2020-09-15
s2000,2020-09-15,2020-09-15
s2001,2020-09-15,2020-09-15
s2002,2020-09-15,2020-09-15
s2003,2020-09-15,2020-09-15
s2004,2020-09-15,2020-09-15
s2005,2020-09-15,2020-09-15
s2006,2020-09-14,2020-09-14
s2007,2020-09-11,2020-09-11
s2008,2020-09-11,2020-09-11
s2009,2020-09-11,2020-09-11
s2010,2020-09-11,2020-09-11
s2011,2020-09-11,2020-09-11
s2012,2020-09-11,2020-09-11
s2013,2020-09-11,2020-09-11
s2014,2020-09-11,2020-09-11
s2015,2020-09-11,2020-09-11
s2016,2020-09-10,2020-09-10
s2017,2020-09-10,2020-09-10
s2018,2020-09-10,2020-09-10
s2019,2020-09-10,2020-09-10
s2020,2020-09-10,2020-09-10
s2021,2020-09-10,2020-09-10
s2022,2020-09-10,2020-09-10
s2023,2020-09-10,2020-09-10
s2024,2020-09-10,2020-09-10
s2025,2020-09-10,2020-09-10
s2026,2020-09-10,2020-09-10
s2027,2020-09-10,2020-09-10
s2028,2020-09-10,2020-09-10
s2029,2020-09-10,2020-09-10
s2030,2020-09-10,2020-09-10
s2031,2020-09-09,2020-09-09
s2032,2020-09-09,2020-09-09
s2033,2020-09-09,2020-09-09
s2034,2020-09-09,2020-09-09
s2035,2020-09-09,2020-09-09
s2036,2020-09-09,2020-09-09
s2037,2020-09-08,2020-09-08
s2038,2020-09-08,2020-09-08
s2039,2020-09-07,2020-09-07
s2040,2020-09-07,2020-09-07
s2041,2020-09-07,2020-09-07
s2042,2020-09-07,2020-09-07
s2043,2020-09-05,2020-09-05
s2044,2020-09-05,2020-09-05
s2045,2020-09-04,2020-09-04
s2046,2020-09-04,2020-09-04
s2047,2020-09-04,2020-09-04
s2048,2020-09-04,2020-09-04
s2049,2020-09-04,2020-09-04
s2050,2020-09-04,2020-09-04
s2051,2020-09-03,2020-09-03
s2052,2020-09-03,2020-09-03
s2053,2020-09-03,2020-09-03
s2054,2020-09-03,2020-09-03
s2055,2020-09-02,2020-09-02
s2056,2020-09-02,2020-09-02
s2057,2020-09-02,2020-09-02
s2058,2020-09-02,2020-09-02
s2059,2020-09-02,2020-09-02
s2060,2020-09-01,2020-09-01
s2061,2020-09-01,2020-09-01
s2062,2020-09-01,2020-09-01
s2063,2020-09-01,2020-09-01
s2064,2020-09-01,2020-09-01
s2065,2020-09-01,2020-09-01
s2066,2020-09-01,2020-09-01
s2067,2020-09-01,2020-09-01
s2068,2020-09-01,2020-09-01
s2069,2020-09-01,2020-09-01
s2070,2020-09-01,2020-09-01
s2071,2020-09-01,2020-09-01
s2072,2020-09-01,2020-09-01
s2073,2020-09-01,2020-09-01
s2074,2020-09-01,2020-09-01
s2075,2020-09-01,2020-09-01
s2076,2020-09-01,2020-09-01
s2077,2020-09-01,2020-09-01
s2078,2020-09-01,2020-09-01
s2079,2020-09-01,2020-09-01
s2080,2020-09-01,2020-09-01
s2081,2020-09-01,2020-09-01
s2082,2020-09-01,2020-09-01
s2083,2020-08-31,2020-08-31
s2084,2020-08-31,2020-08-31
s2085,2020-08-29,2020-08-29
s2086,2020-08-28,2020-08-28
s2087,2020-08-28,2020-08-28
s2088,2020-08-28,2020-08-28
s2089,2020-08-28,2020-08-28
s2090,2020-08-27,2020-08-27
s2091,2020-08-27,2020-08-27
s2092,2020-08-27,2020-08-27
s2093,2020-08-27,2020-08-27
s2094,2020-08-26,2020-08-26
s2095,2020-08-26,2020-08-26
s2096,2020-08-26,2020-08-26
s2097,2020-08-26,2020-08-26
s2098,2020-08-26,2020-08-26
s2099,2020-08-25,2020-08-25
s2100,2020-08-25,2020-08-25
s2101,2020-08-24,2020-08-24
s2102,2020-08-22,2020-08-22
s2103,2020-08-22,2020-08-22
s2104,2020-08-21,2020-08-21
s2105,2020-08-21,2020-08-21
s2106,2020-08-21,2020-08-21
s2107,2020-08-21,2020-08-21
s2108,2020-08-21,2020-08-21
s2109,2020-08-20,2020-08-20
s2110,2020-08-20,2020-08-20
s2111,2020-08-20,2020-08-20
s2112,2020-08-20,2020-08-20
s2113,2020-08-19,2020-08-19
s2114,2020-08-19,2020-08-19
s2115,2020-08-19,2020-08-19
s2116,2020-08-18,2020-08-18
s2117,2020-08-18,2020-08-18
s2118,2020-08-17,2020-08-17
s2119,2020-08-17,2020-08-17
s2120,2020-08-17,2020-08-17
s2121,2020-08-16,2020-08-16
s2122,2020-08-16,2020-08-16
s2123,2020-08-16,2020-08-16
s2124,2020-08-15,2020-08-15
s2125,2020-08-15,2020-08-15
s2126,2020-08-15,2020-08-15
s2127,2020-08-15,2020-08-15
s2128,2020-08-14,2020-08-14
s2129,2020-08-14,2020-08-14
s2130,2020-08-14,2020-08-14
s2131,2020-08-14,2020-08-14
s2132,2020-08-14,2020-08-14
s2133,2020-08-14,2020-08-14
s2134,2020-08-14,2020-08-14
s2135,2020-08-14,2020-08-14
s2136,2020-08-14,2020-08-14
s2137,2020-08-14,2020-08-14
s2138,2020-08-13,2020-08-13
s2139,2020-08-13,2020-08-13
s2140,2020-08-13,2020-08-13
s2141,2020-08-12,2020-08-12
s2142,2020-08-12,2020-08-12
s2143,2020-08-11,2020-08-11
s2144,2020-08-11,2020-08-11
s2145,2020-08-10,2020-08-10
s2146,2020-08-10,2020-08-10
s2147,2020-08-10,2020-08-10
s2148,2020-08-08,2020-08-08
s2149,2020-08-08,2020-08-08
s2150,2020-08-08,2020-08-08
s2151,2020-08-07,2020-08-07
s2152,2020-08-07,2020-08-07
s2153,2020-08-07,2020-08-07
s2154,2020-08-07,2020-08-07
s2155,2020-08-07,2020-08-07
s2156,2020-08-07,2020-08-07
s2157,2020-08-07,2020-08-07
s2158,2020-08-07,2020-08-07
s2159,2020-08-07,2020-08-07
s2160,2020-08-07,2020-08-07
s2161,2020-08-06,2020-08-06
s2162,2020-08-06,2020-08-06
s2163,2020-08-06,2020-08-06
s2164,2020-08-05,2020-08-05
s2165,2020-08-05,2020-08-05
s2166,2020-08-05,2020-08-05
s2167,2020-08-04,2020-08-04
s2168,2020-08-04,2020-08-04
s2169,2020-08-04,2020-08-04
s2170,2020-08-04,2020-08-04
s2171,2020-08-03,2020-08-03
s2172,2020-08-02,2020-08-02
s2173,2020-08-01,2020-08-01
s2174,2020-08-01,2020-08-01
s2175,2020-08-01,2020-08-01
s2176,2020-08-01,2020-08-01
s2177,2020-08-01,2020-08-01
s2178,2020-08-01,2020-08-01
s2179,2020-08-01,2020-08-01
s2180,2020-08-01,2020-08-01
s2181,2020-08-01,2020-08-01
s2182,2020-08-01,2020-08-01
s2183,2020-08-01,2020-08-01
s2184,2020-08-01,2020-08-01
s2185,2020-07-31,2020-07-31
s2186,2020-07-31,2020-07-31
s2187,2020-07-31,2020-07-31
s2188,2020-07-31,2020-07-31
s2189,2020-07-31,2020-07-31
s2190,2020-07-31,2020-07-31
s2191,2020-07-31,2020-07-31
s2192,2020-07-30,2020-07-30
s2193,2020-07-30,2020-07-30
s2194,2020-07-30,2020-07-30
s2195,2020-07-30,2020-07-30
s2196,2020-07-29,2020-07-29
s2197,2020-07-29,2020-07-29
s2198,2020-07-29,2020-07-29
s2199,2020-07-29,2020-07-29
s2200,2020-07-29,2020-07-29
s2201,2020-07-29,2020-07-29
s2202,2020-07-28,2020-07-28
s2203,2020-07-26,2020-07-26
s2204,2020-07-26,2020-07-26
s2205,2020-07-25,2020-07-25
s2206,2020-07-25,2020-07-25
s2207,2020-07-25,2020-07-25
s2208,2020-07-24,2020-07-24
s2209,2020-07-24,2020-07-24
s2210,2020-07-24,2020-07-24
s2211,2020-07-24,2020-07-24
s2212,2020-07-24,2020-07-24
s2213,2020-07-24,2020-07-24
s2214,2020-07-24,2020-07-24
s2215,2020-07-23,2020-07-23
s2216,2020-07-23,2020-07-23
s2217,2020-07-23,2020-07-23
s2218,2020-07-22,2020-07-22
s2219,2020-07-22,2020-07-22
s2220,2020-07-22,2020-07-22
s2221,2020-07-21,2020-07-21
s2222,2020-07-21,2020-07-21
s2223,2020-07-21,2020-07-21
s2224,2020-07-19,2020-07-19
s2225,2020-07-18,2020-07-18
s2226,2020-07-18,2020-07-18
s2227,2020-07-18,2020-07-18
s2228,2020-07-17,2020-07-17
s2229,2020-07-17,2020-07-17
s2230,2020-07-17,2020-07-17
s2231,2020-07-17,2020-07-17
s2232,2020-07-17,2020-07-17
s2233,2020-07-16,2020-07-16
s2234,2020-07-16,2020-07-16
s2235,2020-07-15,2020-07-15
s2236,2020-07-15,2020-07-15
s2237,2020-07-15,2020-07-15
s2238,2020-07-15,2020-07-15
s2239,2020-07-15,2020-07-15
s2240,2020-07-15,2020-07-15
s2241,2020-07-15,2020-07-15
s2242,2020-07-14,2020-07-14
s2243,2020-07-14,2020-07-14
s2244,2020-07-14,2020-07-14
s2245,2020-07-11,2020-07-11
s2246,2020-07-10,2020-07-10
s2247,2020-07-10,2020-07-10
s2248,2020-07-10,2020-07-10
s2249,2020-07-10,2020-07-10
s2250,2020-07-10,2020-07-10
s2251,2020-07-10,2020-07-10
s2252,2020-07-10,2020-07-10
s2253,2020-07-10,2020-07-10
s2254,2020-07-09,2020-07-09
s2255,2020-07-09,2020-07-09
s2256,2020-07-09,2020-07-09
s2257,2020-07-08,2020-07-08
s2258,2020-07-08,2020-07-08
s2259,2020-07-08,2020-07-08
s2260,2020-07-08,2020-07-08
s2261,2020-07-07,2020-07-07
s2262,2020-07-07,2020-07-07
s2263,2020-07-06,2020-07-06
s2264,2020-07-06,2020-07-06
s2265,2020-07-05,2020-07-05
s2266,2020-07-05,2020-07-05
s2267,2020-07-05,2020-07-05
s2268,2020-07-05,2020-07-05
s2269,2020-07-05,2020-07-05
s2270,2020-07-05,2020-07-05
s2271,2020-07-05,2020-07-05
s2272,2020-07-05,2020-07-05
s2273,2020-07-05,2020-07-05
s2274,2020-07-05,2020-07-05
s2275,2020-07-05,2020-07-05
s2276,2020-07-05,2020-07-05
s2277,2020-07-05,2020-07-05
s2278,2020-07-05,2020-07-05
s2279,2020-07-05,2020-07-05
s2280,2020-07-05,2020-07-05
s2281,2020-07-05,2020-07-05
s2282,2020-07-05,2020-07-05
s2283,2020-07-05,2020-07-05
s2284,2020-07-05,2020-07-05
s2285,2020-07-05,2020-07-05
s2286,2020-07-05,2020-07-05
s2287,2020-07-05,2020-07-05
s2288,2020-07-05,2020-07-05
s2289,2020-07-05,2020-07-05
s2290,2020-07-05,2020-07-05
s2291,2020-07-05,2020-07-05
s2292,2020-07-05,2020-07-05
s2293,2020-07-04,2020-07-04
s2294,2020-07-03,2020-07-03
s2295,2020-07-03,2020-07-03
s2296,2020-07-03,2020-07-03
s2297,2020-07-03,2020-07-03
s2298,2020-07-03,2020-07-03
s2299,2020-07-03,2020-07-03
s2300,2020-07-03,2020-07-03
s2301,2020-07-03,2020-07-03
s2302,2020-07-02,2020-07-02
s2303,2020-07-02,2020-07-02
s2304,2020-07-02,2020-07-02
s2305,2020-07-01,2020-07-01
s2306,2020-07-01,2020-07-01
s2307,2020-07-01,2020-07-01
s2308,2020-07-01,2020-07-01
s2309,2020-07-01,2020-07-01
s2310,2020-07-01,2020-07-01
s2311,2020-07-01,2020-07-01
s2312,2020-07-01,2020-07-01
s2313,2020-07-01,2020-07-01
s2314,2020-07-01,2020-07-01
s2315,2020-07-01,2020-07-01
s2316,2020-07-01,2020-07-01
s2317,2020-07-01,2020-07-01
s2318,2020-07-01,2020-07-01
s2319,2020-07-01,2020-07-01
s2320,2020-07-01,2020-07-01
s2321,2020-06-30,2020-06-30
s2322,2020-06-30,2020-06-30
s2323,2020-06-30,2020-06-30
s2324,2020-06-30,2020-06-30
s2325,2020-06-28,2020-06-28
s2326,2020-06-28,2020-06-28
s2327,2020-06-28,2020-06-28
s2328,2020-06-27,2020-06-27
s2329,2020-06-27,2020-06-27
s2330,2020-06-26,2020-06-26
s2331,2020-06-26,2020-06-26
s2332,2020-06-26,2020-06-26
s2333,2020-06-26,2020-06-26
s2334,2020-06-26,2020-06-26
s2335,2020-06-26,2020-06-26
s2336,2020-06-26,2020-06-26
s2337,2020-06-26,2020-06-26
s2338,2020-06-26,2020-06-26
s2339,2020-06-25,2020-06-25
s2340,2020-06-25,2020-06-25
s2341,2020-06-25,2020-06-25
s2342,2020-06-24,2020-06-24
s2343,2020-06-24,2020-06-24
s2344,2020-06-24,2020-06-24
s2345,2020-06-24,2020-06-24
s2346,2020-06-23,2020-06-23
s2347,2020-06-23,2020-06-23
s2348,2020-06-22,2020-06-22
s2349,2020-06-22,2020-06-22
s2350,2020-06-21,2020-06-21
s2351,2020-06-21,2020-06-21
s2352,2020-06-20,2020-06-20
s2353,2020-06-19,2020-06-19
s2354,2020-06-19,2020-06-19
s2355,2020-06-19,2020-06-19
s2356,2020-06-19,2020-06-19
s2357,2020-06-19,2020-06-19
s2358,2020-06-19,2020-06-19
s2359,2020-06-19,2020-06-19
s2360,2020-06-19,2020-06-19
s2361,2020-06-19,2020-06-19
s2362,2020-06-19,2020-06-19
s2363,2020-06-19,2020-06-19
s2364,2020-06-19,2020-06-19
s2365,2020-06-18,2020-06-18
s2366,2020-06-18,2020-06-18
s2367,2020-06-18,2020-06-18
s2368,2020-06-18,2020-06-18
s2369,2020-06-18,2020-06-18
s2370,2020-06-18,2020-06-18
s2371,2020-06-18,2020-06-18
s2372,2020-06-18,2020-06-18
s2373,2020-06-18,2020-06-18
s2374,2020-06-18,2020-06-18
s2375,2020-06-18,2020-06-18
s2376,2020-06-18,2020-06-18
s2377,2020-06-18,2020-06-18
s2378,2020-06-18,2020-06-18
s2379,2020-06-18,2020-06-18
s2380,2020-06-17,2020-06-17
s2381,2020-06-17,2020-06-17
s2382,2020-06-16,2020-06-16
s2383,2020-06-16,2020-06-16
s2384,2020-06-15,2020-06-15
s2385,2020-06-15,2020-06-15
s2386,2020-06-15,2020-06-15
s2387,2020-06-15,2020-06-15
s2388,2020-06-13,2020-06-13
s2389,2020-06-13,2020-06-13
s2390,2020-06-13,2020-06-13
s2391,2020-06-13,2020-06-13
s2392,2020-06-13,2020-06-13
s2393,2020-06-12,2020-06-12
s2394,2020-06-12,2020-06-12
s2395,2020-06-12,2020-06-12
s2396,2020-06-12,2020-06-12
s2397,2020-06-12,2020-06-12
s2398,2020-06-12,2020-06-12
s2399,2020-06-12,2020-06-12
s2400,2020-06-12,2020-06-12
s2401,2020-06-12,2020-06-12
s2402,2020-06-12,2020-06-12
s2403,2020-06-11,2020-06-11
s2404,2020-06-11,2020-06-11
s2405,2020-06-10,2020-06-10
s2406,2020-06-10,2020-06-10
s2407,2020-06-10,2020-06-10
s2408,2020-06-10,2020-06-10
s2409,2020-06-10,2020-06-10
s2410,2020-06-10,2020-06-10
s2411,2020-06-10,2020-06-10
s2412,2020-06-08,2020-06-08
s2413,2020-06-07,2020-06-07
s2414,2020-06-07,2020-06-07
s2415,2020-06-07,2020-06-07
s2416,2020-06-06,2020-06-06
s2417,2020-06-06,2020-06-06
s2418,2020-06-05,2020-06-05
s2419,2020-06-05,2020-06-05
s2420,2020-06-05,2020-06-05
s2421,2020-06-05,2020-06-05
s2422,2020-06-05,2020-06-05
s2423,2020-06-05,2020-06-05
s2424,2020-06-05,2020-06-05
s2425,2020-06-05,2020-06-05
s2426,2020-06-05,2020-06-05
s2427,2020-06-04,2020-06-04
s2428,2020-06-04,2020-06-04
s2429,2020-06-04,2020-06-04
s2430,2020-06-03,2020-06-03
s2431,2020-06-03,2020-06-03
s2432,2020-06-03,2020-06-03
s2433,2020-06-02,2020-06-02
s2434,2020-06-02,2020-06-02
s2435,2020-06-02,2020-06-02
s2436,2020-06-02,2020-06-02
s2437,2020-06-02,2020-06-02
s2438,2020-06-02,2020-06-02
s2439,2020-06-02,2020-06-02
s2440,2020-06-02,2020-06-02
s2441,2020-06-02,2020-06-02
s2442,2020-06-02,2020-06-02
s2443,2020-06-02,2020-06-02
s2444,2020-06-01,2020-06-01
s2445,2020-06-01,2020-06-01
s2446,2020-06-01,2020-06-01
s2447,2020-06-01,2020-06-01
s2448,2020-06-01,2020-06-01
s2449,2020-06-01,2020-06-01
s2450,2020-06-01,2020-06-01
s2451,2020-06-01,2020-06-01
s2452,2020-06-01,2020-06-01
s2453,2020-06-01,2020-06-01
s2454,2020-06-01,2020-06-01
s2455,2020-06-01,2020-06-01
s2456,2020-06-01,2020-06-01
s2457,2020-05-31,2020-05-31
s2458,2020-05-29,2020-05-29
s2459,2020-05-29,2020-05-29
s2460,2020-05-29,2020-05-29
s2461,2020-05-29,2020-05-29
s2462,2020-05-28,2020-05-28
s2463,2020-05-28,2020-05-28
s2464,2020-05-28,2020-05-28
s2465,2020-05-28,2020-05-28
s2466,2020-05-28,2020-05-28
s2467,2020-05-28,2020-05-28
s2468,2020-05-27,2020-05-27
s2469,2020-05-26,2020-05-26
s2470,2020-05-25,2020-05-25
s2471,2020-05-25,2020-05-25
s2472,2020-05-25,2020-05-25
s2473,2020-05-24,2020-05-24
s2474,2020-05-23,2020-05-23
s2475,2020-05-23,2020-05-23
s2476,2020-05-23,2020-05-23
s2477,2020-05-22,2020-05-22
s2478,2020-05-22,2020-05-22
s2479,2020-05-22,2020-05-22
s2480,2020-05-22,2020-05-22
s2481,2020-05-22,2020-05-22
s2482,2020-05-21,2020-05-21
s2483,2020-05-21,2020-05-21
s2484,2020-05-21,2020-05-21
s2485,2020-05-21,2020-05-21
s2486,2020-05-21,2020-05-21
s2487,2020-05-21,2020-05-21
s2488,2020-05-21,2020-05-21
s2489,2020-05-21,2020-05-21
s2490,2020-05-21,2020-05-21
s2491,2020-05-21,2020-05-21
s2492,2020-05-21,2020-05-21
s2493,2020-05-21,2020-05-21
s2494,2020-05-20,2020-05-20
s2495,2020-05-20,2020-05-20
s2496,2020-05-20,2020-05-20
s2497,2020-05-20,2020-05-20
s2498,2020-05-20,2020-05-20
s2499,2020-05-20,2020-05-20
s2500,2020-05-20,2020-05-20
s2501,2020-05-20,2020-05-20
s2502,2020-05-19,2020-05-19
s2503,2020-05-19,2020-05-19
s2504,2020-05-19,2020-05-19
s2505,2020-05-19,2020-05-19
s2506,2020-05-19,2020-05-19
s2507,2020-05-19,2020-05-19
s2508,2020-05-19,2020-05-19
s2509,2020-05-19,2020-05-19
s2510,2020-05-19,2020-05-19
s2511,2020-05-19,2020-05-19
s2512,2020-05-19,2020-05-19
s2513,2020-05-19,2020-05-19
s2514,2020-05-18,2020-05-18
s2515,2020-05-18,2020-05-18
s2516,2020-05-17,2020-05-17
s2517,2020-05-17,2020-05-17
s2518,2020-05-16,2020-05-16
s2519,2020-05-16,2020-05-16
s2520,2020-05-15,2020-05-15
s2521,2020-05-15,2020-05-15
s2522,2020-05-15,2020-05-15
s2523,2020-05-15,2020-05-15
s2524,2020-05-15,2020-05-15
s2525,2020-05-15,2020-05-15
s2526,2020-05-15,2020-05-15
s2527,2020-05-15,2020-05-15
s2528,2020-05-15,2020-05-15
s2529,2020-05-15,2020-05-15
s2530,2020-05-15,2020-05-15
s2531,2020-05-15,2020-05-15
s2532,2020-05-14,2020-05-14
s2533,2020-05-14,2020-05-14
s2534,2020-05-14,2020-05-14
s2535,2020-05-14,2020-05-14
s2536,2020-05-14,2020-05-14
s2537,2020-05-14,2020-05-14
s2538,2020-05-14,2020-05-14
s2539,2020-05-14,2020-05-14
s2540,2020-05-13,2020-05-13
s2541,2020-05-13,2020-05-13
s2542,2020-05-12,2020-05-12
s2543,2020-05-12,2020-05-12
s2544,2020-05-12,2020-05-12
s2545,2020-05-11,2020-05-11
s2546,2020-05-11,2020-05-11
s2547,2020-05-11,2020-05-11
s2548,2020-05-11,2020-05-11
s2549,2020-05-11,2020-05-11
s2550,2020-05-09,2020-05-09
s2551,2020-05-08,2020-05-08
s2552,2020-05-08,2020-05-08
s2553,2020-05-08,2020-05-08
s2554,2020-05-08,2020-05-08
s2555,2020-05-08,2020-05-08
s2556,2020-05-07,2020-05-07
s2557,2020-05-07,2020-05-07
s2558,2020-05-07,2020-05-07
s2559,2020-05-07,2020-05-07
s2560,2020-05-06,2020-05-06
s2561,2020-05-06,2020-05-06
s2562,2020-05-05,2020-05-05
s2563,2020-05-04,2020-05-04
s2564,2020-05-04,2020-05-04
s2565,2020-05-03,2020-05-03
s2566,2020-05-02,2020-05-02
s2567,2020-05-02,2020-05-02
s2568,2020-05-02,2020-05-02
s2569,2020-05-02,2020-05-02
s2570,2020-05-02,2020-05-02
s2571,2020-05-02,2020-05-02
s2572,2020-05-02,2020-05-02
s2573,2020-05-02,2020-05-02
s2574,2020-05-02,2020-05-02
s2575,2020-05-02,2020-05-02
s2576,2020-05-02,2020-05-02
s2577,2020-05-01,2020-05-01
s2578,2020-05-01,2020-05-01
s2579,2020-05-01,2020-05-01
s2580,2020-05-01,2020-05-01
s2581,2020-05-01,2020-05-01
s2582,2020-05-01,2020-05-01
s2583,2020-05-01,2020-05-01
s2584,2020-05-01,2020-05-01
s2585,2020-05-01,2020-05-01
s2586,2020-05-01,2020-05-01
s2587,2020-05-01,2020-05-01
s2588,2020-05-01,2020-05-01
s2589,2020-05-01,2020-05-01
s2590,2020-05-01,2020-05-01
s2591,2020-05-01,2020-05-01
s2592,2020-05-01,2020-05-01
s2593,2020-05-01,2020-05-01
s2594,2020-05-01,2020-05-01
s2595,2020-05-01,2020-05-01
s2596,2020-05-01,2020-05-01
s2597,2020-05-01,2020-05-01
s2598,2020-04-30,2020-04-30
s2599,2020-04-30,2020-04-30
s2600,2020-04-30,2020-04-30
s2601,2020-04-30,2020-04-30
s2602,2020-04-30,2020-04-30
s2603,2020-04-30,2020-04-30
s2604,2020-04-30,2020-04-30
s2605,2020-04-29,2020-04-29
s2606,2020-04-29,2020-04-29
s2607,2020-04-29,2020-04-29
s2608,2020-04-29,2020-04-29
s2609,2020-04-29,2020-04-29
s2610,2020-04-29,2020-04-29
s2611,2020-04-29,2020-04-29
s2612,2020-04-29,2020-04-29
s2613,2020-04-28,2020-04-28
s2614,2020-04-28,2020-04-28
s2615,2020-04-28,2020-04-28
s2616,2020-04-28,2020-04-28
s2617,2020-04-28,2020-04-28
s2618,2020-04-28,2020-04-28
s2619,2020-04-28,2020-04-28
s2620,2020-04-28,2020-04-28
s2621,2020-04-28,2020-04-28
s2622,2020-04-28,2020-04-28
s2623,2020-04-28,2020-04-28
s2624,2020-04-28,2020-04-28
s2625,2020-04-27,2020-04-27
s2626,2020-04-27,2020-04-27
s2627,2020-04-27,2020-04-27
s2628,2020-04-26,2020-04-26
s2629,2020-04-26,2020-04-26
s2630,2020-04-25,2020-04-25
s2631,2020-04-25,2020-04-25
s2632,2020-04-25,2020-04-25
s2633,2020-04-25,2020-04-25
s2634,2020-04-25,2020-04-25
s2635,2020-04-25,2020-04-25
s2636,2020-04-25,2020-04-25
s2637,2020-04-25,2020-04-25
s2638,2020-04-25,2020-04-25
s2639,2020-04-25,2020-04-25
s2640,2020-04-25,2020-04-25
s2641,2020-04-24,2020-04-24
s2642,2020-04-24,2020-04-24
s2643,2020-04-24,2020-04-24
s2644,2020-04-24,2020-04-24
s2645,2020-04-24,2020-04-24
s2646,2020-04-23,2020-04-23
s2647,2020-04-23,2020-04-23
s2648,2020-04-23,2020-04-23
s2649,2020-04-23,2020-04-23
s2650,2020-04-23,2020-04-23
s2651,2020-04-23,2020-04-23
s2652,2020-04-22,2020-04-22
s2653,2020-04-22,2020-04-22
s2654,2020-04-22,2020-04-22
s2655,2020-04-22,2020-04-22
s2656,2020-04-22,2020-04-22
s2657,2020-04-22,2020-04-22
s2658,2020-04-22,2020-04-22
s2659,2020-04-21,2020-04-21
s2660,2020-04-21,2020-04-21
s2661,2020-04-21,2020-04-21
s2662,2020-04-20,2020-04-20
s2663,2020-04-20,2020-04-20
s2664,2020-04-20,2020-04-20
s2665,2020-04-18,2020-04-18
s2666,2020-04-18,2020-04-18
s2667,2020-04-17,2020-04-17
s2668,2020-04-17,2020-04-17
s2669,2020-04-17,2020-04-17
s2670,2020-04-17,2020-04-17
s2671,2020-04-17,2020-04-17
s2672,2020-04-17,2020-04-17
s2673,2020-04-17,2020-04-17
s2674,2020-04-17,2020-04-17
s2675,2020-04-16,2020-04-16
s2676,2020-04-16,2020-04-16
s2677,2020-04-16,2020-04-16
s2678,2020-04-16,2020-04-16
s2679,2020-04-16,2020-04-16
s2680,2020-04-16,2020-04-16
s2681,2020-04-16,2020-04-16
s2682,2020-04-16,2020-04-16
s2683,2020-04-15,2020-04-15
s2684,2020-04-15,2020-04-15
s2685,2020-04-15,2020-04-15
s2686,2020-04-15,2020-04-15
s2687,2020-04-14,2020-04-14
s2688,2020-04-14,2020-04-14
s2689,2020-04-13,2020-04-13
s2690,2020-04-13,2020-04-13
s2691,2020-04-11,2020-04-11
s2692,2020-04-10,2020-04-10
s2693,2020-04-10,2020-04-10
s2694,2020-04-10,2020-04-10
s2695,2020-04-10,2020-04-10
s2696,2020-04-10,2020-04-10
s2697,2020-04-10,2020-04-10
s2698,2020-04-10,2020-04-10
s2699,2020-04-09,2020-04-09
s2700,2020-04-09,2020-04-09
s2701,2020-04-08,2020-04-08
s2702,2020-04-08,2020-04-08
s2703,2020-04-07,2020-04-07
s2704,2020-04-06,2020-04-06
s2705,2020-04-06,2020-04-06
s2706,2020-04-05,2020-04-05
s2707,2020-04-05,2020-04-05
s2708,2020-04-04,2020-04-04
s2709,2020-04-04,2020-04-04
s2710,2020-04-03,2020-04-03
s2711,2020-04-03,2020-04-03
s2712,2020-04-03,2020-04-03
s2713,2020-04-03,2020-04-03
s2714,2020-04-02,2020-04-02
s2715,2020-04-02,2020-04-02
s2716,2020-04-01,2020-04-01
s2717,2020-04-01,2020-04-01
s2718,2020-04-01,2020-04-01
s2719,2020-04-01,2020-04-01
s2720,2020-04-01,2020-04-01
s2721,2020-04-01,2020-04-01
s2722,2020-04-01,2020-04-01
s2723,2020-04-01,2020-04-01
s2724,2020-04-01,2020-04-01
s2725,2020-04-01,2020-04-01
s2726,2020-04-01,2020-04-01
s2727,2020-04-01,2020-04-01
s2728,2020-04-01,2020-04-01
s2729,2020-04-01,2020-04-01
s2730,2020-04-01,2020-04-01
s2731,2020-04-01,2020-04-01
s2732,2020-04-01,2020-04-01
s2733,2020-04-01,2020-04-01
s2734,2020-04-01,2020-04-01
s2735,2020-04-01,2020-04-01
s2736,2020-04-01,2020-04-01
s2737,2020-04-01,2020-04-01
s2738,2020-04-01,2020-04-01
s2739,2020-04-01,2020-04-01
s2740,2020-04-01,2020-04-01
s2741,2020-04-01,2020-04-01
s2742,2020-04-01,2020-04-01
s2743,2020-04-01,2020-04-01
s2744,2020-04-01,2020-04-01
s2745,2020-04-01,2020-04-01
s2746,2020-04-01,2020-04-01
s2747,2020-04-01,2020-04-01
s2748,2020-04-01,2020-04-01
s2749,2020-04-01,2020-04-01
s2750,2020-04-01,2020-04-01
s2751,2020-03-31,2020-03-31
s2752,2020-03-31,2020-03-31
s2753,2020-03-31,2020-03-31
s2754,2020-03-31,2020-03-31
s2755,2020-03-31,2020-03-31
s2756,2020-03-31,2020-03-31
s2757,2020-03-31,2020-03-31
s2758,2020-03-31,2020-03-31
s2759,2020-03-31,2020-03-31
s2760,2020-03-31,2020-03-31
s2761,2020-03-29,2020-03-29
s2762,2020-03-29,2020-03-29
s2763,2020-03-28,2020-03-28
s2764,2020-03-27,2020-03-27
s2765,2020-03-27,2020-03-27
s2766,2020-03-27,2020-03-27
s2767,2020-03-27,2020-03-27
s2768,2020-03-27,2020-03-27
s2769,2020-03-27,2020-03-27
s2770,2020-03-27,2020-03-27
s2771,2020-03-27,2020-03-27
s2772,2020-03-27,2020-03-27
s2773,2020-03-27,2020-03-27
s2774,2020-03-27,2020-03-27
s2775,2020-03-26,2020-03-26
s2776,2020-03-26,2020-03-26
s2777,2020-03-26,2020-03-26
s2778,2020-03-26,2020-03-26
s2779,2020-03-25,2020-03-25
s2780,2020-03-25,2020-03-25
s2781,2020-03-25,2020-03-25
s2782,2020-03-25,2020-03-25
s2783,2020-03-24,2020-03-24
s2784,2020-03-23,2020-03-23
s2785,2020-03-22,2020-03-22
s2786,2020-03-21,2020-03-21
s2787,2020-03-20,2020-03-20
s2788,2020-03-20,2020-03-20
s2789,2020-03-20,2020-03-20
s2790,2020-03-20,2020-03-20
s2791,2020-03-20,2020-03-20
s2792,2020-03-20,2020-03-20
s2793,2020-03-20,2020-03-20
s2794,2020-03-20,2020-03-20
s2795,2020-03-20,2020-03-20
s2796,2020-03-20,2020-03-20
s2797,2020-03-20,2020-03-20
s2798,2020-03-20,2020-03-20
s2799,2020-03-19,2020-03-19
s2800,2020-03-19,2020-03-19
s2801,2020-03-19,2020-03-19
s2802,2020-03-18,2020-03-18
s2803,2020-03-18,2020-03-18
s2804,2020-03-18,2020-03-18
s2805,2020-03-18,2020-03-18
s2806,2020-03-18,2020-03-18
s2807,2020-03-17,2020-03-17
s2808,2020-03-17,2020-03-17
s2809,2020-03-17,2020-03-17
s2810,2020-03-16,2020-03-16
s2811,2020-03-15,2020-03-15
s2812,2020-03-15,2020-03-15
s2813,2020-03-15,2020-03-15
s2814,2020-03-15,2020-03-15
s2815,2020-03-15,2020-03-15
s2816,2020-03-14,2020-03-14
s2817,2020-03-13,2020-03-13
s2818,2020-03-13,2020-03-13
s2819,2020-03-13,2020-03-13
s2820,2020-03-13,2020-03-13
s2821,2020-03-13,2020-03-13
s2822,2020-03-13,2020-03-13
s2823,2020-03-13,2020-03-13
s2824,2020-03-13,2020-03-13
s2825,2020-03-13,2020-03-13
s2826,2020-03-11,2020-03-11
s2827,2020-03-11,2020-03-11
s2828,2020-03-11,2020-03-11
s2829,2020-03-10,2020-03-10
s2830,2020-03-10,2020-03-10
s2831,2020-03-08,2020-03-08
s2832,2020-03-06,2020-03-06
s2833,2020-03-06,2020-03-06
s2834,2020-03-06,2020-03-06
s2835,2020-03-06,2020-03-06
s2836,2020-03-06,2020-03-06
s2837,2020-03-06,2020-03-06
s2838,2020-03-06,2020-03-06
s2839,2020-03-06,2020-03-06
s2840,2020-03-05,2020-03-05
s2841,2020-03-05,2020-03-05
s2842,2020-03-05,2020-03-05
s2843,2020-03-05,2020-03-05
s2844,2020-03-04,2020-03-04
s2845,2020-03-04,2020-03-04
s2846,2020-03-04,2020-03-04
s2847,2020-03-04,2020-03-04
s2848,2020-03-03,2020-03-03
s2849,2020-03-03,2020-03-03
s2850,2020-03-03,2020-03-03
s2851,2020-03-03,2020-03-03
s2852,2020-03-03,2020-03-03
s2853,2020-03-03,2020-03-03
s2854,2020-03-02,2020-03-02
s2855,2020-03-01,2020-03-01
s2856,2020-03-01,2020-03-01
s2857,2020-03-01,2020-03-01
s2858,2020-03-01,2020-03-01
s2859,2020-03-01,2020-03-01
s2860,2020-03-01,2020-03-01
s2861,2020-03-01,2020-03-01
s2862,2020-03-01,2020-03-01
s2863,2020-03-01,2020-03-01
s2864,2020-03-01,2020-03-01
s2865,2020-03-01,2020-03-01
s2866,2020-03-01,2020-03-01
s2867,2020-03-01,2020-03-01
s2868,2020-02-28,2020-02-28
s2869,2020-02-28,2020-02-28
s2870,2020-02-28,2020-02-28
s2871,2020-02-28,2020-02-28
s2872,2020-02-28,2020-02-28
s2873,2020-02-28,2020-02-28
s2874,2020-02-27,2020-02-27
s2875,2020-02-27,2020-02-27
s2876,2020-02-27,2020-02-27
s2877,2020-02-27,2020-02-27
s2878,2020-02-27,2020-02-27
s2879,2020-02-26,2020-02-26
s2880,2020-02-26,2020-02-26
s2881,2020-02-26,2020-02-26
s2882,2020-02-26,2020-02-26
s2883,2020-02-26,2020-02-26
s2884,2020-02-26,2020-02-26
s2885,2020-02-26,2020-02-26
s2886,2020-02-26,2020-02-26
s2887,2020-02-25,2020-02-25
s2888,2020-02-23,2020-02-23
s2889,2020-02-23,2020-02-23
s2890,2020-02-22,2020-02-22
s2891,2020-02-22,2020-02-22
s2892,2020-02-21,2020-02-21
s2893,2020-02-21,2020-02-21
s2894,2020-02-21,2020-02-21
s2895,2020-02-21,2020-02-21
s2896,2020-02-21,2020-02-21
s2897,2020-02-21,2020-02-21
s2898,2020-02-21,2020-02-21
s2899,2020-02-21,2020-02-21
s2900,2020-02-20,2020-02-20
s2901,2020-02-20,2020-02-20
s2902,2020-02-20,2020-02-20
s2903,2020-02-17,2020-02-17
s2904,2020-02-16,2020-02-16
s2905,2020-02-16,2020-02-16
s2906,2020-02-16,2020-02-16
s2907,2020-02-16,2020-02-16
s2908,2020-02-16,2020-02-16
s2909,2020-02-16,2020-02-16
s2910,2020-02-15,2020-02-15
s2911,2020-02-15,2020-02-15
s2912,2020-02-14,2020-02-14
s2913,2020-02-14,2020-02-14
s2914,2020-02-14,2020-02-14
s2915,2020-02-14,2020-02-14
s2916,2020-02-14,2020-02-14
s2917,2020-02-14,2020-02-14
s2918,2020-02-14,2020-02-14
s2919,2020-02-14,2020-02-14
s2920,2020-02-13,2020-02-13
s2921,2020-02-13,2020-02-13
s2922,2020-02-13,2020-02-13
s2923,2020-02-13,2020-02-13
s2924,2020-02-13,2020-02-13
s2925,2020-02-12,2020-02-12
s2926,2020-02-12,2020-02-12
s2927,2020-02-12,2020-02-12
s2928,2020-02-11,2020-02-11
s2929,2020-02-11,2020-02-11
s2930,2020-02-11,2020-02-11
s2931,2020-02-10,2020-02-10
s2932,2020-02-09,2020-02-09
s2933,2020-02-09,2020-02-09
s2934,2020-02-09,2020-02-09
s2935,2020-02-08,2020-02-08
s2936,2020-02-08,2020-02-08
s2937,2020-02-07,2020-02-07
s2938,2020-02-07,2020-02-07
s2939,2020-02-07,2020-02-07
s2940,2020-02-07,2020-02-07
s2941,2020-02-07,2020-02-07
s2942,2020-02-07,2020-02-07
s2943,2020-02-07,2020-02-07
s2944,2020-02-07,2020-02-07
s2945,2020-02-07,2020-02-07
s2946,2020-02-06,2020-02-06
s2947,2020-02-06,2020-02-06
s2948,2020-02-05,2020-02-05
s2949,2020-02-05,2020-02-05
s2950,2020-02-05,2020-02-05
s2951,2020-02-04,2020-02-04
s2952,2020-02-04,2020-02-04
s2953,2020-02-04,2020-02-04
s2954,2020-02-03,2020-02-03
s2955,2020-02-03,2020-02-03
s2956,2020-02-03,2020-02-03
s2957,2020-02-01,2020-02-01
s2958,2020-02-01,2020-02-01
s2959,2020-02-01,2020-02-01
s2960,2020-02-01,2020-02-01
s2961,2020-02-01,2020-02-01
s2962,2020-02-01,2020-02-01
s2963,2020-02-01,2020-02-01
s2964,2020-02-01,2020-02-01
s2965,2020-02-01,2020-02-01
s2966,2020-02-01,2020-02-01
s2967,2020-02-01,2020-02-01
s2968,2020-02-01,2020-02-01
s2969,2020-02-01,2020-02-01
s2970,2020-02-01,2020-02-01
s2971,2020-01-31,2020-01-31
s2972,2020-01-31,2020-01-31
s2973,2020-01-31,2020-01-31
s2974,2020-01-31,2020-01-31
s2975,2020-01-31,2020-01-31
s2976,2020-01-31,2020-01-31
s2977,2020-01-31,2020-01-31
s2978,2020-01-30,2020-01-30
s2979,2020-01-30,2020-01-30
s2980,2020-01-30,2020-01-30
s2981,2020-01-30,2020-01-30
s2982,2020-01-29,2020-01-29
s2983,2020-01-29,2020-01-29
s2984,2020-01-29,2020-01-29
s2985,2020-01-29,2020-01-29
s2986,2020-01-27,2020-01-27
s2987,2020-01-26,2020-01-26
s2988,2020-01-26,2020-01-26
s2989,2020-01-25,2020-01-25
s2990,2020-01-24,2020-01-24
s2991,2020-01-24,2020-01-24
s2992,2020-01-24,2020-01-24
s2993,2020-01-24,2020-01-24
s2994,2020-01-24,2020-01-24
s2995,2020-01-24,2020-01-24
s2996,2020-01-23,2020-01-23
s2997,2020-01-23,2020-01-23
s2998,2020-01-23,2020-01-23
s2999,2020-01-23,2020-01-23
s3000,2020-01-23,2020-01-23
s3001,2020-01-22,2020-01-22
s3002,2020-01-22,2020-01-22
s3003,2020-01-22,2020-01-22
s3004,2020-01-21,2020-01-21
s3005,2020-01-21,2020-01-21
s3006,2020-01-20,2020-01-20
s3007,2020-01-20,2020-01-20
s3008,2020-01-20,2020-01-20
s3009,2020-01-18,2020-01-18
s3010,2020-01-17,2020-01-17
s3011,2020-01-17,2020-01-17
s3012,2020-01-17,2020-01-17
s3013,2020-01-17,2020-01-17
s3014,2020-01-17,2020-01-17
s3015,2020-01-16,2020-01-16
s3016,2020-01-16,2020-01-16
s3017,2020-01-16,2020-01-16
s3018,2020-01-16,2020-01-16
s3019,2020-01-16,2020-01-16
s3020,2020-01-16,2020-01-16
s3021,2020-01-16,2020-01-16
s3022,2020-01-16,2020-01-16
s3023,2020-01-15,2020-01-15
s3024,2020-01-15,2020-01-15
s3025,2020-01-15,2020-01-15
s3026,2020-01-15,2020-01-15
s3027,2020-01-15,2020-01-15
s3028,2020-01-14,2020-01-14
s3029,2020-01-14,2020-01-14
s3030,2020-01-14,2020-01-14
s3031,2020-01-13,2020-01-13
s3032,2020-01-12,2020-01-12
s3033,2020-01-12,2020-01-12
s3034,2020-01-10,2020-01-10
s3035,2020-01-10,2020-01-10
s3036,2020-01-10,2020-01-10
s3037,2020-01-10,2020-01-10
s3038,2020-01-10,2020-01-10
s3039,2020-01-10,2020-01-10
s3040,2020-01-10,2020-01-10
s3041,2020-01-10,2020-01-10
s3042,2020-01-09,2020-01-09
s3043,2020-01-08,2020-01-08
s3044,2020-01-07,2020-01-07
s3045,2020-01-07,2020-01-07
s3046,2020-01-04,2020-01-04
s3047,2020-01-03,2020-01-03
s3048,2020-01-03,2020-01-03
s3049,2020-01-02,2020-01-02
s3050,2020-01-02,2020-01-02
s3051,2020-01-02,2020-01-02
s3052,2020-01-01,2020-01-01
s3053,2020-01-01,2020-01-01
s3054,2020-01-01,2020-01-01
s3055,2020-01-01,2020-01-01
s3056,2020-01-01,2020-01-01
s3057,2020-01-01,2020-01-01
s3058,2020-01-01,2020-01-01
s3059,2020-01-01,2020-01-01
s3060,2020-01-01,2020-01-01
s3061,2020-01-01,2020-01-01
s3062,2020-01-01,2020-01-01
s3063,2020-01-01,2020-01-01
s3064,2020-01-01,2020-01-01
s3065,2020-01-01,2020-01-01
s3066,2020-01-01,2020-01-01
s3067,2020-01-01,2020-01-01
s3068,2020-01-01,2020-01-01
s3069,2020-01-01,2020-01-01
s3070,2020-01-01,2020-01-01
s3071,2020-01-01,2020-01-01
s3072,2020-01-01,2020-01-01
s3073,2020-01-01,2020-01-01
s3074,2020-01-01,2020-01-01
s3075,2020-01-01,2020-01-01
s3076,2020-01-01,2020-01-01
s3077,2020-01-01,2020-01-01
s3078,2019-12-31,2019-12-31
s3079,2019-12-31,2019-12-31
s3080,2019-12-31,2019-12-31
s3081,2019-12-31,2019-12-31
s3082,2019-12-31,2019-12-31
s3083,2019-12-31,2019-12-31
s3084,2019-12-31,2019-12-31
s3085,2019-12-31,2019-12-31
s3086,2019-12-31,2019-12-31
s3087,2019-12-31,2019-12-31
s3088,2019-12-31,2019-12-31
s3089,2019-12-30,2019-12-30
s3090,2019-12-28,2019-12-28
s3091,2019-12-27,2019-12-27
s3092,2019-12-27,2019-12-27
s3093,2019-12-27,2019-12-27
s3094,2019-12-27,2019-12-27
s3095,2019-12-26,2019-12-26
s3096,2019-12-26,2019-12-26
s3097,2019-12-26,2019-12-26
s3098,2019-12-25,2019-12-25
s3099,2019-12-25,2019-12-25
s3100,2019-12-25,2019-12-25
s3101,2019-12-25,2019-12-25
s3102,2019-12-25,2019-12-25
s3103,2019-12-25,2019-12-25
s3104,2019-12-24,2019-12-24
s3105,2019-12-24,2019-12-24
s3106,2019-12-24,2019-12-24
s3107,2019-12-24,2019-12-24
s3108,2019-12-22,2019-12-22
s3109,2019-12-22,2019-12-22
s3110,2019-12-21,2019-12-21
s3111,2019-12-21,2019-12-21
s3112,2019-12-20,2019-12-20
s3113,2019-12-20,2019-12-20
s3114,2019-12-20,2019-12-20
s3115,2019-12-20,2019-12-20
s3116,2019-12-20,2019-12-20
s3117,2019-12-20,2019-12-20
s3118,2019-12-20,2019-12-20
s3119,2019-12-19,2019-12-19
s3120,2019-12-19,2019-12-19
s3121,2019-12-19,2019-12-19
s3122,2019-12-18,2019-12-18
s3123,2019-12-18,2019-12-18
s3124,2019-12-17,2019-12-17
s3125,2019-12-16,2019-12-16
s3126,2019-12-16,2019-12-16
s3127,2019-12-15,2019-12-15
s3128,2019-12-15,2019-12-15
s3129,2019-12-15,2019-12-15
s3130,2019-12-15,2019-12-15
s3131,2019-12-15,2019-12-15
s3132,2019-12-15,2019-12-15
s3133,2019-12-15,2019-12-15
s3134,2019-12-15,2019-12-15
s3135,2019-12-15,2019-12-15
s3136,2019-12-15,2019-12-15
s3137,2019-12-15,2019-12-15
s3138,2019-12-15,2019-12-15
s3139,2019-12-15,2019-12-15
s3140,2019-12-15,2019-12-15
s3141,2019-12-15,2019-12-15
s3142,2019-12-15,2019-12-15
s3143,2019-12-15,2019-12-15
s3144,2019-12-15,2019-12-15
s3145,2019-12-15,2019-12-15
s3146,2019-12-15,2019-12-15
s3147,2019-12-15,2019-12-15
s3148,2019-12-15,2019-12-15
s3149,2019-12-15,2019-12-15
s3150,2019-12-15,2019-12-15
s3151,2019-12-13,2019-12-13
s3152,2019-12-13,2019-12-13
s3153,2019-12-13,2019-12-13
s3154,2019-12-13,2019-12-13
s3155,2019-12-13,2019-12-13
s3156,2019-12-13,2019-12-13
s3157,2019-12-13,2019-12-13
s3158,2019-12-12,2019-12-12
s3159,2019-12-11,2019-12-11
s3160,2019-12-10,2019-12-10
s3161,2019-12-10,2019-12-10
s3162,2019-12-09,2019-12-09
s3163,2019-12-09,2019-12-09
s3164,2019-12-08,2019-12-08
s3165,2019-12-07,2019-12-07
s3166,2019-12-06,2019-12-06
s3167,2019-12-06,2019-12-06
s3168,2019-12-06,2019-12-06
s3169,2019-12-06,2019-12-06
s3170,2019-12-06,2019-12-06
s3171,2019-12-06,2019-12-06
s3172,2019-12-06,2019-12-06
s3173,2019-12-06,2019-12-06
s3174,2019-12-06,2019-12-06
s3175,2019-12-06,2019-12-06
s3176,2019-12-06,2019-12-06
s3177,2019-12-06,2019-12-06
s3178,2019-12-06,2019-12-06
s3179,2019-12-06,2019-12-06
s3180,2019-12-06,2019-12-06
s3181,2019-12-05,2019-12-05
s3182,2019-12-05,2019-12-05
s3183,2019-12-05,2019-12-05
s3184,2019-12-04,2019-12-04
s3185,2019-12-04,2019-12-04
s3186,2019-12-04,2019-12-04
s3187,2019-12-03,2019-12-03
s3188,2019-12-02,2019-12-02
s3189,2019-12-01,2019-12-01
s3190,2019-12-01,2019-12-01
s3191,2019-12-01,2019-12-01
s3192,2019-12-01,2019-12-01
s3193,2019-12-01,2019-12-01
s3194,2019-12-01,2019-12-01
s3195,2019-12-01,2019-12-01
s3196,2019-12-01,2019-12-01
s3197,2019-12-01,2019-12-01
s3198,2019-12-01,2019-12-01
s3199,2019-12-01,2019-12-01
s3200,2019-12-01,2019-12-01
s3201,2019-12-01,2019-12-01
s3202,2019-12-01,2019-12-01
s3203,2019-12-01,2019-12-01
s3204,2019-12-01,2019-12-01
s3205,2019-11-30,2019-11-30
s3206,2019-11-30,2019-11-30
s3207,2019-11-30,2019-11-30
s3208,2019-11-29,2019-11-29
s3209,2019-11-29,2019-11-29
s3210,2019-11-29,2019-11-29
s3211,2019-11-29,2019-11-29
s3212,2019-11-29,2019-11-29
s3213,2019-11-29,2019-11-29
s3214,2019-11-29,2019-11-29
s3215,2019-11-29,2019-11-29
s3216,2019-11-29,2019-11-29
s3217,2019-11-29,2019-11-29
s3218,2019-11-29,2019-11-29
s3219,2019-11-28,2019-11-28
s3220,2019-11-28,2019-11-28
s3221,2019-11-28,2019-11-28
s3222,2019-11-28,2019-11-28
s3223,2019-11-28,2019-11-28
s3224,2019-11-27,2019-11-27
s3225,2019-11-27,2019-11-27
s3226,2019-11-27,2019-11-27
s3227,2019-11-27,2019-11-27
s3228,2019-11-27,2019-11-27
s3229,2019-11-26,2019-11-26
s3230,2019-11-26,2019-11-26
s3231,2019-11-26,2019-11-26
s3232,2019-11-26,2019-11-26
s3233,2019-11-26,2019-11-26
s3234,2019-11-25,2019-11-25
s3235,2019-11-25,2019-11-25
s3236,2019-11-24,2019-11-24
s3237,2019-11-23,2019-11-23
s3238,2019-11-22,2019-11-22
s3239,2019-11-22,2019-11-22
s3240,2019-11-22,2019-11-22
s3241,2019-11-22,2019-11-22
s3242,2019-11-22,2019-11-22
s3243,2019-11-22,2019-11-22
s3244,2019-11-22,2019-11-22
s3245,2019-11-22,2019-11-22
s3246,2019-11-22,2019-11-22
s3247,2019-11-22,2019-11-22
s3248,2019-11-22,2019-11-22
s3249,2019-11-21,2019-11-21
s3250,2019-11-20,2019-11-20
s3251,2019-11-20,2019-11-20
s3252,2019-11-20,2019-11-20
s3253,2019-11-20,2019-11-20
s3254,2019-11-20,2019-11-20
s3255,2019-11-20,2019-11-20
s3256,2019-11-20,2019-11-20
s3257,2019-11-19,2019-11-19
s3258,2019-11-19,2019-11-19
s3259,2019-11-17,2019-11-17
s3260,2019-11-16,2019-11-16
s3261,2019-11-16,2019-11-16
s3262,2019-11-16,2019-11-16
s3263,2019-11-16,2019-11-16
s3264,2019-11-15,2019-11-15
s3265,2019-11-15,2019-11-15
s3266,2019-11-15,2019-11-15
s3267,2019-11-15,2019-11-15
s3268,2019-11-15,2019-11-15
s3269,2019-11-15,2019-11-15
s3270,2019-11-15,2019-11-15
s3271,2019-11-15,2019-11-15
s3272,2019-11-15,2019-11-15
s3273,2019-11-15,2019-11-15
s3274,2019-11-15,2019-11-15
s3275,2019-11-15,2019-11-15
s3276,2019-11-15,2019-11-15
s3277,2019-11-15,2019-11-15
s3278,2019-11-15,2019-11-15
s3279,2019-11-15,2019-11-15
s3280,2019-11-15,2019-11-15
s3281,2019-11-15,2019-11-15
s3282,2019-11-15,2019-11-15
s3283,2019-11-15,2019-11-15
s3284,2019-11-15,2019-11-15
s3285,2019-11-15,2019-11-15
s3286,2019-11-14,2019-11-14
s3287,2019-11-14,2019-11-14
s3288,2019-11-13,2019-11-13
s3289,2019-11-12,2019-11-12
s3290,2019-11-12,2019-11-12
s3291,2019-11-11,2019-11-11
s3292,2019-11-11,2019-11-11
s3293,2019-11-11,2019-11-11
s3294,2019-11-09,2019-11-09
s3295,2019-11-08,2019-11-08
s3296,2019-11-08,2019-11-08
s3297,2019-11-08,2019-11-08
s3298,2019-11-08,2019-11-08
s3299,2019-11-08,2019-11-08
s3300,2019-11-07,2019-11-07
s3301,2019-11-06,2019-11-06
s3302,2019-11-06,2019-11-06
s3303,2019-11-06,2019-11-06
s3304,2019-11-05,2019-11-05
s3305,2019-11-05,2019-11-05
s3306,2019-11-05,2019-11-05
s3307,2019-11-05,2019-11-05
s3308,2019-11-05,2019-11-05
s3309,2019-11-05,2019-11-05
s3310,2019-11-05,2019-11-05
s3311,2019-11-04,2019-11-04
s3312,2019-11-04,2019-11-04
s3313,2019-11-04,2019-11-04
s3314,2019-11-04,2019-11-04
s3315,2019-11-02,2019-11-02
s3316,2019-11-02,2019-11-02
s3317,2019-11-02,2019-11-02
s3318,2019-11-02,2019-11-02
s3319,2019-11-02,2019-11-02
s3320,2019-11-02,2019-11-02
s3321,2019-11-02,2019-11-02
s3322,2019-11-02,2019-11-02
s3323,2019-11-02,2019-11-02
s3324,2019-11-02,2019-11-02
s3325,2019-11-02,2019-11-02
s3326,2019-11-02,2019-11-02
s3327,2019-11-01,2019-11-01
s3328,2019-11-01,2019-11-01
s3329,2019-11-01,2019-11-01
s3330,2019-11-01,2019-11-01
s3331,2019-11-01,2019-11-01
s3332,2019-11-01,2019-11-01
s3333,2019-11-01,2019-11-01
s3334,2019-11-01,2019-11-01
s3335,2019-11-01,2019-11-01
s3336,2019-11-01,2019-11-01
s3337,2019-11-01,2019-11-01
s3338,2019-11-01,2019-11-01
s3339,2019-11-01,2019-11-01
s3340,2019-11-01,2019-11-01
s3341,2019-11-01,2019-11-01
s3342,2019-11-01,2019-11-01
s3343,2019-11-01,2019-11-01
s3344,2019-11-01,2019-11-01
s3345,2019-11-01,2019-11-01
s3346,2019-11-01,2019-11-01
s3347,2019-11-01,2019-11-01
s3348,2019-11-01,2019-11-01
s3349,2019-11-01,2019-11-01
s3350,2019-11-01,2019-11-01
s3351,2019-11-01,2019-11-01
s3352,2019-11-01,2019-11-01
s3353,2019-11-01,2019-11-01
s3354,2019-11-01,2019-11-01
s3355,2019-10-31,2019-10-31
s3356,2019-10-31,2019-10-31
s3357,2019-10-31,2019-10-31
s3358,2019-10-31,2019-10-31
s3359,2019-10-30,2019-10-30
s3360,2019-10-30,2019-10-30
s3361,2019-10-30,2019-10-30
s3362,2019-10-30,2019-10-30
s3363,2019-10-29,2019-10-29
s3364,2019-10-29,2019-10-29
s3365,2019-10-29,2019-10-29
s3366,2019-10-28,2019-10-28
s3367,2019-10-28,2019-10-28
s3368,2019-10-27,2019-10-27
s3369,2019-10-26,2019-10-26
s3370,2019-10-25,2019-10-25
s3371,2019-10-25,2019-10-25
s3372,2019-10-25,2019-10-25
s3373,2019-10-25,2019-10-25
s3374,2019-10-25,2019-10-25
s3375,2019-10-25,2019-10-25
s3376,2019-10-25,2019-10-25
s3377,2019-10-25,2019-10-25
s3378,2019-10-25,2019-10-25
s3379,2019-10-25,2019-10-25
s3380,2019-10-25,2019-10-25
s3381,2019-10-25,2019-10-25
s3382,2019-10-25,2019-10-25
s3383,2019-10-24,2019-10-24
s3384,2019-10-24,2019-10-24
s3385,2019-10-24,2019-10-24
s3386,2019-10-23,2019-10-23
s3387,2019-10-23,2019-10-23
s3388,2019-10-23,2019-10-23
s3389,2019-10-22,2019-10-22
s3390,2019-10-21,2019-10-21
s3391,2019-10-19,2019-10-19
s3392,2019-10-19,2019-10-19
s3393,2019-10-18,2019-10-18
s3394,2019-10-18,2019-10-18
s3395,2019-10-18,2019-10-18
s3396,2019-10-18,2019-10-18
s3397,2019-10-18,2019-10-18
s3398,2019-10-18,2019-10-18
s3399,2019-10-18,2019-10-18
s3400,2019-10-18,2019-10-18
s3401,2019-10-18,2019-10-18
s3402,2019-10-18,2019-10-18
s3403,2019-10-18,2019-10-18
s3404,2019-10-18,2019-10-18
s3405,2019-10-18,2019-10-18
s3406,2019-10-18,2019-10-18
s3407,2019-10-18,2019-10-18
s3408,2019-10-18,2019-10-18
s3409,2019-10-18,2019-10-18
s3410,2019-10-18,2019-10-18
s3411,2019-10-18,2019-10-18
s3412,2019-10-18,2019-10-18
s3413,2019-10-18,2019-10-18
s3414,2019-10-18,2019-10-18
s3415,2019-10-17,2019-10-17
s3416,2019-10-17,2019-10-17
s3417,2019-10-16,2019-10-16
s3418,2019-10-16,2019-10-16
s3419,2019-10-16,2019-10-16
s3420,2019-10-16,2019-10-16
s3421,2019-10-16,2019-10-16
s3422,2019-10-16,2019-10-16
s3423,2019-10-16,2019-10-16
s3424,2019-10-15,2019-10-15
s3425,2019-10-14,2019-10-14
s3426,2019-10-13,2019-10-13
s3427,2019-10-13,2019-10-13
s3428,2019-10-11,2019-10-11
s3429,2019-10-11,2019-10-11
s3430,2019-10-11,2019-10-11
s3431,2019-10-11,2019-10-11
s3432,2019-10-11,2019-10-11
s3433,2019-10-11,2019-10-11
s3434,2019-10-11,2019-10-11
s3435,2019-10-11,2019-10-11
s3436,2019-10-10,2019-10-10
s3437,2019-10-10,2019-10-10
s3438,2019-10-10,2019-10-10
s3439,2019-10-09,2019-10-09
s3440,2019-10-09,2019-10-09
s3441,2019-10-09,2019-10-09
s3442,2019-10-08,2019-10-08
s3443,2019-10-08,2019-10-08
s3444,2019-10-06,2019-10-06
s3445,2019-10-05,2019-10-05
s3446,2019-10-05,2019-10-05
s3447,2019-10-05,2019-10-05
s3448,2019-10-04,2019-10-04
s3449,2019-10-04,2019-10-04
s3450,2019-10-04,2019-10-04
s3451,2019-10-04,2019-10-04
s3452,2019-10-04,2019-10-04
s3453,2019-10-04,2019-10-04
s3454,2019-10-04,2019-10-04
s3455,2019-10-04,2019-10-04
s3456,2019-10-04,2019-10-04
s3457,2019-10-04,2019-10-04
s3458,2019-10-03,2019-10-03
s3459,2019-10-02,2019-10-02
s3460,2019-10-02,2019-10-02
s3461,2019-10-02,2019-10-02
s3462,2019-10-01,2019-10-01
s3463,2019-10-01,2019-10-01
s3464,2019-10-01,2019-10-01
s3465,2019-10-01,2019-10-01
s3466,2019-10-01,2019-10-01
s3467,2019-10-01,2019-10-01
s3468,2019-10-01,2019-10-01
s3469,2019-10-01,2019-10-01
s3470,2019-10-01,2019-10-01
s3471,2019-10-01,2019-10-01
s3472,2019-10-01,2019-10-01
s3473,2019-10-01,2019-10-01
s3474,2019-10-01,2019-10-01
s3475,2019-10-01,2019-10-01
s3476,2019-10-01,2019-10-01
s3477,2019-10-01,2019-10-01
s3478,2019-09-30,2019-09-30
s3479,2019-09-30,2019-09-30
s3480,2019-09-28,2019-09-28
s3481,2019-09-28,2019-09-28
s3482,2019-09-27,2019-09-27
s3483,2019-09-27,2019-09-27
s3484,2019-09-27,2019-09-27
s3485,2019-09-27,2019-09-27
s3486,2019-09-27,2019-09-27
s3487,2019-09-26,2019-09-26
s3488,2019-09-26,2019-09-26
s3489,2019-09-26,2019-09-26
s3490,2019-09-25,2019-09-25
s3491,2019-09-25,2019-09-25
s3492,2019-09-25,2019-09-25
s3493,2019-09-25,2019-09-25
s3494,2019-09-25,2019-09-25
s3495,2019-09-24,2019-09-24
s3496,2019-09-24,2019-09-24
s3497,2019-09-23,2019-09-23
s3498,2019-09-23,2019-09-23
s3499,2019-09-22,2019-09-22
s3500,2019-09-21,2019-09-21
s3501,2019-09-20,2019-09-20
s3502,2019-09-20,2019-09-20
s3503,2019-09-20,2019-09-20
s3504,2019-09-20,2019-09-20
s3505,2019-09-20,2019-09-20
s3506,2019-09-20,2019-09-20
s3507,2019-09-20,2019-09-20
s3508,2019-09-20,2019-09-20
s3509,2019-09-20,2019-09-20
s3510,2019-09-19,2019-09-19
s3511,2019-09-18,2019-09-18
s3512,2019-09-17,2019-09-17
s3513,2019-09-17,2019-09-17
s3514,2019-09-15,2019-09-15
s3515,2019-09-15,2019-09-15
s3516,2019-09-15,2019-09-15
s3517,2019-09-14,2019-09-14
s3518,2019-09-14,2019-09-14
s3519,2019-09-13,2019-09-13
s3520,2019-09-13,2019-09-13
s3521,2019-09-13,2019-09-13
s3522,2019-09-13,2019-09-13
s3523,2019-09-13,2019-09-13
s3524,2019-09-13,2019-09-13
s3525,2019-09-13,2019-09-13
s3526,2019-09-13,2019-09-13
s3527,2019-09-12,2019-09-12
s3528,2019-09-12,2019-09-12
s3529,2019-09-10,2019-09-10
s3530,2019-09-10,2019-09-10
s3531,2019-09-06,2019-09-06
s3532,2019-09-06,2019-09-06
s3533,2019-09-06,2019-09-06
s3534,2019-09-06,2019-09-06
s3535,2019-09-06,2019-09-06
s3536,2019-09-05,2019-09-05
s3537,2019-09-04,2019-09-04
s3538,2019-09-04,2019-09-04
s3539,2019-09-01,2019-09-01
s3540,2019-09-01,2019-09-01
s3541,2019-09-01,2019-09-01
s3542,2019-09-01,2019-09-01
s3543,2019-09-01,2019-09-01
s3544,2019-09-01,2019-09-01
s3545,2019-09-01,2019-09-01
s3546,2019-09-01,2019-09-01
s3547,2019-08-31,2019-08-31
s3548,2019-08-30,2019-08-30
s3549,2019-08-30,2019-08-30
s3550,2019-08-30,2019-08-30
s3551,2019-08-30,2019-08-30
s3552,2019-08-30,2019-08-30
s3553,2019-08-30,2019-08-30
s3554,2019-08-30,2019-08-30
s3555,2019-08-30,2019-08-30
s3556,2019-08-29,2019-08-29
s3557,2019-08-29,2019-08-29
s3558,2019-08-28,2019-08-28
s3559,2019-08-27,2019-08-27
s3560,2019-08-26,2019-08-26
s3561,2019-08-24,2019-08-24
s3562,2019-08-23,2019-08-23
s3563,2019-08-23,2019-08-23
s3564,2019-08-23,2019-08-23
s3565,2019-08-23,2019-08-23
s3566,2019-08-23,2019-08-23
s3567,2019-08-23,2019-08-23
s3568,2019-08-21,2019-08-21
s3569,2019-08-21,2019-08-21
s3570,2019-08-21,2019-08-21
s3571,2019-08-21,2019-08-21
s3572,2019-08-21,2019-08-21
s3573,2019-08-21,2019-08-21
s3574,2019-08-20,2019-08-20
s3575,2019-08-20,2019-08-20
s3576,2019-08-16,2019-08-16
s3577,2019-08-16,2019-08-16
s3578,2019-08-16,2019-08-16
s3579,2019-08-16,2019-08-16
s3580,2019-08-16,2019-08-16
s3581,2019-08-16,2019-08-16
s3582,2019-08-16,2019-08-16
s3583,2019-08-16,2019-08-16
s3584,2019-08-16,2019-08-16
s3585,2019-08-16,2019-08-16
s3586,2019-08-16,2019-08-16
s3587,2019-08-16,2019-08-16
s3588,2019-08-16,2019-08-16
s3589,2019-08-15,2019-08-15
s3590,2019-08-15,2019-08-15
s3591,2019-08-15,2019-08-15
s3592,2019-08-15,2019-08-15
s3593,2019-08-14,2019-08-14
s3594,2019-08-14,2019-08-14
s3595,2019-08-13,2019-08-13
s3596,2019-08-13,2019-08-13
s3597,2019-08-13,2019-08-13
s3598,2019-08-13,2019-08-13
s3599,2019-08-12,2019-08-12
s3600,2019-08-09,2019-08-09
s3601,2019-08-09,2019-08-09
s3602,2019-08-09,2019-08-09
s3603,2019-08-09,2019-08-09
s3604,2019-08-09,2019-08-09
s3605,2019-08-09,2019-08-09
s3606,2019-08-09,2019-08-09
s3607,2019-08-08,2019-08-08
s3608,2019-08-08,2019-08-08
s3609,2019-08-08,2019-08-08
s3610,2019-08-08,2019-08-08
s3611,2019-08-08,2019-08-08
s3612,2019-08-08,2019-08-08
s3613,2019-08-08,2019-08-08
s3614,2019-08-08,2019-08-08
s3615,2019-08-08,2019-08-08
s3616,2019-08-08,2019-08-08
s3617,2019-08-07,2019-08-07
s3618,2019-08-07,2019-08-07
s3619,2019-08-06,2019-08-06
s3620,2019-08-06,2019-08-06
s3621,2019-08-06,2019-08-06
s3622,2019-08-06,2019-08-06
s3623,2019-08-06,2019-08-06
s3624,2019-08-05,2019-08-05
s3625,2019-08-05,2019-08-05
s3626,2019-08-05,2019-08-05
s3627,2019-08-03,2019-08-03
s3628,2019-08-02,2019-08-02
s3629,2019-08-02,2019-08-02
s3630,2019-08-02,2019-08-02
s3631,2019-08-02,2019-08-02
s3632,2019-08-01,2019-08-01
s3633,2019-08-01,2019-08-01
s3634,2019-07-31,2019-07-31
s3635,2019-07-31,2019-07-31
s3636,2019-07-30,2019-07-30
s3637,2019-07-29,2019-07-29
s3638,2019-07-26,2019-07-26
s3639,2019-07-26,2019-07-26
s3640,2019-07-26,2019-07-26
s3641,2019-07-26,2019-07-26
s3642,2019-07-26,2019-07-26
s3643,2019-07-25,2019-07-25
s3644,2019-07-24,2019-07-24
s3645,2019-07-21,2019-07-21
s3646,2019-07-21,2019-07-21
s3647,2019-07-21,2019-07-21
s3648,2019-07-21,2019-07-21
s3649,2019-07-21,2019-07-21
s3650,2019-07-21,2019-07-21
s3651,2019-07-21,2019-07-21
s3652,2019-07-20,2019-07-20
s3653,2019-07-19,2019-07-19
s3654,2019-07-19,2019-07-19
s3655,2019-07-19,2019-07-19
s3656,2019-07-19,2019-07-19
s3657,2019-07-18,2019-07-18
s3658,2019-07-18,2019-07-18
s3659,2019-07-17,2019-07-17
s3660,2019-07-17,2019-07-17
s3661,2019-07-17,2019-07-17
s3662,2019-07-16,2019-07-16
s3663,2019-07-16,2019-07-16
s3664,2019-07-15,2019-07-15
s3665,2019-07-15,2019-07-15
s3666,2019-07-15,2019-07-15
s3667,2019-07-15,2019-07-15
s3668,2019-07-12,2019-07-12
s3669,2019-07-12,2019-07-12
s3670,2019-07-12,2019-07-12
s3671,2019-07-12,2019-07-12
s3672,2019-07-12,2019-07-12
s3673,2019-07-12,2019-07-12
s3674,2019-07-12,2019-07-12
s3675,2019-07-12,2019-07-12
s3676,2019-07-12,2019-07-12
s3677,2019-07-12,2019-07-12
s3678,2019-07-12,2019-07-12
s3679,2019-07-11,2019-07-11
s3680,2019-07-09,2019-07-09
s3681,2019-07-06,2019-07-06
s3682,2019-07-05,2019-07-05
s3683,2019-07-05,2019-07-05
s3684,2019-07-04,2019-07-04
s3685,2019-07-04,2019-07-04
s3686,2019-07-04,2019-07-04
s3687,2019-07-03,2019-07-03
s3688,2019-07-03,2019-07-03
s3689,2019-07-02,2019-07-02
s3690,2019-07-02,2019-07-02
s3691,2019-07-02,2019-07-02
s3692,2019-07-01,2019-07-01
s3693,2019-07-01,2019-07-01
s3694,2019-07-01,2019-07-01
s3695,2019-07-01,2019-07-01
s3696,2019-07-01,2019-07-01
s3697,2019-07-01,2019-07-01
s3698,2019-07-01,2019-07-01
s3699,2019-06-30,2019-06-30
s3700,2019-06-30,2019-06-30
s3701,2019-06-30,2019-06-30
s3702,2019-06-29,2019-06-29
s3703,2019-06-28,2019-06-28
s3704,2019-06-28,2019-06-28
s3705,2019-06-28,2019-06-28
s3706,2019-06-28,2019-06-28
s3707,2019-06-28,2019-06-28
s3708,2019-06-28,2019-06-28
s3709,2019-06-28,2019-06-28
s3710,2019-06-27,2019-06-27
s3711,2019-06-27,2019-06-27
s3712,2019-06-27,2019-06-27
s3713,2019-06-26,2019-06-26
s3714,2019-06-26,2019-06-26
s3715,2019-06-26,2019-06-26
s3716,2019-06-25,2019-06-25
s3717,2019-06-24,2019-06-24
s3718,2019-06-22,2019-06-22
s3719,2019-06-21,2019-06-21
s3720,2019-06-21,2019-06-21
s3721,2019-06-21,2019-06-21
s3722,2019-06-21,2019-06-21
s3723,2019-06-21,2019-06-21
s3724,2019-06-21,2019-06-21
s3725,2019-06-21,2019-06-21
s3726,2019-06-21,2019-06-21
s3727,2019-06-21,2019-06-21
s3728,2019-06-21,2019-06-21
s3729,2019-06-21,2019-06-21
s3730,2019-06-20,2019-06-20
s3731,2019-06-20,2019-06-20
s3732,2019-06-19,2019-06-19
s3733,2019-06-19,2019-06-19
s3734,2019-06-18,2019-06-18
s3735,2019-06-16,2019-06-16
s3736,2019-06-16,2019-06-16
s3737,2019-06-15,2019-06-15
s3738,2019-06-15,2019-06-15
s3739,2019-06-15,2019-06-15
s3740,2019-06-15,2019-06-15
s3741,2019-06-15,2019-06-15
s3742,2019-06-15,2019-06-15
s3743,2019-06-15,2019-06-15
s3744,2019-06-15,2019-06-15
s3745,2019-06-15,2019-06-15
s3746,2019-06-14,2019-06-14
s3747,2019-06-14,2019-06-14
s3748,2019-06-14,2019-06-14
s3749,2019-06-14,2019-06-14
s3750,2019-06-14,2019-06-14
s3751,2019-06-14,2019-06-14
s3752,2019-06-14,2019-06-14
s3753,2019-06-14,2019-06-14
s3754,2019-06-14,2019-06-14
s3755,2019-06-14,2019-06-14
s3756,2019-06-13,2019-06-13
s3757,2019-06-13,2019-06-13
s3758,2019-06-13,2019-06-13
s3759,2019-06-12,2019-06-12
s3760,2019-06-12,2019-06-12
s3761,2019-06-10,2019-06-10
s3762,2019-06-07,2019-06-07
s3763,2019-06-07,2019-06-07
s3764,2019-06-07,2019-06-07
s3765,2019-06-07,2019-06-07
s3766,2019-06-07,2019-06-07
s3767,2019-06-07,2019-06-07
s3768,2019-06-07,2019-06-07
s3769,2019-06-07,2019-06-07
s3770,2019-06-07,2019-06-07
s3771,2019-06-07,2019-06-07
s3772,2019-06-07,2019-06-07
s3773,2019-06-06,2019-06-06
s3774,2019-06-05,2019-06-05
s3775,2019-06-05,2019-06-05
s3776,2019-06-04,2019-06-04
s3777,2019-06-04,2019-06-04
s3778,2019-06-04,2019-06-04
s3779,2019-06-03,2019-06-03
s3780,2019-06-03,2019-06-03
s3781,2019-06-02,2019-06-02
s3782,2019-06-02,2019-06-02
s3783,2019-06-01,2019-06-01
s3784,2019-06-01,2019-06-01
s3785,2019-06-01,2019-06-01
s3786,2019-06-01,2019-06-01
s3787,2019-06-01,2019-06-01
s3788,2019-05-31,2019-05-31
s3789,2019-05-31,2019-05-31
s3790,2019-05-31,2019-05-31
s3791,2019-05-31,2019-05-31
s3792,2019-05-31,2019-05-31
s3793,2019-05-31,2019-05-31
s3794,2019-05-30,2019-05-30
s3795,2019-05-27,2019-05-27
s3796,2019-05-24,2019-05-24
s3797,2019-05-24,2019-05-24
s3798,2019-05-24,2019-05-24
s3799,2019-05-24,2019-05-24
s3800,2019-05-24,2019-05-24
s3801,2019-05-24,2019-05-24
s3802,2019-05-24,2019-05-24
s3803,2019-05-23,2019-05-23
s3804,2019-05-22,2019-05-22
s3805,2019-05-22,2019-05-22
s3806,2019-05-21,2019-05-21
s3807,2019-05-20,2019-05-20
s3808,2019-05-20,2019-05-20
s3809,2019-05-17,2019-05-17
s3810,2019-05-17,2019-05-17
s3811,2019-05-17,2019-05-17
s3812,2019-05-17,2019-05-17
s3813,2019-05-17,2019-05-17
s3814,2019-05-17,2019-05-17
s3815,2019-05-17,2019-05-17
s3816,2019-05-17,2019-05-17
s3817,2019-05-17,2019-05-17
s3818,2019-05-17,2019-05-17
s3819,2019-05-16,2019-05-16
s3820,2019-05-16,2019-05-16
s3821,2019-05-16,2019-05-16
s3822,2019-05-15,2019-05-15
s3823,2019-05-15,2019-05-15
s3824,2019-05-15,2019-05-15
s3825,2019-05-15,2019-05-15
s3826,2019-05-14,2019-05-14
s3827,2019-05-14,2019-05-14
s3828,2019-05-14,2019-05-14
s3829,2019-05-14,2019-05-14
s3830,2019-05-13,2019-05-13
s3831,2019-05-12,2019-05-12
s3832,2019-05-12,2019-05-12
s3833,2019-05-11,2019-05-11
s3834,2019-05-11,2019-05-11
s3835,2019-05-11,2019-05-11
s3836,2019-05-10,2019-05-10
s3837,2019-05-10,2019-05-10
s3838,2019-05-10,2019-05-10
s3839,2019-05-10,2019-05-10
s3840,2019-05-10,2019-05-10
s3841,2019-05-10,2019-05-10
s3842,2019-05-10,2019-05-10
s3843,2019-05-09,2019-05-09
s3844,2019-05-08,2019-05-08
s3845,2019-05-08,2019-05-08
s3846,2019-05-08,2019-05-08
s3847,2019-05-08,2019-05-08
s3848,2019-05-08,2019-05-08
s3849,2019-05-08,2019-05-08
s3850,2019-05-08,2019-05-08
s3851,2019-05-08,2019-05-08
s3852,2019-05-08,2019-05-08
s3853,2019-05-07,2019-05-07
s3854,2019-05-07,2019-05-07
s3855,2019-05-07,2019-05-07
s3856,2019-05-07,2019-05-07
s3857,2019-05-07,2019-05-07
s3858,2019-05-06,2019-05-06
s3859,2019-05-06,2019-05-06
s3860,2019-05-03,2019-05-03
s3861,2019-05-03,2019-05-03
s3862,2019-05-03,2019-05-03
s3863,2019-05-03,2019-05-03
s3864,2019-05-03,2019-05-03
s3865,2019-05-03,2019-05-03
s3866,2019-05-03,2019-05-03
s3867,2019-05-03,2019-05-03
s3868,2019-05-03,2019-05-03
s3869,2019-05-02,2019-05-02
s3870,2019-05-02,2019-05-02
s3871,2019-05-01,2019-05-01
s3872,2019-05-01,2019-05-01
s3873,2019-05-01,2019-05-01
s3874,2019-05-01,2019-05-01
s3875,2019-05-01,2019-05-01
s3876,2019-04-30,2019-04-30
s3877,2019-04-30,2019-04-30
s3878,2019-04-30,2019-04-30
s3879,2019-04-30,2019-04-30
s3880,2019-04-30,2019-04-30
s3881,2019-04-30,2019-04-30
s3882,2019-04-30,2019-04-30
s3883,2019-04-30,2019-04-30
s3884,2019-04-30,2019-04-30
s3885,2019-04-29,2019-04-29
s3886,2019-04-29,2019-04-29
s3887,2019-04-28,2019-04-28
s3888,2019-04-26,2019-04-26
s3889,2019-04-26,2019-04-26
s3890,2019-04-26,2019-04-26
s3891,2019-04-26,2019-04-26
s3892,2019-04-26,2019-04-26
s3893,2019-04-26,2019-04-26
s3894,2019-04-25,2019-04-25
s3895,2019-04-20,2019-04-20
s3896,2019-04-20,2019-04-20
s3897,2019-04-19,2019-04-19
s3898,2019-04-19,2019-04-19
s3899,2019-04-19,2019-04-19
s3900,2019-04-19,2019-04-19
s3901,2019-04-19,2019-04-19
s3902,2019-04-19,2019-04-19
s3903,2019-04-19,2019-04-19
s3904,2019-04-19,2019-04-19
s3905,2019-04-19,2019-04-19
s3906,2019-04-17,2019-04-17
s3907,2019-04-17,2019-04-17
s3908,2019-04-17,2019-04-17
s3909,2019-04-16,2019-04-16
s3910,2019-04-16,2019-04-16
s3911,2019-04-15,2019-04-15
s3912,2019-04-15,2019-04-15
s3913,2019-04-15,2019-04-15
s3914,2019-04-15,2019-04-15
s3915,2019-04-15,2019-04-15
s3916,2019-04-15,2019-04-15
s3917,2019-04-15,2019-04-15
s3918,2019-04-15,2019-04-15
s3919,2019-04-15,2019-04-15
s3920,2019-04-14,2019-04-14
s3921,2019-04-13,2019-04-13
s3922,2019-04-13,2019-04-13
s3923,2019-04-12,2019-04-12
s3924,2019-04-12,2019-04-12
s3925,2019-04-12,2019-04-12
s3926,2019-04-12,2019-04-12
s3927,2019-04-12,2019-04-12
s3928,2019-04-11,2019-04-11
s3929,2019-04-11,2019-04-11
s3930,2019-04-10,2019-04-10
s3931,2019-04-10,2019-04-10
s3932,2019-04-10,2019-04-10
s3933,2019-04-08,2019-04-08
s3934,2019-04-07,2019-04-07
s3935,2019-04-07,2019-04-07
s3936,2019-04-05,2019-04-05
s3937,2019-04-05,2019-04-05
s3938,2019-04-05,2019-04-05
s3939,2019-04-05,2019-04-05
s3940,2019-04-05,2019-04-05
s3941,2019-04-05,2019-04-05
s3942,2019-04-05,2019-04-05
s3943,2019-04-05,2019-04-05
s3944,2019-04-05,2019-04-05
s3945,2019-04-05,2019-04-05
s3946,2019-04-05,2019-04-05
s3947,2019-04-04,2019-04-04
s3948,2019-04-03,2019-04-03
s3949,2019-04-03,2019-04-03
s3950,2019-04-03,2019-04-03
s3951,2019-04-02,2019-04-02
s3952,2019-04-02,2019-04-02
s3953,2019-04-02,2019-04-02
s3954,2019-04-01,2019-04-01
s3955,2019-04-01,2019-04-01
s3956,2019-04-01,2019-04-01
s3957,2019-04-01,2019-04-01
s3958,2019-04-01,2019-04-01
s3959,2019-04-01,2019-04-01
s3960,2019-03-31,2019-03-31
s3961,2019-03-31,2019-03-31
s3962,2019-03-30,2019-03-30
s3963,2019-03-29,2019-03-29
s3964,2019-03-29,2019-03-29
s3965,2019-03-29,2019-03-29
s3966,2019-03-29,2019-03-29
s3967,2019-03-29,2019-03-29
s3968,2019-03-29,2019-03-29
s3969,2019-03-29,2019-03-29
s3970,2019-03-29,2019-03-29
s3971,2019-03-29,2019-03-29
s3972,2019-03-28,2019-03-28
s3973,2019-03-27,2019-03-27
s3974,2019-03-27,2019-03-27
s3975,2019-03-26,2019-03-26
s3976,2019-03-25,2019-03-25
s3977,2019-03-25,2019-03-25
s3978,2019-03-24,2019-03-24
s3979,2019-03-23,2019-03-23
s3980,2019-03-22,2019-03-22
s3981,2019-03-22,2019-03-22
s3982,2019-03-22,2019-03-22
s3983,2019-03-22,2019-03-22
s3984,2019-03-22,2019-03-22
s3985,2019-03-22,2019-03-22
s3986,2019-03-22,2019-03-22
s3987,2019-03-22,2019-03-22
s3988,2019-03-21,2019-03-21
s3989,2019-03-21,2019-03-21
s3990,2019-03-21,2019-03-21
s3991,2019-03-21,2019-03-21
s3992,2019-03-21,2019-03-21
s3993,2019-03-21,2019-03-21
s3994,2019-03-21,2019-03-21
s3995,2019-03-21,2019-03-21
s3996,2019-03-20,2019-03-20
s3997,2019-03-20,2019-03-20
s3998,2019-03-20,2019-03-20
s3999,2019-03-20,2019-03-20
s4000,2019-03-19,2019-03-19
s4001,2019-03-17,2019-03-17
s4002,2019-03-17,2019-03-17
s4003,2019-03-15,2019-03-15
s4004,2019-03-15,2019-03-15
s4005,2019-03-15,2019-03-15
s4006,2019-03-15,2019-03-15
s4007,2019-03-15,2019-03-15
s4008,2019-03-15,2019-03-15
s4009,2019-03-15,2019-03-15
s4010,2019-03-15,2019-03-15
s4011,2019-03-15,2019-03-15
s4012,2019-03-15,2019-03-15
s4013,2019-03-15,2019-03-15
s4014,2019-03-15,2019-03-15
s4015,2019-03-15,2019-03-15
s4016,2019-03-15,2019-03-15
s4017,2019-03-15,2019-03-15
s4018,2019-03-14,2019-03-14
s4019,2019-03-14,2019-03-14
s4020,2019-03-14,2019-03-14
s4021,2019-03-14,2019-03-14
s4022,2019-03-14,2019-03-14
s4023,2019-03-13,2019-03-13
s4024,2019-03-13,2019-03-13
s4025,2019-03-13,2019-03-13
s4026,2019-03-12,2019-03-12
s4027,2019-03-11,2019-03-11
s4028,2019-03-11,2019-03-11
s4029,2019-03-10,2019-03-10
s4030,2019-03-08,2019-03-08
s4031,2019-03-08,2019-03-08
s4032,2019-03-08,2019-03-08
s4033,2019-03-08,2019-03-08
s4034,2019-03-08,2019-03-08
s4035,2019-03-08,2019-03-08
s4036,2019-03-08,2019-03-08
s4037,2019-03-08,2019-03-08
s4038,2019-03-07,2019-03-07
s4039,2019-03-07,2019-03-07
s4040,2019-03-07,2019-03-07
s4041,2019-03-07,2019-03-07
s4042,2019-03-07,2019-03-07
s4043,2019-03-06,2019-03-06
s4044,2019-03-06,2019-03-06
s4045,2019-03-05,2019-03-05
s4046,2019-03-05,2019-03-05
s4047,2019-03-04,2019-03-04
s4048,2019-03-04,2019-03-04
s4049,2019-03-02,2019-03-02
s4050,2019-03-02,2019-03-02
s4051,2019-03-02,2019-03-02
s4052,2019-03-01,2019-03-01
s4053,2019-03-01,2019-03-01
s4054,2019-03-01,2019-03-01
s4055,2019-03-01,2019-03-01
s4056,2019-03-01,2019-03-01
s4057,2019-03-01,2019-03-01
s4058,2019-03-01,2019-03-01
s4059,2019-03-01,2019-03-01
s4060,2019-03-01,2019-03-01
s4061,2019-03-01,2019-03-01
s4062,2019-03-01,2019-03-01
s4063,2019-03-01,2019-03-01
s4064,2019-03-01,2019-03-01
s4065,2019-03-01,2019-03-01
s4066,2019-03-01,2019-03-01
s4067,2019-03-01,2019-03-01
s4068,2019-02-28,2019-02-28
s4069,2019-02-27,2019-02-27
s4070,2019-02-27,2019-02-27
s4071,2019-02-27,2019-02-27
s4072,2019-02-27,2019-02-27
s4073,2019-02-27,2019-02-27
s4074,2019-02-27,2019-02-27
s4075,2019-02-27,2019-02-27
s4076,2019-02-27,2019-02-27
s4077,2019-02-27,2019-02-27
s4078,2019-02-27,2019-02-27
s4079,2019-02-27,2019-02-27
s4080,2019-02-27,2019-02-27
s4081,2019-02-26,2019-02-26
s4082,2019-02-25,2019-02-25
s4083,2019-02-23,2019-02-23
s4084,2019-02-22,2019-02-22
s4085,2019-02-22,2019-02-22
s4086,2019-02-22,2019-02-22
s4087,2019-02-22,2019-02-22
s4088,2019-02-22,2019-02-22
s4089,2019-02-22,2019-02-22
s4090,2019-02-22,2019-02-22
s4091,2019-02-22,2019-02-22
s4092,2019-02-21,2019-02-21
s4093,2019-02-20,2019-02-20
s4094,2019-02-20,2019-02-20
s4095,2019-02-17,2019-02-17
s4096,2019-02-16,2019-02-16
s4097,2019-02-16,2019-02-16
s4098,2019-02-15,2019-02-15
s4099,2019-02-15,2019-02-15
s4100,2019-02-15,2019-02-15
s4101,2019-02-15,2019-02-15
s4102,2019-02-15,2019-02-15
s4103,2019-02-15,2019-02-15
s4104,2019-02-15,2019-02-15
s4105,2019-02-15,2019-02-15
s4106,2019-02-15,2019-02-15
s4107,2019-02-15,2019-02-15
s4108,2019-02-15,2019-02-15
s4109,2019-02-15,2019-02-15
s4110,2019-02-15,2019-02-15
s4111,2019-02-15,2019-02-15
s4112,2019-02-15,2019-02-15
s4113,2019-02-15,2019-02-15
s4114,2019-02-15,2019-02-15
s4115,2019-02-14,2019-02-14
s4116,2019-02-14,2019-02-14
s4117,2019-02-14,2019-02-14
s4118,2019-02-12,2019-02-12
s4119,2019-02-09,2019-02-09
s4120,2019-02-09,2019-02-09
s4121,2019-02-08,2019-02-08
s4122,2019-02-08,2019-02-08
s4123,2019-02-08,2019-02-08
s4124,2019-02-08,2019-02-08
s4125,2019-02-08,2019-02-08
s4126,2019-02-07,2019-02-07
s4127,2019-02-05,2019-02-05
s4128,2019-02-05,2019-02-05
s4129,2019-02-05,2019-02-05
s4130,2019-02-05,2019-02-05
s4131,2019-02-05,2019-02-05
s4132,2019-02-05,2019-02-05
s4133,2019-02-03,2019-02-03
s4134,2019-02-02,2019-02-02
s4135,2019-02-02,2019-02-02
s4136,2019-02-01,2019-02-01
s4137,2019-02-01,2019-02-01
s4138,2019-02-01,2019-02-01
s4139,2019-02-01,2019-02-01
s4140,2019-02-01,2019-02-01
s4141,2019-02-01,2019-02-01
s4142,2019-02-01,2019-02-01
s4143,2019-02-01,2019-02-01
s4144,2019-02-01,2019-02-01
s4145,2019-02-01,2019-02-01
s4146,2019-02-01,2019-02-01
s4147,2019-02-01,2019-02-01
s4148,2019-01-31,2019-01-31
s4149,2019-01-31,2019-01-31
s4150,2019-01-31,2019-01-31
s4151,2019-01-30,2019-01-30
s4152,2019-01-30,2019-01-30
s4153,2019-01-29,2019-01-29
s4154,2019-01-29,2019-01-29
s4155,2019-01-29,2019-01-29
s4156,2019-01-29,2019-01-29
s4157,2019-01-28,2019-01-28
s4158,2019-01-28,2019-01-28
s4159,2019-01-28,2019-01-28
s4160,2019-01-28,2019-01-28
s4161,2019-01-28,2019-01-28
s4162,2019-01-28,2019-01-28
s4163,2019-01-27,2019-01-27
s4164,2019-01-27,2019-01-27
s4165,2019-01-26,2019-01-26
s4166,2019-01-25,2019-01-25
s4167,2019-01-25,2019-01-25
s4168,2019-01-25,2019-01-25
s4169,2019-01-25,2019-01-25
s4170,2019-01-25,2019-01-25
s4171,2019-01-25,2019-01-25
s4172,2019-01-25,2019-01-25
s4173,2019-01-24,2019-01-24
s4174,2019-01-24,2019-01-24
s4175,2019-01-23,2019-01-23
s4176,2019-01-18,2019-01-18
s4177,2019-01-18,2019-01-18
s4178,2019-01-18,2019-01-18
s4179,2019-01-18,2019-01-18
s4180,2019-01-18,2019-01-18
s4181,2019-01-18,2019-01-18
s4182,2019-01-18,2019-01-18
s4183,2019-01-18,2019-01-18
s4184,2019-01-18,2019-01-18
s4185,2019-01-18,2019-01-18
s4186,2019-01-15,2019-01-15
s4187,2019-01-15,2019-01-15
s4188,2019-01-15,2019-01-15
s4189,2019-01-15,2019-01-15
s4190,2019-01-15,2019-01-15
s4191,2019-01-15,2019-01-15
s4192,2019-01-15,2019-01-15
s4193,2019-01-15,2019-01-15
s4194,2019-01-15,2019-01-15
s4195,2019-01-15,2019-01-15
s4196,2019-01-15,2019-01-15
s4197,2019-01-14,2019-01-14
s4198,2019-01-13,2019-01-13
s4199,2019-01-11,2019-01-11
s4200,2019-01-11,2019-01-11
s4201,2019-01-11,2019-01-11
s4202,2019-01-11,2019-01-11
s4203,2019-01-11,2019-01-11
s4204,2019-01-11,2019-01-11
s4205,2019-01-11,2019-01-11
s4206,2019-01-11,2019-01-11
s4207,2019-01-10,2019-01-10
s4208,2019-01-10,2019-01-10
s4209,2019-01-09,2019-01-09
s4210,2019-01-09,2019-01-09
s4211,2019-01-07,2019-01-07
s4212,2019-01-05,2019-01-05
s4213,2019-01-04,2019-01-04
s4214,2019-01-04,2019-01-04
s4215,2019-01-04,2019-01-04
s4216,2019-01-04,2019-01-04
s4217,2019-01-02,2019-01-02
s4218,2019-01-02,2019-01-02
s4219,2019-01-01,2019-01-01
s4220,2019-01-01,2019-01-01
s4221,2019-01-01,2019-01-01
s4222,2019-01-01,2019-01-01
s4223,2019-01-01,2019-01-01
s4224,2019-01-01,2019-01-01
s4225,2019-01-01,2019-01-01
s4226,2019-01-01,2019-01-01
s4227,2019-01-01,2019-01-01
s4228,2019-01-01,2019-01-01
s4229,2019-01-01,2019-01-01
s4230,2018-12-31,2018-12-31
s4231,2018-12-31,2018-12-31
s4232,2018-12-31,2018-12-31
s4233,2018-12-31,2018-12-31
s4234,2018-12-31,2018-12-31
s4235,2018-12-31,2018-12-31
s4236,2018-12-31,2018-12-31
s4237,2018-12-31,2018-12-31
s4238,2018-12-31,2018-12-31
s4239,2018-12-31,2018-12-31
s4240,2018-12-31,2018-12-31
s4241,2018-12-31,2018-12-31
s4242,2018-12-31,2018-12-31
s4243,2018-12-31,2018-12-31
s4244,2018-12-31,2018-12-31
s4245,2018-12-31,2018-12-31
s4246,2018-12-31,2018-12-31
s4247,2018-12-31,2018-12-31
s4248,2018-12-31,2018-12-31
s4249,2018-12-31,2018-12-31
s4250,2018-12-31,2018-12-31
s4251,2018-12-30,2018-12-30
s4252,2018-12-29,2018-12-29
s4253,2018-12-28,2018-12-28
s4254,2018-12-28,2018-12-28
s4255,2018-12-28,2018-12-28
s4256,2018-12-28,2018-12-28
s4257,2018-12-28,2018-12-28
s4258,2018-12-28,2018-12-28
s4259,2018-12-28,2018-12-28
s4260,2018-12-28,2018-12-28
s4261,2018-12-24,2018-12-24
s4262,2018-12-24,2018-12-24
s4263,2018-12-23,2018-12-23
s4264,2018-12-22,2018-12-22
s4265,2018-12-22,2018-12-22
s4266,2018-12-22,2018-12-22
s4267,2018-12-21,2018-12-21
s4268,2018-12-21,2018-12-21
s4269,2018-12-21,2018-12-21
s4270,2018-12-21,2018-12-21
s4271,2018-12-21,2018-12-21
s4272,2018-12-21,2018-12-21
s4273,2018-12-21,2018-12-21
s4274,2018-12-21,2018-12-21
s4275,2018-12-21,2018-12-21
s4276,2018-12-21,2018-12-21
s4277,2018-12-21,2018-12-21
s4278,2018-12-20,2018-12-20
s4279,2018-12-20,2018-12-20
s4280,2018-12-20,2018-12-20
s4281,2018-12-20,2018-12-20
s4282,2018-12-20,2018-12-20
s4283,2018-12-20,2018-12-20
s4284,2018-12-19,2018-12-19
s4285,2018-12-18,2018-12-18
s4286,2018-12-17,2018-12-17
s4287,2018-12-17,2018-12-17
s4288,2018-12-16,2018-12-16
s4289,2018-12-16,2018-12-16
s4290,2018-12-16,2018-12-16
s4291,2018-12-16,2018-12-16
s4292,2018-12-16,2018-12-16
s4293,2018-12-16,2018-12-16
s4294,2018-12-16,2018-12-16
s4295,2018-12-16,2018-12-16
s4296,2018-12-15,2018-12-15
s4297,2018-12-15,2018-12-15
s4298,2018-12-15,2018-12-15
s4299,2018-12-15,2018-12-15
s4300,2018-12-15,2018-12-15
s4301,2018-12-15,2018-12-15
s4302,2018-12-15,2018-12-15
s4303,2018-12-15,2018-12-15
s4304,2018-12-15,2018-12-15
s4305,2018-12-14,2018-12-14
s4306,2018-12-14,2018-12-14
s4307,2018-12-14,2018-12-14
s4308,2018-12-14,2018-12-14
s4309,2018-12-14,2018-12-14
s4310,2018-12-14,2018-12-14
s4311,2018-12-14,2018-12-14
s4312,2018-12-14,2018-12-14
s4313,2018-12-12,2018-12-12
s4314,2018-12-12,2018-12-12
s4315,2018-12-11,2018-12-11
s4316,2018-12-07,2018-12-07
s4317,2018-12-07,2018-12-07
s4318,2018-12-07,2018-12-07
s4319,2018-12-07,2018-12-07
s4320,2018-12-07,2018-12-07
s4321,2018-12-07,2018-12-07
s4322,2018-12-07,2018-12-07
s4323,2018-12-07,2018-12-07
s4324,2018-12-07,2018-12-07
s4325,2018-12-07,2018-12-07
s4326,2018-12-04,2018-12-04
s4327,2018-12-03,2018-12-03
s4328,2018-12-02,2018-12-02
s4329,2018-12-02,2018-12-02
s4330,2018-12-01,2018-12-01
s4331,2018-12-01,2018-12-01
s4332,2018-12-01,2018-12-01
s4333,2018-12-01,2018-12-01
s4334,2018-12-01,2018-12-01
s4335,2018-12-01,2018-12-01
s4336,2018-12-01,2018-12-01
s4337,2018-12-01,2018-12-01
s4338,2018-12-01,2018-12-01
s4339,2018-12-01,2018-12-01
s4340,2018-12-01,2018-12-01
s4341,2018-12-01,2018-12-01
s4342,2018-12-01,2018-12-01
s4343,2018-12-01,2018-12-01
s4344,2018-12-01,2018-12-01
s4345,2018-12-01,2018-12-01
s4346,2018-12-01,2018-12-01
s4347,2018-12-01,2018-12-01
s4348,2018-12-01,2018-12-01
s4349,2018-12-01,2018-12-01
s4350,2018-12-01,2018-12-01
s4351,2018-11-30,2018-11-30
s4352,2018-11-30,2018-11-30
s4353,2018-11-30,2018-11-30
s4354,2018-11-30,2018-11-30
s4355,2018-11-30,2018-11-30
s4356,2018-11-30,2018-11-30
s4357,2018-11-30,2018-11-30
s4358,2018-11-30,2018-11-30
s4359,2018-11-30,2018-11-30
s4360,2018-11-30,2018-11-30
s4361,2018-11-30,2018-11-30
s4362,2018-11-30,2018-11-30
s4363,2018-11-27,2018-11-27
s4364,2018-11-27,2018-11-27
s4365,2018-11-25,2018-11-25
s4366,2018-11-23,2018-11-23
s4367,2018-11-23,2018-11-23
s4368,2018-11-23,2018-11-23
s4369,2018-11-22,2018-11-22
s4370,2018-11-22,2018-11-22
s4371,2018-11-21,2018-11-21
s4372,2018-11-20,2018-11-20
s4373,2018-11-20,2018-11-20
s4374,2018-11-20,2018-11-20
s4375,2018-11-20,2018-11-20
s4376,2018-11-20,2018-11-20
s4377,2018-11-20,2018-11-20
s4378,2018-11-20,2018-11-20
s4379,2018-11-18,2018-11-18
s4380,2018-11-17,2018-11-17
s4381,2018-11-17,2018-11-17
s4382,2018-11-17,2018-11-17
s4383,2018-11-16,2018-11-16
s4384,2018-11-16,2018-11-16
s4385,2018-11-16,2018-11-16
s4386,2018-11-16,2018-11-16
s4387,2018-11-16,2018-11-16
s4388,2018-11-16,2018-11-16
s4389,2018-11-15,2018-11-15
s4390,2018-11-15,2018-11-15
s4391,2018-11-15,2018-11-15
s4392,2018-11-15,2018-11-15
s4393,2018-11-15,2018-11-15
s4394,2018-11-15,2018-11-15
s4395,2018-11-15,2018-11-15
s4396,2018-11-15,2018-11-15
s4397,2018-11-15,2018-11-15
s4398,2018-11-13,2018-11-13
s4399,2018-11-13,2018-11-13
s4400,2018-11-13,2018-11-13
s4401,2018-11-10,2018-11-10
s4402,2018-11-09,2018-11-09
s4403,2018-11-09,2018-11-09
s4404,2018-11-09,2018-11-09
s4405,2018-11-09,2018-11-09
s4406,2018-11-09,2018-11-09
s4407,2018-11-09,2018-11-09
s4408,2018-11-09,2018-11-09
s4409,2018-11-09,2018-11-09
s4410,2018-11-08,2018-11-08
s4411,2018-11-07,2018-11-07
s4412,2018-11-05,2018-11-05
s4413,2018-11-05,2018-11-05
s4414,2018-11-03,2018-11-03
s4415,2018-11-02,2018-11-02
s4416,2018-11-02,2018-11-02
s4417,2018-11-02,2018-11-02
s4418,2018-11-02,2018-11-02
s4419,2018-11-02,2018-11-02
s4420,2018-11-02,2018-11-02
s4421,2018-11-01,2018-11-01
s4422,2018-11-01,2018-11-01
s4423,2018-11-01,2018-11-01
s4424,2018-11-01,2018-11-01
s4425,2018-11-01,2018-11-01
s4426,2018-11-01,2018-11-01
s4427,2018-11-01,2018-11-01
s4428,2018-11-01,2018-11-01
s4429,2018-11-01,2018-11-01
s4430,2018-11-01,2018-11-01
s4431,2018-11-01,2018-11-01
s4432,2018-11-01,2018-11-01
s4433,2018-11-01,2018-11-01
s4434,2018-11-01,2018-11-01
s4435,2018-11-01,2018-11-01
s4436,2018-11-01,2018-11-01
s4437,2018-11-01,2018-11-01
s4438,2018-11-01,2018-11-01
s4439,2018-11-01,2018-11-01
s4440,2018-11-01,2018-11-01
s4441,2018-11-01,2018-11-01
s4442,2018-11-01,2018-11-01
s4443,2018-11-01,2018-11-01
s4444,2018-11-01,2018-11-01
s4445,2018-11-01,2018-11-01
s4446,2018-11-01,2018-11-01
s4447,2018-11-01,2018-11-01
s4448,2018-11-01,2018-11-01
s4449,2018-11-01,2018-11-01
s4450,2018-11-01,2018-11-01
s4451,2018-11-01,2018-11-01
s4452,2018-11-01,2018-11-01
s4453,2018-11-01,2018-11-01
s4454,2018-11-01,2018-11-01
s4455,2018-11-01,2018-11-01
s4456,2018-11-01,2018-11-01
s4457,2018-11-01,2018-11-01
s4458,2018-11-01,2018-11-01
s4459,2018-11-01,2018-11-01
s4460,2018-11-01,2018-11-01
s4461,2018-11-01,2018-11-01
s4462,2018-11-01,2018-11-01
s4463,2018-11-01,2018-11-01
s4464,2018-11-01,2018-11-01
s4465,2018-11-01,2018-11-01
s4466,2018-11-01,2018-11-01
s4467,2018-11-01,2018-11-01
s4468,2018-10-31,2018-10-31
s4469,2018-10-31,2018-10-31
s4470,2018-10-30,2018-10-30
s4471,2018-10-27,2018-10-27
s4472,2018-10-26,2018-10-26
s4473,2018-10-26,2018-10-26
s4474,2018-10-26,2018-10-26
s4475,2018-10-26,2018-10-26
s4476,2018-10-26,2018-10-26
s4477,2018-10-26,2018-10-26
s4478,2018-10-26,2018-10-26
s4479,2018-10-25,2018-10-25
s4480,2018-10-25,2018-10-25
s4481,2018-10-25,2018-10-25
s4482,2018-10-24,2018-10-24
s4483,2018-10-23,2018-10-23
s4484,2018-10-23,2018-10-23
s4485,2018-10-23,2018-10-23
s4486,2018-10-23,2018-10-23
s4487,2018-10-20,2018-10-20
s4488,2018-10-19,2018-10-19
s4489,2018-10-19,2018-10-19
s4490,2018-10-19,2018-10-19
s4491,2018-10-19,2018-10-19
s4492,2018-10-19,2018-10-19
s4493,2018-10-19,2018-10-19
s4494,2018-10-19,2018-10-19
s4495,2018-10-19,2018-10-19
s4496,2018-10-19,2018-10-19
s4497,2018-10-19,2018-10-19
s4498,2018-10-19,2018-10-19
s4499,2018-10-19,2018-10-19
s4500,2018-10-19,2018-10-19
s4501,2018-10-19,2018-10-19
s4502,2018-10-19,2018-10-19
s4503,2018-10-18,2018-10-18
s4504,2018-10-17,2018-10-17
s4505,2018-10-16,2018-10-16
s4506,2018-10-16,2018-10-16
s4507,2018-10-15,2018-10-15
s4508,2018-10-15,2018-10-15
s4509,2018-10-15,2018-10-15
s4510,2018-10-13,2018-10-13
s4511,2018-10-12,2018-10-12
s4512,2018-10-12,2018-10-12
s4513,2018-10-12,2018-10-12
s4514,2018-10-12,2018-10-12
s4515,2018-10-12,2018-10-12
s4516,2018-10-12,2018-10-12
s4517,2018-10-12,2018-10-12
s4518,2018-10-12,2018-10-12
s4519,2018-10-12,2018-10-12
s4520,2018-10-12,2018-10-12
s4521,2018-10-11,2018-10-11
s4522,2018-10-11,2018-10-11
s4523,2018-10-10,2018-10-10
s4524,2018-10-10,2018-10-10
s4525,2018-10-10,2018-10-10
s4526,2018-10-09,2018-10-09
s4527,2018-10-08,2018-10-08
s4528,2018-10-08,2018-10-08
s4529,2018-10-06,2018-10-06
s4530,2018-10-05,2018-10-05
s4531,2018-10-05,2018-10-05
s4532,2018-10-05,2018-10-05
s4533,2018-10-05,2018-10-05
s4534,2018-10-05,2018-10-05
s4535,2018-10-05,2018-10-05
s4536,2018-10-05,2018-10-05
s4537,2018-10-04,2018-10-04
s4538,2018-10-03,2018-10-03
s4539,2018-10-03,2018-10-03
s4540,2018-10-02,2018-10-02
s4541,2018-10-02,2018-10-02
s4542,2018-10-02,2018-10-02
s4543,2018-10-02,2018-10-02
s4544,2018-10-02,2018-10-02
s4545,2018-10-02,2018-10-02
s4546,2018-10-02,2018-10-02
s4547,2018-10-02,2018-10-02
s4548,2018-10-02,2018-10-02
s4549,2018-10-02,2018-10-02
s4550,2018-10-02,2018-10-02
s4551,2018-10-02,2018-10-02
s4552,2018-10-02,2018-10-02
s4553,2018-10-02,2018-10-02
s4554,2018-10-02,2018-10-02
s4555,2018-10-02,2018-10-02
s4556,2018-10-02,2018-10-02
s4557,2018-10-01,2018-10-01
s4558,2018-10-01,2018-10-01
s4559,2018-10-01,2018-10-01
s4560,2018-10-01,2018-10-01
s4561,2018-10-01,2018-10-01
s4562,2018-10-01,2018-10-01
s4563,2018-10-01,2018-10-01
s4564,2018-10-01,2018-10-01
s4565,2018-10-01,2018-10-01
s4566,2018-10-01,2018-10-01
s4567,2018-10-01,2018-10-01
s4568,2018-10-01,2018-10-01
s4569,2018-10-01,2018-10-01
s4570,2018-10-01,2018-10-01
s4571,2018-10-01,2018-10-01
s4572,2018-10-01,2018-10-01
s4573,2018-10-01,2018-10-01
s4574,2018-10-01,2018-10-01
s4575,2018-10-01,2018-10-01
s4576,2018-10-01,2018-10-01
s4577,2018-10-01,2018-10-01
s4578,2018-10-01,2018-10-01
s4579,2018-10-01,2018-10-01
s4580,2018-10-01,2018-10-01
s4581,2018-10-01,2018-10-01
s4582,2018-10-01,2018-10-01
s4583,2018-10-01,2018-10-01
s4584,2018-10-01,2018-10-01
s4585,2018-10-01,2018-10-01
s4586,2018-10-01,2018-10-01
s4587,2018-10-01,2018-10-01
s4588,2018-10-01,2018-10-01
s4589,2018-10-01,2018-10-01
s4590,2018-10-01,2018-10-01
s4591,2018-10-01,2018-10-01
s4592,2018-10-01,2018-10-01
s4593,2018-10-01,2018-10-01
s4594,2018-10-01,2018-10-01
s4595,2018-10-01,2018-10-01
s4596,2018-10-01,2018-10-01
s4597,2018-10-01,2018-10-01
s4598,2018-10-01,2018-10-01
s4599,2018-10-01,2018-10-01
s4600,2018-10-01,2018-10-01
s4601,2018-10-01,2018-10-01
s4602,2018-10-01,2018-10-01
s4603,2018-10-01,2018-10-01
s4604,2018-10-01,2018-10-01
s4605,2018-10-01,2018-10-01
s4606,2018-10-01,2018-10-01
s4607,2018-10-01,2018-10-01
s4608,2018-10-01,2018-10-01
s4609,2018-10-01,2018-10-01
s4610,2018-10-01,2018-10-01
s4611,2018-10-01,2018-10-01
s4612,2018-10-01,2018-10-01
s4613,2018-10-01,2018-10-01
s4614,2018-10-01,2018-10-01
s4615,2018-10-01,2018-10-01
s4616,2018-10-01,2018-10-01
s4617,2018-09-30,2018-09-30
s4618,2018-09-29,2018-09-29
s4619,2018-09-28,2018-09-28
s4620,2018-09-28,2018-09-28
s4621,2018-09-28,2018-09-28
s4622,2018-09-28,2018-09-28
s4623,2018-09-28,2018-09-28
s4624,2018-09-28,2018-09-28
s4625,2018-09-28,2018-09-28
s4626,2018-09-28,2018-09-28
s4627,2018-09-22,2018-09-22
s4628,2018-09-21,2018-09-21
s4629,2018-09-21,2018-09-21
s4630,2018-09-21,2018-09-21
s4631,2018-09-21,2018-09-21
s4632,2018-09-21,2018-09-21
s4633,2018-09-21,2018-09-21
s4634,2018-09-20,2018-09-20
s4635,2018-09-19,2018-09-19
s4636,2018-09-15,2018-09-15
s4637,2018-09-14,2018-09-14
s4638,2018-09-14,2018-09-14
s4639,2018-09-14,2018-09-14
s4640,2018-09-14,2018-09-14
s4641,2018-09-14,2018-09-14
s4642,2018-09-14,2018-09-14
s4643,2018-09-14,2018-09-14
s4644,2018-09-14,2018-09-14
s4645,2018-09-13,2018-09-13
s4646,2018-09-12,2018-09-12
s4647,2018-09-12,2018-09-12
s4648,2018-09-11,2018-09-11
s4649,2018-09-11,2018-09-11
s4650,2018-09-11,2018-09-11
s4651,2018-09-09,2018-09-09
s4652,2018-09-08,2018-09-08
s4653,2018-09-08,2018-09-08
s4654,2018-09-07,2018-09-07
s4655,2018-09-07,2018-09-07
s4656,2018-09-07,2018-09-07
s4657,2018-09-07,2018-09-07
s4658,2018-09-07,2018-09-07
s4659,2018-09-07,2018-09-07
s4660,2018-09-07,2018-09-07
s4661,2018-09-06,2018-09-06
s4662,2018-09-03,2018-09-03
s4663,2018-09-02,2018-09-02
s4664,2018-09-02,2018-09-02
s4665,2018-09-01,2018-09-01
s4666,2018-09-01,2018-09-01
s4667,2018-09-01,2018-09-01
s4668,2018-09-01,2018-09-01
s4669,2018-09-01,2018-09-01
s4670,2018-09-01,2018-09-01
s4671,2018-09-01,2018-09-01
s4672,2018-09-01,2018-09-01
s4673,2018-08-31,2018-08-31
s4674,2018-08-31,2018-08-31
s4675,2018-08-31,2018-08-31
s4676,2018-08-31,2018-08-31
s4677,2018-08-31,2018-08-31
s4678,2018-08-31,2018-08-31
s4679,2018-08-31,2018-08-31
s4680,2018-08-28,2018-08-28
s4681,2018-08-28,2018-08-28
s4682,2018-08-28,2018-08-28
s4683,2018-08-27,2018-08-27
s4684,2018-08-25,2018-08-25
s4685,2018-08-24,2018-08-24
s4686,2018-08-24,2018-08-24
s4687,2018-08-24,2018-08-24
s4688,2018-08-24,2018-08-24
s4689,2018-08-24,2018-08-24
s4690,2018-08-24,2018-08-24
s4691,2018-08-21,2018-08-21
s4692,2018-08-21,2018-08-21
s4693,2018-08-21,2018-08-21
s4694,2018-08-21,2018-08-21
s4695,2018-08-21,2018-08-21
s4696,2018-08-17,2018-08-17
s4697,2018-08-17,2018-08-17
s4698,2018-08-17,2018-08-17
s4699,2018-08-17,2018-08-17
s4700,2018-08-17,2018-08-17
s4701,2018-08-16,2018-08-16
s4702,2018-08-15,2018-08-15
s4703,2018-08-10,2018-08-10
s4704,2018-08-10,2018-08-10
s4705,2018-08-10,2018-08-10
s4706,2018-08-10,2018-08-10
s4707,2018-08-10,2018-08-10
s4708,2018-08-10,2018-08-10
s4709,2018-08-09,2018-08-09
s4710,2018-08-09,2018-08-09
s4711,2018-08-08,2018-08-08
s4712,2018-08-05,2018-08-05
s4713,2018-08-04,2018-08-04
s4714,2018-08-04,2018-08-04
s4715,2018-08-04,2018-08-04
s4716,2018-08-04,2018-08-04
s4717,2018-08-03,2018-08-03
s4718,2018-08-03,2018-08-03
s4719,2018-08-03,2018-08-03
s4720,2018-08-02,2018-08-02
s4721,2018-08-02,2018-08-02
s4722,2018-08-02,2018-08-02
s4723,2018-08-02,2018-08-02
s4724,2018-08-02,2018-08-02
s4725,2018-08-02,2018-08-02
s4726,2018-08-02,2018-08-02
s4727,2018-08-02,2018-08-02
s4728,2018-08-02,2018-08-02
s4729,2018-08-02,2018-08-02
s4730,2018-08-02,2018-08-02
s4731,2018-08-02,2018-08-02
s4732,2018-08-02,2018-08-02
s4733,2018-08-02,2018-08-02
s4734,2018-08-02,2018-08-02
s4735,2018-08-02,2018-08-02
s4736,2018-08-02,2018-08-02
s4737,2018-08-02,2018-08-02
s4738,2018-08-02,2018-08-02
s4739,2018-08-01,2018-08-01
s4740,2018-08-01,2018-08-01
s4741,2018-08-01,2018-08-01
s4742,2018-08-01,2018-08-01
s4743,2018-08-01,2018-08-01
s4744,2018-07-30,2018-07-30
s4745,2018-07-30,2018-07-30
s4746,2018-07-28,2018-07-28
s4747,2018-07-28,2018-07-28
s4748,2018-07-28,2018-07-28
s4749,2018-07-28,2018-07-28
s4750,2018-07-27,2018-07-27
s4751,2018-07-27,2018-07-27
s4752,2018-07-27,2018-07-27
s4753,2018-07-27,2018-07-27
s4754,2018-07-27,2018-07-27
s4755,2018-07-27,2018-07-27
s4756,2018-07-25,2018-07-25
s4757,2018-07-24,2018-07-24
s4758,2018-07-24,2018-07-24
s4759,2018-07-20,2018-07-20
s4760,2018-07-20,2018-07-20
s4761,2018-07-20,2018-07-20
s4762,2018-07-20,2018-07-20
s4763,2018-07-20,2018-07-20
s4764,2018-07-20,2018-07-20
s4765,2018-07-20,2018-07-20
s4766,2018-07-20,2018-07-20
s4767,2018-07-19,2018-07-19
s4768,2018-07-18,2018-07-18
s4769,2018-07-18,2018-07-18
s4770,2018-07-18,2018-07-18
s4771,2018-07-15,2018-07-15
s4772,2018-07-15,2018-07-15
s4773,2018-07-14,2018-07-14
s4774,2018-07-13,2018-07-13
s4775,2018-07-13,2018-07-13
s4776,2018-07-13,2018-07-13
s4777,2018-07-11,2018-07-11
s4778,2018-07-10,2018-07-10
s4779,2018-07-10,2018-07-10
s4780,2018-07-08,2018-07-08
s4781,2018-07-06,2018-07-06
s4782,2018-07-06,2018-07-06
s4783,2018-07-06,2018-07-06
s4784,2018-07-06,2018-07-06
s4785,2018-07-06,2018-07-06
s4786,2018-07-04,2018-07-04
s4787,2018-07-03,2018-07-03
s4788,2018-07-03,2018-07-03
s4789,2018-07-03,2018-07-03
s4790,2018-07-02,2018-07-02
s4791,2018-07-01,2018-07-01
s4792,2018-07-01,2018-07-01
s4793,2018-07-01,2018-07-01
s4794,2018-07-01,2018-07-01
s4795,2018-07-01,2018-07-01
s4796,2018-07-01,2018-07-01
s4797,2018-07-01,2018-07-01
s4798,2018-07-01,2018-07-01
s4799,2018-07-01,2018-07-01
s4800,2018-07-01,2018-07-01
s4801,2018-07-01,2018-07-01
s4802,2018-07-01,2018-07-01
s4803,2018-07-01,2018-07-01
s4804,2018-06-30,2018-06-30
s4805,2018-06-30,2018-06-30
s4806,2018-06-30,2018-06-30
s4807,2018-06-29,2018-06-29
s4808,2018-06-29,2018-06-29
s4809,2018-06-29,2018-06-29
s4810,2018-06-29,2018-06-29
s4811,2018-06-29,2018-06-29
s4812,2018-06-29,2018-06-29
s4813,2018-06-29,2018-06-29
s4814,2018-06-26,2018-06-26
s4815,2018-06-26,2018-06-26
s4816,2018-06-25,2018-06-25
s4817,2018-06-25,2018-06-25
s4818,2018-06-24,2018-06-24
s4819,2018-06-23,2018-06-23
s4820,2018-06-22,2018-06-22
s4821,2018-06-22,2018-06-22
s4822,2018-06-22,2018-06-22
s4823,2018-06-22,2018-06-22
s4824,2018-06-19,2018-06-19
s4825,2018-06-18,2018-06-18
s4826,2018-06-15,2018-06-15
s4827,2018-06-15,2018-06-15
s4828,2018-06-15,2018-06-15
s4829,2018-06-15,2018-06-15
s4830,2018-06-15,2018-06-15
s4831,2018-06-15,2018-06-15
s4832,2018-06-15,2018-06-15
s4833,2018-06-15,2018-06-15
s4834,2018-06-08,2018-06-08
s4835,2018-06-08,2018-06-08
s4836,2018-06-08,2018-06-08
s4837,2018-06-08,2018-06-08
s4838,2018-06-07,2018-06-07
s4839,2018-06-02,2018-06-02
s4840,2018-06-01,2018-06-01
s4841,2018-06-01,2018-06-01
s4842,2018-06-01,2018-06-01
s4843,2018-06-01,2018-06-01
s4844,2018-06-01,2018-06-01
s4845,2018-05-30,2018-05-30
s4846,2018-05-29,2018-05-29
s4847,2018-05-27,2018-05-27
s4848,2018-05-26,2018-05-26
s4849,2018-05-26,2018-05-26
s4850,2018-05-25,2018-05-25
s4851,2018-05-25,2018-05-25
s4852,2018-05-25,2018-05-25
s4853,2018-05-25,2018-05-25
s4854,2018-05-22,2018-05-22
s4855,2018-05-22,2018-05-22
s4856,2018-05-18,2018-05-18
s4857,2018-05-18,2018-05-18
s4858,2018-05-18,2018-05-18
s4859,2018-05-17,2018-05-17
s4860,2018-05-16,2018-05-16
s4861,2018-05-15,2018-05-15
s4862,2018-05-15,2018-05-15
s4863,2018-05-15,2018-05-15
s4864,2018-05-13,2018-05-13
s4865,2018-05-12,2018-05-12
s4866,2018-05-11,2018-05-11
s4867,2018-05-11,2018-05-11
s4868,2018-05-11,2018-05-11
s4869,2018-05-11,2018-05-11
s4870,2018-05-11,2018-05-11
s4871,2018-05-08,2018-05-08
s4872,2018-05-07,2018-05-07
s4873,2018-05-05,2018-05-05
s4874,2018-05-05,2018-05-05
s4875,2018-05-04,2018-05-04
s4876,2018-05-04,2018-05-04
s4877,2018-05-04,2018-05-04
s4878,2018-05-04,2018-05-04
s4879,2018-05-04,2018-05-04
s4880,2018-05-04,2018-05-04
s4881,2018-05-04,2018-05-04
s4882,2018-05-04,2018-05-04
s4883,2018-05-04,2018-05-04
s4884,2018-05-03,2018-05-03
s4885,2018-05-02,2018-05-02
s4886,2018-05-01,2018-05-01
s4887,2018-05-01,2018-05-01
s4888,2018-05-01,2018-05-01
s4889,2018-05-01,2018-05-01
s4890,2018-05-01,2018-05-01
s4891,2018-05-01,2018-05-01
s4892,2018-05-01,2018-05-01
s4893,2018-05-01,2018-05-01
s4894,2018-05-01,2018-05-01
s4895,2018-05-01,2018-05-01
s4896,2018-05-01,2018-05-01
s4897,2018-05-01,2018-05-01
s4898,2018-05-01,2018-05-01
s4899,2018-05-01,2018-05-01
s4900,2018-05-01,2018-05-01
s4901,2018-05-01,2018-05-01
s4902,2018-05-01,2018-05-01
s4903,2018-05-01,2018-05-01
s4904,2018-04-30,2018-04-30
s4905,2018-04-30,2018-04-30
s4906,2018-04-30,2018-04-30
s4907,2018-04-27,2018-04-27
s4908,2018-04-27,2018-04-27
s4909,2018-04-27,2018-04-27
s4910,2018-04-27,2018-04-27
s4911,2018-04-27,2018-04-27
s4912,2018-04-27,2018-04-27
s4913,2018-04-27,2018-04-27
s4914,2018-04-27,2018-04-27
s4915,2018-04-27,2018-04-27
s4916,2018-04-26,2018-04-26
s4917,2018-04-25,2018-04-25
s4918,2018-04-25,2018-04-25
s4919,2018-04-25,2018-04-25
s4920,2018-04-24,2018-04-24
s4921,2018-04-20,2018-04-20
s4922,2018-04-20,2018-04-20
s4923,2018-04-20,2018-04-20
s4924,2018-04-19,2018-04-19
s4925,2018-04-19,2018-04-19
s4926,2018-04-17,2018-04-17
s4927,2018-04-17,2018-04-17
s4928,2018-04-15,2018-04-15
s4929,2018-04-13,2018-04-13
s4930,2018-04-13,2018-04-13
s4931,2018-04-13,2018-04-13
s4932,2018-04-12,2018-04-12
s4933,2018-04-10,2018-04-10
s4934,2018-04-09,2018-04-09
s4935,2018-04-06,2018-04-06
s4936,2018-04-06,2018-04-06
s4937,2018-04-06,2018-04-06
s4938,2018-04-06,2018-04-06
s4939,2018-04-06,2018-04-06
s4940,2018-04-06,2018-04-06
s4941,2018-04-06,2018-04-06
s4942,2018-04-06,2018-04-06
s4943,2018-04-06,2018-04-06
s4944,2018-04-05,2018-04-05
s4945,2018-04-03,2018-04-03
s4946,2018-04-03,2018-04-03
s4947,2018-04-02,2018-04-02
s4948,2018-04-01,2018-04-01
s4949,2018-04-01,2018-04-01
s4950,2018-04-01,2018-04-01
s4951,2018-04-01,2018-04-01
s4952,2018-04-01,2018-04-01
s4953,2018-04-01,2018-04-01
s4954,2018-04-01,2018-04-01
s4955,2018-04-01,2018-04-01
s4956,2018-04-01,2018-04-01
s4957,2018-04-01,2018-04-01
s4958,2018-03-31,2018-03-31
s4959,2018-03-31,2018-03-31
s4960,2018-03-30,2018-03-30
s4961,2018-03-30,2018-03-30
s4962,2018-03-30,2018-03-30
s4963,2018-03-30,2018-03-30
s4964,2018-03-30,2018-03-30
s4965,2018-03-30,2018-03-30
s4966,2018-03-30,2018-03-30
s4967,2018-03-30,2018-03-30
s4968,2018-03-30,2018-03-30
s4969,2018-03-27,2018-03-27
s4970,2018-03-26,2018-03-26
s4971,2018-03-23,2018-03-23
s4972,2018-03-23,2018-03-23
s4973,2018-03-23,2018-03-23
s4974,2018-03-23,2018-03-23
s4975,2018-03-23,2018-03-23
s4976,2018-03-23,2018-03-23
s4977,2018-03-20,2018-03-20
s4978,2018-03-16,2018-03-16
s4979,2018-03-16,2018-03-16
s4980,2018-03-16,2018-03-16
s4981,2018-03-16,2018-03-16
s4982,2018-03-16,2018-03-16
s4983,2018-03-15,2018-03-15
s4984,2018-03-15,2018-03-15
s4985,2018-03-15,2018-03-15
s4986,2018-03-15,2018-03-15
s4987,2018-03-15,2018-03-15
s4988,2018-03-14,2018-03-14
s4989,2018-03-13,2018-03-13
s4990,2018-03-13,2018-03-13
s4991,2018-03-13,2018-03-13
s4992,2018-03-09,2018-03-09
s4993,2018-03-09,2018-03-09
s4994,2018-03-09,2018-03-09
s4995,2018-03-08,2018-03-08
s4996,2018-03-08,2018-03-08
s4997,2018-03-07,2018-03-07
s4998,2018-03-06,2018-03-06
s4999,2018-03-06,2018-03-06
s5000,2018-03-04,2018-03-04
s5001,2018-03-02,2018-03-02
s5002,2018-03-02,2018-03-02
s5003,2018-03-02,2018-03-02
s5004,2018-03-02,2018-03-02
s5005,2018-03-01,2018-03-01
s5006,2018-03-01,2018-03-01
s5007,2018-03-01,2018-03-01
s5008,2018-03-01,2018-03-01
s5009,2018-03-01,2018-03-01
s5010,2018-03-01,2018-03-01
s5011,2018-03-01,2018-03-01
s5012,2018-03-01,2018-03-01
s5013,2018-03-01,2018-03-01
s5014,2018-03-01,2018-03-01
s5015,2018-03-01,2018-03-01
s5016,2018-03-01,2018-03-01
s5017,2018-03-01,2018-03-01
s5018,2018-03-01,2018-03-01
s5019,2018-03-01,2018-03-01
s5020,2018-03-01,2018-03-01
s5021,2018-03-01,2018-03-01
s5022,2018-03-01,2018-03-01
s5023,2018-02-28,2018-02-28
s5024,2018-02-27,2018-02-27
s5025,2018-02-27,2018-02-27
s5026,2018-02-25,2018-02-25
s5027,2018-02-23,2018-02-23
s5028,2018-02-23,2018-02-23
s5029,2018-02-23,2018-02-23
s5030,2018-02-23,2018-02-23
s5031,2018-02-22,2018-02-22
s5032,2018-02-21,2018-02-21
s5033,2018-02-20,2018-02-20
s5034,2018-02-19,2018-02-19
s5035,2018-02-16,2018-02-16
s5036,2018-02-16,2018-02-16
s5037,2018-02-16,2018-02-16
s5038,2018-02-16,2018-02-16
s5039,2018-02-15,2018-02-15
s5040,2018-02-14,2018-02-14
s5041,2018-02-14,2018-02-14
s5042,2018-02-09,2018-02-09
s5043,2018-02-09,2018-02-09
s5044,2018-02-09,2018-02-09
s5045,2018-02-09,2018-02-09
s5046,2018-02-06,2018-02-06
s5047,2018-02-06,2018-02-06
s5048,2018-02-05,2018-02-05
s5049,2018-02-02,2018-02-02
s5050,2018-02-02,2018-02-02
s5051,2018-02-02,2018-02-02
s5052,2018-02-02,2018-02-02
s5053,2018-02-01,2018-02-01
s5054,2018-02-01,2018-02-01
s5055,2018-02-01,2018-02-01
s5056,2018-01-31,2018-01-31
s5057,2018-01-30,2018-01-30
s5058,2018-01-30,2018-01-30
s5059,2018-01-29,2018-01-29
s5060,2018-01-26,2018-01-26
s5061,2018-01-26,2018-01-26
s5062,2018-01-26,2018-01-26
s5063,2018-01-26,2018-01-26
s5064,2018-01-26,2018-01-26
s5065,2018-01-25,2018-01-25
s5066,2018-01-24,2018-01-24
s5067,2018-01-24,2018-01-24
s5068,2018-01-23,2018-01-23
s5069,2018-01-22,2018-01-22
s5070,2018-01-22,2018-01-22
s5071,2018-01-20,2018-01-20
s5072,2018-01-19,2018-01-19
s5073,2018-01-19,2018-01-19
s5074,2018-01-19,2018-01-19
s5075,2018-01-18,2018-01-18
s5076,2018-01-18,2018-01-18
s5077,2018-01-17,2018-01-17
s5078,2018-01-17,2018-01-17
s5079,2018-01-16,2018-01-16
s5080,2018-01-15,2018-01-15
s5081,2018-01-15,2018-01-15
s5082,2018-01-15,2018-01-15
s5083,2018-01-12,2018-01-12
s5084,2018-01-12,2018-01-12
s5085,2018-01-12,2018-01-12
s5086,2018-01-12,2018-01-12
s5087,2018-01-12,2018-01-12
s5088,2018-01-10,2018-01-10
s5089,2018-01-09,2018-01-09
s5090,2018-01-08,2018-01-08
s5091,2018-01-06,2018-01-06
s5092,2018-01-05,2018-01-05
s5093,2018-01-05,2018-01-05
s5094,2018-01-02,2018-01-02
s5095,2018-01-01,2018-01-01
s5096,2018-01-01,2018-01-01
s5097,2018-01-01,2018-01-01
s5098,2018-01-01,2018-01-01
s5099,2018-01-01,2018-01-01
s5100,2018-01-01,2018-01-01
s5101,2017-12-31,2017-12-31
s5102,2017-12-31,2017-12-31
s5103,2017-12-30,2017-12-30
s5104,2017-12-29,2017-12-29
s5105,2017-12-29,2017-12-29
s5106,2017-12-29,2017-12-29
s5107,2017-12-27,2017-12-27
s5108,2017-12-26,2017-12-26
s5109,2017-12-26,2017-12-26
s5110,2017-12-25,2017-12-25
s5111,2017-12-23,2017-12-23
s5112,2017-12-23,2017-12-23
s5113,2017-12-22,2017-12-22
s5114,2017-12-22,2017-12-22
s5115,2017-12-21,2017-12-21
s5116,2017-12-20,2017-12-20
s5117,2017-12-20,2017-12-20
s5118,2017-12-19,2017-12-19
s5119,2017-12-19,2017-12-19
s5120,2017-12-18,2017-12-18
s5121,2017-12-15,2017-12-15
s5122,2017-12-15,2017-12-15
s5123,2017-12-15,2017-12-15
s5124,2017-12-15,2017-12-15
s5125,2017-12-15,2017-12-15
s5126,2017-12-15,2017-12-15
s5127,2017-12-14,2017-12-14
s5128,2017-12-12,2017-12-12
s5129,2017-12-11,2017-12-11
s5130,2017-12-08,2017-12-08
s5131,2017-12-08,2017-12-08
s5132,2017-12-08,2017-12-08
s5133,2017-12-07,2017-12-07
s5134,2017-12-06,2017-12-06
s5135,2017-12-05,2017-12-05
s5136,2017-12-02,2017-12-02
s5137,2017-12-02,2017-12-02
s5138,2017-12-01,2017-12-01
s5139,2017-12-01,2017-12-01
s5140,2017-12-01,2017-12-01
s5141,2017-12-01,2017-12-01
s5142,2017-12-01,2017-12-01
s5143,2017-12-01,2017-12-01
s5144,2017-12-01,2017-12-01
s5145,2017-12-01,2017-12-01
s5146,2017-12-01,2017-12-01
s5147,2017-12-01,2017-12-01
s5148,2017-12-01,2017-12-01
s5149,2017-12-01,2017-12-01
s5150,2017-11-30,2017-11-30
s5151,2017-11-27,2017-11-27
s5152,2017-11-27,2017-11-27
s5153,2017-11-24,2017-11-24
s5154,2017-11-24,2017-11-24
s5155,2017-11-24,2017-11-24
s5156,2017-11-24,2017-11-24
s5157,2017-11-23,2017-11-23
s5158,2017-11-22,2017-11-22
s5159,2017-11-22,2017-11-22
s5160,2017-11-22,2017-11-22
s5161,2017-11-21,2017-11-21
s5162,2017-11-21,2017-11-21
s5163,2017-11-21,2017-11-21
s5164,2017-11-17,2017-11-17
s5165,2017-11-17,2017-11-17
s5166,2017-11-17,2017-11-17
s5167,2017-11-17,2017-11-17
s5168,2017-11-17,2017-11-17
s5169,2017-11-17,2017-11-17
s5170,2017-11-15,2017-11-15
s5171,2017-11-15,2017-11-15
s5172,2017-11-14,2017-11-14
s5173,2017-11-11,2017-11-11
s5174,2017-11-10,2017-11-10
s5175,2017-11-10,2017-11-10
s5176,2017-11-10,2017-11-10
s5177,2017-11-10,2017-11-10
s5178,2017-11-10,2017-11-10
s5179,2017-11-07,2017-11-07
s5180,2017-11-07,2017-11-07
s5181,2017-11-07,2017-11-07
s5182,2017-11-07,2017-11-07
s5183,2017-11-06,2017-11-06
s5184,2017-11-05,2017-11-05
s5185,2017-11-03,2017-11-03
s5186,2017-11-03,2017-11-03
s5187,2017-11-01,2017-11-01
s5188,2017-11-01,2017-11-01
s5189,2017-11-01,2017-11-01
s5190,2017-11-01,2017-11-01
s5191,2017-11-01,2017-11-01
s5192,2017-11-01,2017-11-01
s5193,2017-11-01,2017-11-01
s5194,2017-11-01,2017-11-01
s5195,2017-11-01,2017-11-01
s5196,2017-11-01,2017-11-01
s5197,2017-10-31,2017-10-31
s5198,2017-10-31,2017-10-31
s5199,2017-10-30,2017-10-30
s5200,2017-10-28,2017-10-28
s5201,2017-10-27,2017-10-27
s5202,2017-10-27,2017-10-27
s5203,2017-10-26,2017-10-26
s5204,2017-10-25,2017-10-25
s5205,2017-10-24,2017-10-24
s5206,2017-10-24,2017-10-24
s5207,2017-10-24,2017-10-24
s5208,2017-10-20,2017-10-20
s5209,2017-10-20,2017-10-20
s5210,2017-10-20,2017-10-20
s5211,2017-10-20,2017-10-20
s5212,2017-10-20,2017-10-20
s5213,2017-10-19,2017-10-19
s5214,2017-10-17,2017-10-17
s5215,2017-10-16,2017-10-16
s5216,2017-10-16,2017-10-16
s5217,2017-10-16,2017-10-16
s5218,2017-10-16,2017-10-16
s5219,2017-10-15,2017-10-15
s5220,2017-10-15,2017-10-15
s5221,2017-10-15,2017-10-15
s5222,2017-10-15,2017-10-15
s5223,2017-10-13,2017-10-13
s5224,2017-10-13,2017-10-13
s5225,2017-10-13,2017-10-13
s5226,2017-10-13,2017-10-13
s5227,2017-10-13,2017-10-13
s5228,2017-10-13,2017-10-13
s5229,2017-10-12,2017-10-12
s5230,2017-10-12,2017-10-12
s5231,2017-10-10,2017-10-10
s5232,2017-10-06,2017-10-06
s5233,2017-10-06,2017-10-06
s5234,2017-10-06,2017-10-06
s5235,2017-10-03,2017-10-03
s5236,2017-10-01,2017-10-01
s5237,2017-10-01,2017-10-01
s5238,2017-10-01,2017-10-01
s5239,2017-10-01,2017-10-01
s5240,2017-10-01,2017-10-01
s5241,2017-10-01,2017-10-01
s5242,2017-10-01,2017-10-01
s5243,2017-10-01,2017-10-01
s5244,2017-10-01,2017-10-01
s5245,2017-10-01,2017-10-01
s5246,2017-10-01,2017-10-01
s5247,2017-10-01,2017-10-01
s5248,2017-10-01,2017-10-01
s5249,2017-10-01,2017-10-01
s5250,2017-10-01,2017-10-01
s5251,2017-10-01,2017-10-01
s5252,2017-09-30,2017-09-30
s5253,2017-09-29,2017-09-29
s5254,2017-09-29,2017-09-29
s5255,2017-09-29,2017-09-29
s5256,2017-09-29,2017-09-29
s5257,2017-09-29,2017-09-29
s5258,2017-09-29,2017-09-29
s5259,2017-09-29,2017-09-29
s5260,2017-09-29,2017-09-29
s5261,2017-09-27,2017-09-27
s5262,2017-09-26,2017-09-26
s5263,2017-09-26,2017-09-26
s5264,2017-09-25,2017-09-25
s5265,2017-09-24,2017-09-24
s5266,2017-09-24,2017-09-24
s5267,2017-09-22,2017-09-22
s5268,2017-09-22,2017-09-22
s5269,2017-09-19,2017-09-19
s5270,2017-09-18,2017-09-18
s5271,2017-09-15,2017-09-15
s5272,2017-09-15,2017-09-15
s5273,2017-09-15,2017-09-15
s5274,2017-09-13,2017-09-13
s5275,2017-09-13,2017-09-13
s5276,2017-09-12,2017-09-12
s5277,2017-09-12,2017-09-12
s5278,2017-09-08,2017-09-08
s5279,2017-09-08,2017-09-08
s5280,2017-09-08,2017-09-08
s5281,2017-09-08,2017-09-08
s5282,2017-09-08,2017-09-08
s5283,2017-09-05,2017-09-05
s5284,2017-09-05,2017-09-05
s5285,2017-09-05,2017-09-05
s5286,2017-09-05,2017-09-05
s5287,2017-09-04,2017-09-04
s5288,2017-09-04,2017-09-04
s5289,2017-09-01,2017-09-01
s5290,2017-09-01,2017-09-01
s5291,2017-09-01,2017-09-01
s5292,2017-09-01,2017-09-01
s5293,2017-09-01,2017-09-01
s5294,2017-09-01,2017-09-01
s5295,2017-09-01,2017-09-01
s5296,2017-09-01,2017-09-01
s5297,2017-09-01,2017-09-01
s5298,2017-09-01,2017-09-01
s5299,2017-09-01,2017-09-01
s5300,2017-09-01,2017-09-01
s5301,2017-09-01,2017-09-01
s5302,2017-09-01,2017-09-01
s5303,2017-09-01,2017-09-01
s5304,2017-09-01,2017-09-01
s5305,2017-09-01,2017-09-01
s5306,2017-09-01,2017-09-01
s5307,2017-09-01,2017-09-01
s5308,2017-09-01,2017-09-01
s5309,2017-09-01,2017-09-01
s5310,2017-09-01,2017-09-01
s5311,2017-09-01,2017-09-01
s5312,2017-09-01,2017-09-01
s5313,2017-09-01,2017-09-01
s5314,2017-09-01,2017-09-01
s5315,2017-09-01,2017-09-01
s5316,2017-08-29,2017-08-29
s5317,2017-08-26,2017-08-26
s5318,2017-08-25,2017-08-25
s5319,2017-08-25,2017-08-25
s5320,2017-08-22,2017-08-22
s5321,2017-08-18,2017-08-18
s5322,2017-08-18,2017-08-18
s5323,2017-08-18,2017-08-18
s5324,2017-08-18,2017-08-18
s5325,2017-08-15,2017-08-15
s5326,2017-08-15,2017-08-15
s5327,2017-08-15,2017-08-15
s5328,2017-08-15,2017-08-15
s5329,2017-08-14,2017-08-14
s5330,2017-08-12,2017-08-12
s5331,2017-08-12,2017-08-12
s5332,2017-08-11,2017-08-11
s5333,2017-08-10,2017-08-10
s5334,2017-08-10,2017-08-10
s5335,2017-08-07,2017-08-07
s5336,2017-08-07,2017-08-07
s5337,2017-08-07,2017-08-07
s5338,2017-08-07,2017-08-07
s5339,2017-08-07,2017-08-07
s5340,2017-08-07,2017-08-07
s5341,2017-08-06,2017-08-06
s5342,2017-08-05,2017-08-05
s5343,2017-08-04,2017-08-04
s5344,2017-08-04,2017-08-04
s5345,2017-08-04,2017-08-04
s5346,2017-08-04,2017-08-04
s5347,2017-08-03,2017-08-03
s5348,2017-08-01,2017-08-01
s5349,2017-08-01,2017-08-01
s5350,2017-08-01,2017-08-01
s5351,2017-08-01,2017-08-01
s5352,2017-08-01,2017-08-01
s5353,2017-08-01,2017-08-01
s5354,2017-08-01,2017-08-01
s5355,2017-08-01,2017-08-01
s5356,2017-08-01,2017-08-01
s5357,2017-08-01,2017-08-01
s5358,2017-08-01,2017-08-01
s5359,2017-08-01,2017-08-01
s5360,2017-08-01,2017-08-01
s5361,2017-08-01,2017-08-01
s5362,2017-08-01,2017-08-01
s5363,2017-08-01,2017-08-01
s5364,2017-08-01,2017-08-01
s5365,2017-08-01,2017-08-01
s5366,2017-08-01,2017-08-01
s5367,2017-08-01,2017-08-01
s5368,2017-07-28,2017-07-28
s5369,2017-07-28,2017-07-28
s5370,2017-07-25,2017-07-25
s5371,2017-07-24,2017-07-24
s5372,2017-07-18,2017-07-18
s5373,2017-07-18,2017-07-18
s5374,2017-07-17,2017-07-17
s5375,2017-07-15,2017-07-15
s5376,2017-07-14,2017-07-14
s5377,2017-07-14,2017-07-14
s5378,2017-07-14,2017-07-14
s5379,2017-07-13,2017-07-13
s5380,2017-07-13,2017-07-13
s5381,2017-07-07,2017-07-07
s5382,2017-07-07,2017-07-07
s5383,2017-07-07,2017-07-07
s5384,2017-07-07,2017-07-07
s5385,2017-07-07,2017-07-07
s5386,2017-07-07,2017-07-07
s5387,2017-07-07,2017-07-07
s5388,2017-07-01,2017-07-01
s5389,2017-07-01,2017-07-01
s5390,2017-07-01,2017-07-01
s5391,2017-07-01,2017-07-01
s5392,2017-07-01,2017-07-01
s5393,2017-07-01,2017-07-01
s5394,2017-07-01,2017-07-01
s5395,2017-07-01,2017-07-01
s5396,2017-07-01,2017-07-01
s5397,2017-07-01,2017-07-01
s5398,2017-07-01,2017-07-01
s5399,2017-07-01,2017-07-01
s5400,2017-07-01,2017-07-01
s5401,2017-07-01,2017-07-01
s5402,2017-07-01,2017-07-01
s5403,2017-07-01,2017-07-01
s5404,2017-07-01,2017-07-01
s5405,2017-07-01,2017-07-01
s5406,2017-07-01,2017-07-01
s5407,2017-07-01,2017-07-01
s5408,2017-07-01,2017-07-01
s5409,2017-07-01,2017-07-01
s5410,2017-07-01,2017-07-01
s5411,2017-07-01,2017-07-01
s5412,2017-07-01,2017-07-01
s5413,2017-06-30,2017-06-30
s5414,2017-06-30,2017-06-30
s5415,2017-06-30,2017-06-30
s5416,2017-06-28,2017-06-28
s5417,2017-06-27,2017-06-27
s5418,2017-06-26,2017-06-26
s5419,2017-06-23,2017-06-23
s5420,2017-06-23,2017-06-23
s5421,2017-06-21,2017-06-21
s5422,2017-06-21,2017-06-21
s5423,2017-06-20,2017-06-20
s5424,2017-06-20,2017-06-20
s5425,2017-06-20,2017-06-20
s5426,2017-06-16,2017-06-16
s5427,2017-06-16,2017-06-16
s5428,2017-06-16,2017-06-16
s5429,2017-06-16,2017-06-16
s5430,2017-06-15,2017-06-15
s5431,2017-06-15,2017-06-15
s5432,2017-06-15,2017-06-15
s5433,2017-06-13,2017-06-13
s5434,2017-06-10,2017-06-10
s5435,2017-06-10,2017-06-10
s5436,2017-06-10,2017-06-10
s5437,2017-06-10,2017-06-10
s5438,2017-06-10,2017-06-10
s5439,2017-06-10,2017-06-10
s5440,2017-06-09,2017-06-09
s5441,2017-06-09,2017-06-09
s5442,2017-06-05,2017-06-05
s5443,2017-06-03,2017-06-03
s5444,2017-06-02,2017-06-02
s5445,2017-06-02,2017-06-02
s5446,2017-06-02,2017-06-02
s5447,2017-06-02,2017-06-02
s5448,2017-06-01,2017-06-01
s5449,2017-06-01,2017-06-01
s5450,2017-06-01,2017-06-01
s5451,2017-06-01,2017-06-01
s5452,2017-06-01,2017-06-01
s5453,2017-06-01,2017-06-01
s5454,2017-06-01,2017-06-01
s5455,2017-06-01,2017-06-01
s5456,2017-06-01,2017-06-01
s5457,2017-06-01,2017-06-01
s5458,2017-06-01,2017-06-01
s5459,2017-06-01,2017-06-01
s5460,2017-06-01,2017-06-01
s5461,2017-06-01,2017-06-01
s5462,2017-06-01,2017-06-01
s5463,2017-06-01,2017-06-01
s5464,2017-06-01,2017-06-01
s5465,2017-06-01,2017-06-01
s5466,2017-06-01,2017-06-01
s5467,2017-06-01,2017-06-01
s5468,2017-05-31,2017-05-31
s5469,2017-05-30,2017-05-30
s5470,2017-05-29,2017-05-29
s5471,2017-05-26,2017-05-26
s5472,2017-05-26,2017-05-26
s5473,2017-05-26,2017-05-26
s5474,2017-05-26,2017-05-26
s5475,2017-05-23,2017-05-23
s5476,2017-05-23,2017-05-23
s5477,2017-05-19,2017-05-19
s5478,2017-05-19,2017-05-19
s5479,2017-05-19,2017-05-19
s5480,2017-05-19,2017-05-19
s5481,2017-05-16,2017-05-16
s5482,2017-05-15,2017-05-15
s5483,2017-05-15,2017-05-15
s5484,2017-05-15,2017-05-15
s5485,2017-05-15,2017-05-15
s5486,2017-05-15,2017-05-15
s5487,2017-05-15,2017-05-15
s5488,2017-05-13,2017-05-13
s5489,2017-05-12,2017-05-12
s5490,2017-05-12,2017-05-12
s5491,2017-05-12,2017-05-12
s5492,2017-05-12,2017-05-12
s5493,2017-05-09,2017-05-09
s5494,2017-05-05,2017-05-05
s5495,2017-05-05,2017-05-05
s5496,2017-05-05,2017-05-05
s5497,2017-05-05,2017-05-05
s5498,2017-05-02,2017-05-02
s5499,2017-05-01,2017-05-01
s5500,2017-05-01,2017-05-01
s5501,2017-05-01,2017-05-01
s5502,2017-05-01,2017-05-01
s5503,2017-05-01,2017-05-01
s5504,2017-05-01,2017-05-01
s5505,2017-05-01,2017-05-01
s5506,2017-05-01,2017-05-01
s5507,2017-05-01,2017-05-01
s5508,2017-05-01,2017-05-01
s5509,2017-04-28,2017-04-28
s5510,2017-04-28,2017-04-28
s5511,2017-04-28,2017-04-28
s5512,2017-04-28,2017-04-28
s5513,2017-04-28,2017-04-28
s5514,2017-04-28,2017-04-28
s5515,2017-04-27,2017-04-27
s5516,2017-04-25,2017-04-25
s5517,2017-04-25,2017-04-25
s5518,2017-04-25,2017-04-25
s5519,2017-04-25,2017-04-25
s5520,2017-04-22,2017-04-22
s5521,2017-04-21,2017-04-21
s5522,2017-04-21,2017-04-21
s5523,2017-04-21,2017-04-21
s5524,2017-04-21,2017-04-21
s5525,2017-04-21,2017-04-21
s5526,2017-04-18,2017-04-18
s5527,2017-04-15,2017-04-15
s5528,2017-04-15,2017-04-15
s5529,2017-04-15,2017-04-15
s5530,2017-04-15,2017-04-15
s5531,2017-04-15,2017-04-15
s5532,2017-04-14,2017-04-14
s5533,2017-04-14,2017-04-14
s5534,2017-04-14,2017-04-14
s5535,2017-04-12,2017-04-12
s5536,2017-04-11,2017-04-11
s5537,2017-04-10,2017-04-10
s5538,2017-04-10,2017-04-10
s5539,2017-04-07,2017-04-07
s5540,2017-04-07,2017-04-07
s5541,2017-04-07,2017-04-07
s5542,2017-04-04,2017-04-04
s5543,2017-04-01,2017-04-01
s5544,2017-04-01,2017-04-01
s5545,2017-04-01,2017-04-01
s5546,2017-04-01,2017-04-01
s5547,2017-04-01,2017-04-01
s5548,2017-04-01,2017-04-01
s5549,2017-04-01,2017-04-01
s5550,2017-04-01,2017-04-01
s5551,2017-04-01,2017-04-01
s5552,2017-04-01,2017-04-01
s5553,2017-04-01,2017-04-01
s5554,2017-03-31,2017-03-31
s5555,2017-03-31,2017-03-31
s5556,2017-03-31,2017-03-31
s5557,2017-03-31,2017-03-31
s5558,2017-03-28,2017-03-28
s5559,2017-03-24,2017-03-24
s5560,2017-03-24,2017-03-24
s5561,2017-03-24,2017-03-24
s5562,2017-03-24,2017-03-24
s5563,2017-03-21,2017-03-21
s5564,2017-03-20,2017-03-20
s5565,2017-03-18,2017-03-18
s5566,2017-03-17,2017-03-17
s5567,2017-03-17,2017-03-17
s5568,2017-03-17,2017-03-17
s5569,2017-03-17,2017-03-17
s5570,2017-03-17,2017-03-17
s5571,2017-03-16,2017-03-16
s5572,2017-03-15,2017-03-15
s5573,2017-03-15,2017-03-15
s5574,2017-03-15,2017-03-15
s5575,2017-03-15,2017-03-15
s5576,2017-03-14,2017-03-14
s5577,2017-03-14,2017-03-14
s5578,2017-03-10,2017-03-10
s5579,2017-03-10,2017-03-10
s5580,2017-03-10,2017-03-10
s5581,2017-03-10,2017-03-10
s5582,2017-03-10,2017-03-10
s5583,2017-03-07,2017-03-07
s5584,2017-03-01,2017-03-01
s5585,2017-03-01,2017-03-01
s5586,2017-03-01,2017-03-01
s5587,2017-02-28,2017-02-28
s5588,2017-02-27,2017-02-27
s5589,2017-02-26,2017-02-26
s5590,2017-02-25,2017-02-25
s5591,2017-02-24,2017-02-24
s5592,2017-02-24,2017-02-24
s5593,2017-02-24,2017-02-24
s5594,2017-02-22,2017-02-22
s5595,2017-02-21,2017-02-21
s5596,2017-02-19,2017-02-19
s5597,2017-02-19,2017-02-19
s5598,2017-02-19,2017-02-19
s5599,2017-02-17,2017-02-17
s5600,2017-02-17,2017-02-17
s5601,2017-02-15,2017-02-15
s5602,2017-02-15,2017-02-15
s5603,2017-02-15,2017-02-15
s5604,2017-02-15,2017-02-15
s5605,2017-02-15,2017-02-15
s5606,2017-02-15,2017-02-15
s5607,2017-02-14,2017-02-14
s5608,2017-02-14,2017-02-14
s5609,2017-02-14,2017-02-14
s5610,2017-02-10,2017-02-10
s5611,2017-02-10,2017-02-10
s5612,2017-02-10,2017-02-10
s5613,2017-02-10,2017-02-10
s5614,2017-02-07,2017-02-07
s5615,2017-02-03,2017-02-03
s5616,2017-02-03,2017-02-03
s5617,2017-02-01,2017-02-01
s5618,2017-02-01,2017-02-01
s5619,2017-02-01,2017-02-01
s5620,2017-02-01,2017-02-01
s5621,2017-02-01,2017-02-01
s5622,2017-02-01,2017-02-01
s5623,2017-01-31,2017-01-31
s5624,2017-01-31,2017-01-31
s5625,2017-01-29,2017-01-29
s5626,2017-01-27,2017-01-27
s5627,2017-01-25,2017-01-25
s5628,2017-01-24,2017-01-24
s5629,2017-01-23,2017-01-23
s5630,2017-01-20,2017-01-20
s5631,2017-01-20,2017-01-20
s5632,2017-01-17,2017-01-17
s5633,2017-01-15,2017-01-15
s5634,2017-01-15,2017-01-15
s5635,2017-01-15,2017-01-15
s5636,2017-01-15,2017-01-15
s5637,2017-01-13,2017-01-13
s5638,2017-01-13,2017-01-13
s5639,2017-01-12,2017-01-12
s5640,2017-01-10,2017-01-10
s5641,2017-01-10,2017-01-10
s5642,2017-01-07,2017-01-07
s5643,2017-01-06,2017-01-06
s5644,2017-01-06,2017-01-06
s5645,2017-01-05,2017-01-05
s5646,2017-01-04,2017-01-04
s5647,2017-01-03,2017-01-03
s5648,2017-01-01,2017-01-01
s5649,2017-01-01,2017-01-01
s5650,2017-01-01,2017-01-01
s5651,2017-01-01,2017-01-01
s5652,2017-01-01,2017-01-01
s5653,2016-12-31,2016-12-31
s5654,2016-12-30,2016-12-30
s5655,2016-12-27,2016-12-27
s5656,2016-12-27,2016-12-27
s5657,2016-12-23,2016-12-23
s5658,2016-12-23,2016-12-23
s5659,2016-12-23,2016-12-23
s5660,2016-12-20,2016-12-20
s5661,2016-12-20,2016-12-20
s5662,2016-12-16,2016-12-16
s5663,2016-12-16,2016-12-16
s5664,2016-12-16,2016-12-16
s5665,2016-12-15,2016-12-15
s5666,2016-12-15,2016-12-15
s5667,2016-12-15,2016-12-15
s5668,2016-12-15,2016-12-15
s5669,2016-12-15,2016-12-15
s5670,2016-12-15,2016-12-15
s5671,2016-12-15,2016-12-15
s5672,2016-12-15,2016-12-15
s5673,2016-12-15,2016-12-15
s5674,2016-12-15,2016-12-15
s5675,2016-12-15,2016-12-15
s5676,2016-12-15,2016-12-15
s5677,2016-12-15,2016-12-15
s5678,2016-12-13,2016-12-13
s5679,2016-12-12,2016-12-12
s5680,2016-12-11,2016-12-11
s5681,2016-12-09,2016-12-09
s5682,2016-12-09,2016-12-09
s5683,2016-12-09,2016-12-09
s5684,2016-12-09,2016-12-09
s5685,2016-12-08,2016-12-08
s5686,2016-12-08,2016-12-08
s5687,2016-12-08,2016-12-08
s5688,2016-12-06,2016-12-06
s5689,2016-12-06,2016-12-06
s5690,2016-12-06,2016-12-06
s5691,2016-12-05,2016-12-05
s5692,2016-12-04,2016-12-04
s5693,2016-12-03,2016-12-03
s5694,2016-12-02,2016-12-02
s5695,2016-12-02,2016-12-02
s5696,2016-12-01,2016-12-01
s5697,2016-12-01,2016-12-01
s5698,2016-12-01,2016-12-01
s5699,2016-12-01,2016-12-01
s5700,2016-12-01,2016-12-01
s5701,2016-12-01,2016-12-01
s5702,2016-12-01,2016-12-01
s5703,2016-12-01,2016-12-01
s5704,2016-12-01,2016-12-01
s5705,2016-12-01,2016-12-01
s5706,2016-12-01,2016-12-01
s5707,2016-11-25,2016-11-25
s5708,2016-11-25,2016-11-25
s5709,2016-11-25,2016-11-25
s5710,2016-11-22,2016-11-22
s5711,2016-11-22,2016-11-22
s5712,2016-11-21,2016-11-21
s5713,2016-11-19,2016-11-19
s5714,2016-11-18,2016-11-18
s5715,2016-11-18,2016-11-18
s5716,2016-11-18,2016-11-18
s5717,2016-11-17,2016-11-17
s5718,2016-11-15,2016-11-15
s5719,2016-11-15,2016-11-15
s5720,2016-11-11,2016-11-11
s5721,2016-11-10,2016-11-10
s5722,2016-11-10,2016-11-10
s5723,2016-11-09,2016-11-09
s5724,2016-11-09,2016-11-09
s5725,2016-11-04,2016-11-04
s5726,2016-11-04,2016-11-04
s5727,2016-11-01,2016-11-01
s5728,2016-11-01,2016-11-01
s5729,2016-11-01,2016-11-01
s5730,2016-11-01,2016-11-01
s5731,2016-11-01,2016-11-01
s5732,2016-11-01,2016-11-01
s5733,2016-11-01,2016-11-01
s5734,2016-11-01,2016-11-01
s5735,2016-11-01,2016-11-01
s5736,2016-11-01,2016-11-01
s5737,2016-10-29,2016-10-29
s5738,2016-10-28,2016-10-28
s5739,2016-10-28,2016-10-28
s5740,2016-10-28,2016-10-28
s5741,2016-10-28,2016-10-28
s5742,2016-10-28,2016-10-28
s5743,2016-10-28,2016-10-28
s5744,2016-10-27,2016-10-27
s5745,2016-10-21,2016-10-21
s5746,2016-10-21,2016-10-21
s5747,2016-10-15,2016-10-15
s5748,2016-10-15,2016-10-15
s5749,2016-10-15,2016-10-15
s5750,2016-10-15,2016-10-15
s5751,2016-10-15,2016-10-15
s5752,2016-10-15,2016-10-15
s5753,2016-10-15,2016-10-15
s5754,2016-10-15,2016-10-15
s5755,2016-10-14,2016-10-14
s5756,2016-10-13,2016-10-13
s5757,2016-10-12,2016-10-12
s5758,2016-10-07,2016-10-07
s5759,2016-10-07,2016-10-07
s5760,2016-10-07,2016-10-07
s5761,2016-10-07,2016-10-07
s5762,2016-10-04,2016-10-04
s5763,2016-10-01,2016-10-01
s5764,2016-10-01,2016-10-01
s5765,2016-10-01,2016-10-01
s5766,2016-10-01,2016-10-01
s5767,2016-10-01,2016-10-01
s5768,2016-10-01,2016-10-01
s5769,2016-10-01,2016-10-01
s5770,2016-10-01,2016-10-01
s5771,2016-10-01,2016-10-01
s5772,2016-10-01,2016-10-01
s5773,2016-10-01,2016-10-01
s5774,2016-10-01,2016-10-01
s5775,2016-10-01,2016-10-01
s5776,2016-10-01,2016-10-01
s5777,2016-10-01,2016-10-01
s5778,2016-10-01,2016-10-01
s5779,2016-10-01,2016-10-01
s5780,2016-10-01,2016-10-01
s5781,2016-10-01,2016-10-01
s5782,2016-10-01,2016-10-01
s5783,2016-09-30,2016-09-30
s5784,2016-09-23,2016-09-23
s5785,2016-09-23,2016-09-23
s5786,2016-09-23,2016-09-23
s5787,2016-09-19,2016-09-19
s5788,2016-09-19,2016-09-19
s5789,2016-09-19,2016-09-19
s5790,2016-09-19,2016-09-19
s5791,2016-09-19,2016-09-19
s5792,2016-09-19,2016-09-19
s5793,2016-09-16,2016-09-16
s5794,2016-09-16,2016-09-16
s5795,2016-09-16,2016-09-16
s5796,2016-09-16,2016-09-16
s5797,2016-09-15,2016-09-15
s5798,2016-09-13,2016-09-13
s5799,2016-09-09,2016-09-09
s5800,2016-09-02,2016-09-02
s5801,2016-09-02,2016-09-02
s5802,2016-09-01,2016-09-01
s5803,2016-09-01,2016-09-01
s5804,2016-09-01,2016-09-01
s5805,2016-09-01,2016-09-01
s5806,2016-09-01,2016-09-01
s5807,2016-09-01,2016-09-01
s5808,2016-08-26,2016-08-26
s5809,2016-08-26,2016-08-26
s5810,2016-08-26,2016-08-26
s5811,2016-08-19,2016-08-19
s5812,2016-08-15,2016-08-15
s5813,2016-08-15,2016-08-15
s5814,2016-08-15,2016-08-15
s5815,2016-08-15,2016-08-15
s5816,2016-08-11,2016-08-11
s5817,2016-08-11,2016-08-11
s5818,2016-08-11,2016-08-11
s5819,2016-08-11,2016-08-11
s5820,2016-08-05,2016-08-05
s5821,2016-08-02,2016-08-02
s5822,2016-08-01,2016-08-01
s5823,2016-08-01,2016-08-01
s5824,2016-08-01,2016-08-01
s5825,2016-08-01,2016-08-01
s5826,2016-08-01,2016-08-01
s5827,2016-08-01,2016-08-01
s5828,2016-07-29,2016-07-29
s5829,2016-07-29,2016-07-29
s5830,2016-07-24,2016-07-24
s5831,2016-07-15,2016-07-15
s5832,2016-07-15,2016-07-15
s5833,2016-07-14,2016-07-14
s5834,2016-07-06,2016-07-06
s5835,2016-07-04,2016-07-04
s5836,2016-07-01,2016-07-01
s5837,2016-07-01,2016-07-01
s5838,2016-07-01,2016-07-01
s5839,2016-06-24,2016-06-24
s5840,2016-06-24,2016-06-24
s5841,2016-06-24,2016-06-24
s5842,2016-06-18,2016-06-18
s5843,2016-06-03,2016-06-03
s5844,2016-06-02,2016-06-02
s5845,2016-06-01,2016-06-01
s5846,2016-06-01,2016-06-01
s5847,2016-05-27,2016-05-27
s5848,2016-05-06,2016-05-06
s5849,2016-04-29,2016-04-29
s5850,2016-04-29,2016-04-29
s5851,2016-04-22,2016-04-22
s5852,2016-04-15,2016-04-15
s5853,2016-04-08,2016-04-08
s5854,2016-04-01,2016-04-01
s5855,2016-04-01,2016-04-01
s5856,2016-04-01,2016-04-01
s5857,2016-04-01,2016-04-01
s5858,2016-03-25,2016-03-25
s5859,2016-03-18,2016-03-18
s5860,2016-03-18,2016-03-18
s5861,2016-03-18,2016-03-18
s5862,2016-03-18,2016-03-18
s5863,2016-03-11,2016-03-11
s5864,2016-03-01,2016-03-01
s5865,2016-02-26,2016-02-26
s5866,2016-02-24,2016-02-24
s5867,2016-02-19,2016-02-19
s5868,2016-02-05,2016-02-05
s5869,2016-02-05,2016-02-05
s5870,2016-02-05,2016-02-05
s5871,2016-02-01,2016-02-01
s5872,2016-01-23,2016-01-23
s5873,2016-01-22,2016-01-22
s5874,2016-01-15,2016-01-15
s5875,2016-01-15,2016-01-15
s5876,2016-01-08,2016-01-08
s5877,2015-12-26,2015-12-26
s5878,2015-12-25,2015-12-25
s5879,2015-12-18,2015-12-18
s5880,2015-12-11,2015-12-11
s5881,2015-12-09,2015-12-09
s5882,2015-12-04,2015-12-04
s5883,2015-12-01,2015-12-01
s5884,2015-11-18,2015-11-18
s5885,2015-11-13,2015-11-13
s5886,2015-11-13,2015-11-13
s5887,2015-10-27,2015-10-27
s5888,2015-10-25,2015-10-25
s5889,2015-10-23,2015-10-23
s5890,2015-10-22,2015-10-22
s5891,2015-10-16,2015-10-16
s5892,2015-10-16,2015-10-16
s5893,2015-10-16,2015-10-16
s5894,2015-10-09,2015-10-09
s5895,2015-10-02,2015-10-02
s5896,2015-10-01,2015-10-01
s5897,2015-09-18,2015-09-18
s5898,2015-09-15,2015-09-15
s5899,2015-09-08,2015-09-08
s5900,2015-08-14,2015-08-14
s5901,2015-07-31,2015-07-31
s5902,2015-07-17,2015-07-17
s5903,2015-07-15,2015-07-15
s5904,2015-07-14,2015-07-14
s5905,2015-07-10,2015-07-10
s5906,2015-06-29,2015-06-29
s5907,2015-06-26,2015-06-26
s5908,2015-06-23,2015-06-23
s5909,2015-06-15,2015-06-15
s5910,2015-06-01,2015-06-01
s5911,2015-05-29,2015-05-29
s5912,2015-05-22,2015-05-22
s5913,2015-05-22,2015-05-22
s5914,2015-04-17,2015-04-17
s5915,2015-03-15,2015-03-15
s5916,2015-03-06,2015-03-06
s5917,2015-03-06,2015-03-06
s5918,2015-02-27,2015-02-27
s5919,2015-02-13,2015-02-13
s5920,2015-01-23,2015-01-23
s5921,2014-12-19,2014-12-19
s5922,2014-12-05,2014-12-05
s5923,2014-11-21,2014-11-21
s5924,2014-11-19,2014-11-19
s5925,2014-11-14,2014-11-14
s5926,2014-11-07,2014-11-07
s5927,2014-10-24,2014-10-24
s5928,2014-10-21,2014-10-21
s5929,2014-10-10,2014-10-10
s5930,2014-09-26,2014-09-26
s5931,2014-08-15,2014-08-15
s5932,2014-07-11,2014-07-11
s5933,2014-04-15,2014-04-15
s5934,2014-02-01,2014-02-01
s5935,2014-01-24,2014-01-24
s5936,2014-01-17,2014-01-17
s5937,2013-12-29,2013-12-29
s5938,2013-12-12,2013-12-12
s5939,2013-11-01,2013-11-01
s5940,2013-09-01,2013-09-01
s5941,2013-08-02,2013-08-02
s5942,2012-02-21,2012-02-21
s5943,2011-10-01,2011-10-01
s5944,2011-10-01,2011-10-01
s5945,2011-10-01,2011-10-01
s5946,2011-10-01,2011-10-01
s5947,2011-10-01,2011-10-01
s5948,2011-10-01,2011-10-01
s5949,2011-10-01,2011-10-01
s5950,2011-10-01,2011-10-01
s5951,2011-10-01,2011-10-01
s5952,2011-10-01,2011-10-01
s5953,2011-10-01,2011-10-01
s5954,2011-09-27,2011-09-27
s5955,2011-05-17,2011-05-17
s5956,2009-11-18,2009-11-18
s5957,2009-05-05,2009-05-05
s5958,2008-01-01,2008-01-01
s5959,2017-11-16,2017-11-16
s5960,2020-01-01,2020-01-01
s5961,2019-11-01,2019-11-01
s5962,2019-04-01,2019-04-01
s5963,2017-12-15,2017-12-15
s5964,2019-09-01,2019-09-01
s5965,2019-03-20,2019-03-20
s5966,2018-10-10,2018-10-10
s5967,2019-03-29,2019-03-29
s5968,2018-05-16,2018-05-16
s5969,2018-09-15,2018-09-15
s5970,2018-09-15,2018-09-15
s5971,2018-09-15,2018-09-15
s5972,2016-06-30,2016-06-30
s5973,2020-02-05,2020-02-05
s5974,2019-04-10,2019-04-10
s5975,2019-03-30,2019-03-30
s5976,2018-03-27,2018-03-27
s5977,2017-03-10,2017-03-10
s5978,2018-02-01,2018-02-01
s5979,2017-01-17,2017-01-17
s5980,2017-07-01,2017-07-01
s5981,2017-07-07,2017-07-07
s5982,2019-06-01,2019-06-01
s5983,2018-07-06,2018-07-06
s5984,2018-03-20,2018-03-20
s5985,2019-11-01,2019-11-01
s5986,2019-03-14,2019-03-14
s5987,2017-05-22,2017-05-22
s5988,2016-08-13,2016-08-13
s5989,2019-01-13,2019-01-13
s5990,2017-01-26,2017-01-26
s5991,2019-04-03,2019-04-03
s5992,2018-10-27,2018-10-27
s5993,2019-11-01,2019-11-01
s5994,2021-01-01,2021-01-01
s5995,2020-08-23,2020-08-23
s5996,2019-07-26,2019-07-26
s5997,2018-09-22,2018-09-22
s5998,2017-04-28,2017-04-28
s5999,2018-12-20,2018-12-20
s6000,2019-06-28,2019-06-28
s6001,2019-04-16,2019-04-16
s6002,2018-12-01,2018-12-01
s6003,2018-03-01,2018-03-01
s6004,2018-04-07,2018-04-07
s6005,2018-05-01,2018-05-01
s6006,2018-05-01,2018-05-01
s6007,2020-09-30,2020-09-30
s6008,2019-12-31,2019-12-31
s6009,2017-08-28,2017-08-28
s6010,2019-01-05,2019-01-05
s6011,2019-06-15,2019-06-15
s6012,2019-04-18,2019-04-18
s6013,2021-01-01,2021-01-01
s6014,2019-10-01,2019-10-01
s6015,2018-02-01,2018-02-01
s6016,2016-05-05,2016-05-05
s6017,2019-01-05,2019-01-05
s6018,2017-03-16,2017-03-16
s6019,2020-12-01,2020-12-01
s6020,2019-06-01,2019-06-01
s6021,2018-09-28,2018-09-28
s6022,2018-02-08,2018-02-08
s6023,2017-11-01,2017-11-01
s6024,2019-09-01,2019-09-01
s6025,2019-07-30,2019-07-30
s6026,2019-05-15,2019-05-15
s6027,2017-03-01,2017-03-01
s6028,2020-02-14,2020-02-14
s6029,2018-04-01,2018-04-01
s6030,2018-01-15,2018-01-15
s6031,2020-07-01,2020-07-01
s6032,2020-11-01,2020-11-01
s6033,2018-04-01,2018-04-01
s6034,2016-10-16,2016-10-16
s6035,2019-12-15,2019-12-15
s6036,2017-11-15,2017-11-15
s6037,2018-07-15,2018-07-15
s6038,2017-01-01,2017-01-01
s6039,2017-12-25,2017-12-25
s6040,2020-02-21,2020-02-21
s6041,2019-09-17,2019-09-17
s6042,2019-11-04,2019-11-04
s6043,2017-05-01,2017-05-01
s6044,2018-08-27,2018-08-27
s6045,2019-03-12,2019-03-12
s6046,2019-04-25,2019-04-25
s6047,2018-07-22,2018-07-22
s6048,2017-04-28,2017-04-28
s6049,2018-06-12,2018-06-12
s6050,2019-12-01,2019-12-01
s6051,2016-09-01,2016-09-01
s6052,2017-04-15,2017-04-15
s6053,2019-06-06,2019-06-06
s6054,2020-08-28,2020-08-28
s6055,2013-11-01,2013-11-01
s6056,2017-10-15,2017-10-15
s6057,2019-03-16,2019-03-16
s6058,2018-01-16,2018-01-16
s6059,2017-08-01,2017-08-01
s6060,2019-10-25,2019-10-25
s6061,2020-12-01,2020-12-01
s6062,2020-07-01,2020-07-01
s6063,2020-07-01,2020-07-01
s6064,2018-11-01,2018-11-01
s6065,2018-02-19,2018-02-19
s6066,2018-09-25,2018-09-25
s6068,2017-12-15,2017-12-15
s6069,2020-10-01,2020-10-01
s6070,2019-03-20,2019-03-20
s6071,2018-04-04,2018-04-04
s6072,2018-05-15,2018-05-15
s6073,2018-01-01,2018-01-01
s6074,2019-12-31,2019-12-31
s6075,2017-10-22,2017-10-22
s6076,2018-01-01,2018-01-01
s6077,2017-05-01,2017-05-01
s6078,2019-04-19,2019-04-19
s6079,2018-05-01,2018-05-01
s6081,2016-02-18,2016-02-18
s6082,2019-02-01,2019-02-01
s6083,2016-08-25,2016-08-25
s6084,2017-06-03,2017-06-03
s6085,2019-04-01,2019-04-01
s6086,2019-01-01,2019-01-01
s6087,2020-06-01,2020-06-01
s6088,2018-09-29,2018-09-29
s6089,2020-08-01,2020-08-01
s6090,2018-09-30,2018-09-30
s6091,2020-06-12,2020-06-12
s6092,2019-11-20,2019-11-20
s6093,2019-12-31,2019-12-31
s6094,2018-08-15,2018-08-15
s6095,2016-04-28,2016-04-28
s6096,2019-05-27,2019-05-27
s6097,2018-12-30,2018-12-30
s6098,2020-08-13,2020-08-13
s6099,2018-03-07,2018-03-07
s6100,2019-01-31,2019-01-31
s6101,2019-07-12,2019-07-12
s6102,2017-08-14,2017-08-14
s6103,2017-04-15,2017-04-15
s6104,2019-12-31,2019-12-31
s6105,2018-03-01,2018-03-01
s6106,2019-07-12,2019-07-12
s6107,2017-10-15,2017-10-15
s6108,2018-03-01,2018-03-01
s6109,2019-08-05,2019-08-05
s6110,2017-07-01,2017-07-01
s6111,2018-08-18,2018-08-18
s6112,2019-07-01,2019-07-01
s6113,2018-01-09,2018-01-09
s6114,2018-03-06,2018-03-06
s6115,2017-08-10,2017-08-10
s6116,2019-03-18,2019-03-18
s6117,2020-06-01,2020-06-01
s6118,2019-07-30,2019-07-30
s6119,2017-08-01,2017-08-01
s6120,2019-02-02,2019-02-02
s6121,2018-07-03,2018-07-03
s6122,2019-05-15,2019-05-15
s6123,2019-02-15,2019-02-15
s6124,2019-10-01,2019-10-01
s6125,2019-10-01,2019-10-01
s6126,2020-01-01,2020-01-01
s6127,2020-05-25,2020-05-25
s6128,2018-01-01,2018-01-01
s6129,2020-03-03,2020-03-03
s6130,2017-06-20,2017-06-20
s6131,2019-12-31,2019-12-31
s6132,2019-04-26,2019-04-26
s6133,2019-09-15,2019-09-15
s6134,2017-06-23,2017-06-23
s6135,2020-01-31,2020-01-31
s6136,2020-01-01,2020-01-01
s6137,2018-12-16,2018-12-16
s6138,2017-05-30,2017-05-30
s6139,2017-04-19,2017-04-19
s6140,2019-05-02,2019-05-02
s6141,2019-05-01,2019-05-01
s6142,2019-07-30,2019-07-30
s6143,2019-10-23,2019-10-23
s6144,2019-11-01,2019-11-01
s6145,2019-04-27,2019-04-27
s6146,2019-04-01,2019-04-01
s6147,2016-04-05,2016-04-05
s6148,2019-09-01,2019-09-01
s6149,2019-09-13,2019-09-13
s6150,2018-07-26,2018-07-26
s6151,2017-01-01,2017-01-01
s6152,2018-04-01,2018-04-01
s6153,2018-04-01,2018-04-01
s6154,2018-04-01,2018-04-01
s6155,2018-04-01,2018-04-01
s6156,2019-04-26,2019-04-26
s6157,2017-01-01,2017-01-01
s6158,2019-03-01,2019-03-01
s6159,2019-06-20,2019-06-20
s6160,2017-08-01,2017-08-01
s6161,2019-02-15,2019-02-15
s6162,2019-09-17,2019-09-17
s6163,2018-12-30,2018-12-30
s6164,2020-09-05,2020-09-05
s6165,2019-11-01,2019-11-01
s6166,2017-03-14,2017-03-14
s6167,2018-12-15,2018-12-15
s6168,2018-05-01,2018-05-01
s6169,2017-10-15,2017-10-15
s6170,2017-08-01,2017-08-01
s6171,2017-03-21,2017-03-21
s6172,2019-01-29,2019-01-29
s6173,2019-05-09,2019-05-09
s6174,2019-06-18,2019-06-18
s6176,2019-04-14,2019-04-14
s6177,2019-12-31,2019-12-31
s6179,2019-11-01,2019-11-01
s6180,2016-08-01,2016-08-01
s6181,2019-03-09,2019-03-09
s6182,2017-10-01,2017-10-01
s6183,2017-02-15,2017-02-15
s6184,2019-08-01,2019-08-01
s6185,2018-09-15,2018-09-15
s6186,2019-04-01,2019-04-01
s6187,2020-01-01,2020-01-01
s6188,2018-09-16,2018-09-16
s6189,2020-01-01,2020-01-01
s6190,2019-10-25,2019-10-25
s6191,2018-02-15,2018-02-15
s6192,2016-12-14,2016-12-14
s6193,2018-12-27,2018-12-27
s6194,2018-09-05,2018-09-05
s6195,2017-12-01,2017-12-01
s6196,2016-05-15,2016-05-15
s6197,2018-08-19,2018-08-19
s6198,2019-01-19,2019-01-19
s6199,2017-08-01,2017-08-01
s6200,2017-09-08,2017-09-08
s6201,2018-12-25,2018-12-25
s6202,2018-12-28,2018-12-28
s6203,2019-04-12,2019-04-12
s6204,2018-06-07,2018-06-07
s6205,2018-04-30,2018-04-30
s6206,2019-01-01,2019-01-01
s6207,2018-03-01,2018-03-01
s6208,2017-01-05,2017-01-05
s6209,2017-03-30,2017-03-30
s6210,2019-04-05,2019-04-05
s6211,2018-12-25,2018-12-25
s6212,2019-10-01,2019-10-01
s6213,2019-10-01,2019-10-01
s6215,2018-03-11,2018-03-11
s6216,2017-08-21,2017-08-21
s6217,2017-04-01,2017-04-01
s6218,2018-01-01,2018-01-01
s6219,2020-03-26,2020-03-26
s6220,2017-04-01,2017-04-01
s6221,2018-04-01,2018-04-01
s6222,2018-04-01,2018-04-01
s6223,2018-04-01,2018-04-01
s6224,2018-03-01,2018-03-01
s6225,2017-03-10,2017-03-10
s6226,2019-04-12,2019-04-12
s6227,2016-04-15,2016-04-15
s6228,2018-07-25,2018-07-25
s6229,2018-06-04,2018-06-04
s6230,2018-09-14,2018-09-14
s6231,2018-09-05,2018-09-05
s6232,2018-09-01,2018-09-01
s6233,2019-12-31,2019-12-31
s6234,2017-08-15,2017-08-15
s6235,2017-10-01,2017-10-01
s6236,2017-10-01,2017-10-01
s6237,2017-10-01,2017-10-01
s6238,2017-10-01,2017-10-01
s6239,2017-10-01,2017-10-01
s6240,2017-10-01,2017-10-01
s6241,2017-10-01,2017-10-01
s6242,2017-10-01,2017-10-01
s6243,2017-10-01,2017-10-01
s6244,2017-10-01,2017-10-01
s6245,2018-07-26,2018-07-26
s6246,2018-08-19,2018-08-19
s6247,2018-04-01,2018-04-01
s6248,2018-11-01,2018-11-01
s6249,2020-10-01,2020-10-01
s6250,2017-12-31,2017-12-31
s6251,2018-02-20,2018-02-20
s6252,2019-05-09,2019-05-09
s6253,2015-12-31,2015-12-31
s6254,2016-08-01,2016-08-01
s6255,2019-12-31,2019-12-31
s6256,2019-12-31,2019-12-31
s6257,2017-02-28,2017-02-28
s6258,2019-11-20,2019-11-20
s6259,2018-08-29,2018-08-29
s6260,2017-03-01,2017-03-01
s6261,2018-08-01,2018-08-01
s6262,2017-03-01,2017-03-01
s6263,2019-02-01,2019-02-01
s6264,2017-05-22,2017-05-22
s6265,2016-09-19,2016-09-19
s6266,2019-04-23,2019-04-23
s6267,2019-11-20,2019-11-20
s6268,2019-11-20,2019-11-20
s6269,2018-12-08,2018-12-08
s6270,2019-04-18,2019-04-18
s6271,2019-01-12,2019-01-12
s6272,2019-03-05,2019-03-05
s6273,2018-02-01,2018-02-01
s6274,2017-08-25,2017-08-25
s6275,2018-04-05,2018-04-05
s6276,2018-09-14,2018-09-14
s6277,2017-05-19,2017-05-19
s6278,2017-11-01,2017-11-01
s6279,2016-08-15,2016-08-15
s6281,2017-08-01,2017-08-01
s6282,2018-09-30,2018-09-30
s6283,2019-06-08,2019-06-08
s6284,2018-03-06,2018-03-06
s6285,2018-10-03,2018-10-03
s6286,2017-03-10,2017-03-10
s6287,2019-06-08,2019-06-08
s6288,2019-06-06,2019-06-06
s6289,2017-06-01,2017-06-01
s6290,2019-07-21,2019-07-21
s6291,2019-06-20,2019-06-20
s6292,2017-12-15,2017-12-15
s6293,2017-04-01,2017-04-01
s6294,2018-08-10,2018-08-10
s6295,2018-04-01,2018-04-01
s6296,2017-04-15,2017-04-15
s6297,2019-12-31,2019-12-31
s6298,2019-05-10,2019-05-10
s6299,2017-10-22,2017-10-22
s6300,2019-12-31,2019-12-31
s6301,2017-12-01,2017-12-01
s6302,2016-01-01,2016-01-01
s6303,2018-02-28,2018-02-28
s6304,2020-10-01,2020-10-01
s6306,2020-01-15,2020-01-15
s6307,2019-06-18,2019-06-18
s6308,2018-04-01,2018-04-01
s6309,2017-04-18,2017-04-18
s6310,2019-01-26,2019-01-26
s6311,2017-11-10,2017-11-10
s6312,2019-02-01,2019-02-01
s6313,2019-02-28,2019-02-28
s6314,2018-03-15,2018-03-15
s6315,2018-08-15,2018-08-15
s6316,2018-06-28,2018-06-28
s6317,2018-03-11,2018-03-11
s6318,2017-09-02,2017-09-02
s6320,2019-03-29,2019-03-29
s6321,2020-07-05,2020-07-05
s6322,2019-07-12,2019-07-12
s6323,2019-01-01,2019-01-01
s6324,2018-10-12,2018-10-12
s6325,2016-06-01,2016-06-01
s6326,2018-09-04,2018-09-04
s6327,2017-08-09,2017-08-09
s6328,2019-11-20,2019-11-20
s6329,2017-07-01,2017-07-01
s6330,2020-05-01,2020-05-01
s6331,2017-12-15,2017-12-15
s6332,2020-08-30,2020-08-30
s6333,2020-04-11,2020-04-11
s6334,2017-02-08,2017-02-08
s6335,2018-01-24,2018-01-24
s6336,2018-07-14,2018-07-14
s6337,2020-03-26,2020-03-26
s6338,2019-10-01,2019-10-01
s6339,2016-08-26,2016-08-26
s6340,2019-03-08,2019-03-08
s6341,2016-03-01,2016-03-01
s6342,2018-12-03,2018-12-03
s6343,2019-02-25,2019-02-25
s6344,2021-01-01,2021-01-01
s6345,2018-07-05,2018-07-05
s6346,2017-12-31,2017-12-31
s6347,2019-06-18,2019-06-18
s6348,2016-06-01,2016-06-01
s6349,2015-12-17,2015-12-17
s6350,2018-06-01,2018-06-01
s6351,2019-12-31,2019-12-31
s6352,2018-12-01,2018-12-01
s6353,2017-09-28,2017-09-28
s6354,2017-06-22,2017-06-22
s6355,2018-07-22,2018-07-22
s6356,2018-05-31,2018-05-31
s6357,2016-09-01,2016-09-01
s6359,2021-01-01,2021-01-01
s6360,2018-03-01,2018-03-01
s6361,2019-10-02,2019-10-02
s6363,2017-12-31,2017-12-31
s6364,2017-04-01,2017-04-01
s6365,2019-10-02,2019-10-02
s6366,2020-05-28,2020-05-28
s6367,2017-10-01,2017-10-01
s6368,2019-04-02,2019-04-02
s6370,2019-04-19,2019-04-19
s6371,2020-06-29,2020-06-29
s6372,2018-02-17,2018-02-17
s6373,2017-12-15,2017-12-15
s6374,2020-02-15,2020-02-15
s6375,2017-12-15,2017-12-15
s6376,2018-12-05,2018-12-05
s6377,2018-09-01,2018-09-01
s6378,2017-08-29,2017-08-29
s6379,2019-10-02,2019-10-02
s6380,2018-10-01,2018-10-01
s6381,2018-11-28,2018-11-28
s6382,2016-11-15,2016-11-15
s6383,2017-06-24,2017-06-24
s6384,2017-07-01,2017-07-01
s6385,2017-06-24,2017-06-24
s6386,2018-04-01,2018-04-01
s6387,2019-04-12,2019-04-12
s6388,2018-02-20,2018-02-20
s6389,2019-06-01,2019-06-01
s6390,2018-03-31,2018-03-31
s6391,2019-12-16,2019-12-16
s6392,2017-06-01,2017-06-01
s6393,2019-04-29,2019-04-29
s6395,2017-11-24,2017-11-24
s6396,2019-11-01,2019-11-01
s6397,2017-09-07,2017-09-07
s6398,2019-06-06,2019-06-06
s6399,2018-09-15,2018-09-15
s6400,2018-10-05,2018-10-05
s6401,2017-01-20,2017-01-20
s6402,2019-03-12,2019-03-12
s6403,2019-05-15,2019-05-15
s6404,2017-10-15,2017-10-15
s6405,2018-11-01,2018-11-01
s6406,2018-11-01,2018-11-01
s6407,2018-11-01,2018-11-01
s6408,2016-12-16,2016-12-16
s6409,2017-02-01,2017-02-01
s6410,2017-08-20,2017-08-20
s6411,2018-01-01,2018-01-01
s6412,2019-02-01,2019-02-01
s6413,2017-01-14,2017-01-14
s6414,2017-05-22,2017-05-22
s6415,2021-01-01,2021-01-01
s6416,2019-10-01,2019-10-01
s6417,2016-12-15,2016-12-15
s6418,2020-09-08,2020-09-08
s6419,2018-07-01,2018-07-01
s6420,2018-09-15,2018-09-15
s6421,2019-08-02,2019-08-02
s6422,2019-03-05,2019-03-05
s6423,2020-10-20,2020-10-20
s6424,2019-06-01,2019-06-01
s6425,2019-11-20,2019-11-20
s6426,2012-11-14,2012-11-14
s6427,2019-01-04,2019-01-04
s6428,2020-08-31,2020-08-31
s6429,2018-08-01,2018-08-01
s6430,2018-08-16,2018-08-16
s6431,2018-09-07,2018-09-07
s6432,2019-11-01,2019-11-01
s6433,2016-04-22,2016-04-22
s6434,2019-02-01,2019-02-01
s6435,2019-01-07,2019-01-07
s6436,2017-06-15,2017-06-15
s6437,2017-04-01,2017-04-01
s6438,2020-01-01,2020-01-01
s6439,2018-11-01,2018-11-01
s6440,2018-03-15,2018-03-15
s6441,2019-12-31,2019-12-31
s6442,2018-05-15,2018-05-15
s6443,2017-03-01,2017-03-01
s6444,2020-03-01,2020-03-01
s6445,2019-01-05,2019-01-05
s6446,2018-10-01,2018-10-01
s6447,2020-01-01,2020-01-01
s6448,2019-10-01,2019-10-01
s6449,2019-11-23,2019-11-23
s6450,2017-05-01,2017-05-01
s6451,2020-01-01,2020-01-01
s6453,2018-04-19,2018-04-19
s6454,2017-11-13,2017-11-13
s6455,2017-02-01,2017-02-01
s6456,2017-12-01,2017-12-01
s6459,2018-08-01,2018-08-01
s6460,2016-10-01,2016-10-01
s6462,2019-05-10,2019-05-10
s6463,2019-05-10,2019-05-10
s6464,2019-05-10,2019-05-10
s6465,2019-08-15,2019-08-15
s6466,2018-07-01,2018-07-01
s6467,2016-03-16,2016-03-16
s6468,2019-03-15,2019-03-15
s6469,2019-12-31,2019-12-31
s6470,2016-12-01,2016-12-01
s6471,2018-09-24,2018-09-24
s6472,2017-06-01,2017-06-01
s6473,2018-01-01,2018-01-01
s6474,2020-01-01,2020-01-01
s6475,2020-01-01,2020-01-01
s6476,2017-10-07,2017-10-07
s6477,2019-06-06,2019-06-06
s6478,2018-09-30,2018-09-30
s6479,2019-11-04,2019-11-04
s6480,2019-03-01,2019-03-01
s6481,2019-01-01,2019-01-01
s6482,2019-03-05,2019-03-05
s6483,2018-06-15,2018-06-15
s6484,2017-11-15,2017-11-15
s6485,2019-01-15,2019-01-15
s6486,2019-12-31,2019-12-31
s6487,2018-04-16,2018-04-16
s6488,2017-10-01,2017-10-01
s6489,2020-01-01,2020-01-01
s6490,2017-07-21,2017-07-21
s6491,2018-10-01,2018-10-01
s6492,2019-11-14,2019-11-14
s6493,2019-08-01,2019-08-01
s6494,2018-04-01,2018-04-01
s6495,2018-09-18,2018-09-18
s6496,2017-05-15,2017-05-15
s6497,2019-11-01,2019-11-01
s6498,2020-01-01,2020-01-01
s6499,2017-09-17,2017-09-17
s6500,2019-09-17,2019-09-17
s6501,2017-10-16,2017-10-16
s6502,2017-08-01,2017-08-01
s6503,2017-02-12,2017-02-12
s6504,2020-01-01,2020-01-01
s6505,2019-03-09,2019-03-09
s6506,2018-06-18,2018-06-18
s6507,2019-02-02,2019-02-02
s6508,2018-04-20,2018-04-20
s6509,2018-04-13,2018-04-13
s6510,2018-04-20,2018-04-20
s6511,2020-01-01,2020-01-01
s6512,2019-11-01,2019-11-01
s6513,2017-11-01,2017-11-01
s6514,2019-09-15,2019-09-15
s6515,2020-09-15,2020-09-15
s6516,2017-03-30,2017-03-30
s6517,2018-07-14,2018-07-14
s6518,2018-05-25,2018-05-25
s6519,2019-09-18,2019-09-18
s6521,2018-07-01,2018-07-01
s6522,2017-05-15,2017-05-15
s6523,2018-03-01,2018-03-01
s6524,2018-10-04,2018-10-04
s6525,2018-12-31,2018-12-31
s6526,2017-09-01,2017-09-01
s6527,2018-08-02,2018-08-02
s6528,2018-08-28,2018-08-28
s6529,2018-03-21,2018-03-21
s6530,2019-10-25,2019-10-25
s6531,2019-03-02,2019-03-02
s6532,2019-06-13,2019-06-13
s6533,2018-06-22,2018-06-22
s6534,2021-01-01,2021-01-01
s6535,2017-08-17,2017-08-17
s6536,2017-08-01,2017-08-01
s6537,2017-03-16,2017-03-16
s6538,2018-07-01,2018-07-01
s6539,2019-10-02,2019-10-02
s6540,2016-03-31,2016-03-31
s6541,2019-10-01,2019-10-01
s6542,2019-04-29,2019-04-29
s6543,2019-01-31,2019-01-31
s6544,2019-03-01,2019-03-01
s6545,2017-10-03,2017-10-03
s6546,2018-06-14,2018-06-14
s6547,2018-02-15,2018-02-15
s6548,2019-04-17,2019-04-17
s6549,2018-04-01,2018-04-01
s6551,2019-01-01,2019-01-01
s6552,2019-09-20,2019-09-20
s6553,2016-12-20,2016-12-20
s6554,2018-07-01,2018-07-01
s6555,2018-04-01,2018-04-01
s6556,2018-01-16,2018-01-16
s6557,2017-12-20,2017-12-20
s6558,2018-07-02,2018-07-02
s6559,2017-04-01,2017-04-01
s6560,2018-03-31,2018-03-31
s6562,2017-03-02,2017-03-02
s6563,2019-09-01,2019-09-01
s6564,2018-04-01,2018-04-01
s6565,2017-12-15,2017-12-15
s6566,2019-10-15,2019-10-15
s6567,2018-07-26,2018-07-26
s6568,2019-08-01,2019-08-01
s6569,2018-03-01,2018-03-01
s6570,2017-10-15,2017-10-15
s6571,2017-06-10,2017-06-10
s6572,2018-03-23,2018-03-23
s6573,2018-03-31,2018-03-31
s6574,2018-01-11,2018-01-11
s6575,2019-04-17,2019-04-17
s6576,2018-11-21,2018-11-21
s6577,2019-03-01,2019-03-01
s6578,2019-12-31,2019-12-31
s6579,2019-02-15,2019-02-15
s6580,2020-03-15,2020-03-15
s6581,2019-03-02,2019-03-02
s6582,2016-02-18,2016-02-18
s6583,2019-11-04,2019-11-04
s6584,2020-08-01,2020-08-01
s6585,2019-05-05,2019-05-05
s6586,2018-03-01,2018-03-01
s6587,2018-07-20,2018-07-20
s6588,2017-07-01,2017-07-01
s6589,2020-01-03,2020-01-03
s6590,2017-05-01,2017-05-01
s6591,2018-09-01,2018-09-01
s6592,2016-04-25,2016-04-25
s6593,2020-05-01,2020-05-01
s6594,2017-08-08,2017-08-08
s6595,2020-02-06,2020-02-06
s6596,2018-05-08,2018-05-08
s6597,2019-08-05,2019-08-05
s6598,2017-05-25,2017-05-25
s6599,2019-09-13,2019-09-13
s6600,2017-06-01,2017-06-01
s6601,2020-07-16,2020-07-16
s6602,2018-10-15,2018-10-15
s6603,2018-01-01,2018-01-01
s6605,2019-12-31,2019-12-31
s6606,2019-02-06,2019-02-06
s6607,2017-07-28,2017-07-28
s6608,2017-12-01,2017-12-01
s6609,2016-12-03,2016-12-03
s6610,2019-12-31,2019-12-31
s6611,2018-04-01,2018-04-01
s6612,2008-02-04,2008-02-04
s6613,2020-01-01,2020-01-01
s6614,2017-08-04,2017-08-04
s6615,2018-08-16,2018-08-16
s6616,2017-12-15,2017-12-15
s6617,2018-02-19,2018-02-19
s6618,2019-11-04,2019-11-04
s6619,2019-10-02,2019-10-02
s6620,2019-11-01,2019-11-01
s6621,2016-12-31,2016-12-31
s6622,2019-06-05,2019-06-05
s6623,2019-02-25,2019-02-25
s6624,2019-09-28,2019-09-28
s6625,2018-01-05,2018-01-05
s6626,2020-03-01,2020-03-01
s6627,2019-11-02,2019-11-02
s6628,2020-06-12,2020-06-12
s6629,2020-06-12,2020-06-12
s6630,2020-06-12,2020-06-12
s6631,2019-02-08,2019-02-08
s6632,2017-04-01,2017-04-01
s6633,2017-05-01,2017-05-01
s6634,2020-01-01,2020-01-01
s6635,2020-11-01,2020-11-01
s6636,2019-03-01,2019-03-01
s6637,2018-08-01,2018-08-01
s6638,2019-03-07,2019-03-07
s6639,2018-01-15,2018-01-15
s6640,2019-05-01,2019-05-01
s6641,2019-06-05,2019-06-05
s6642,2020-01-01,2020-01-01
s6643,2020-01-01,2020-01-01
s6644,2020-01-01,2020-01-01
s6645,2017-06-13,2017-06-13
s6646,2019-06-18,2019-06-18
s6647,2016-05-23,2016-05-23
s6648,2018-07-01,2018-07-01
s6649,2017-12-01,2017-12-01
s6650,2018-01-01,2018-01-01
s6651,2019-01-16,2019-01-16
s6652,2019-03-23,2019-03-23
s6653,2017-02-25,2017-02-25
s6654,2016-09-01,2016-09-01
s6655,2018-03-01,2018-03-01
s6656,2019-10-01,2019-10-01
s6657,2019-02-01,2019-02-01
s6658,2019-10-01,2019-10-01
s6659,2020-04-10,2020-04-10
s6660,2017-03-01,2017-03-01
s6661,2018-10-01,2018-10-01
s6662,2020-09-15,2020-09-15
s6663,2020-11-01,2020-11-01
s6664,2016-09-01,2016-09-01
s6665,2019-09-10,2019-09-10
s6666,2018-04-15,2018-04-15
s6667,2018-09-15,2018-09-15
s6668,2017-12-01,2017-12-01
s6669,2018-03-15,2018-03-15
s6670,2019-08-01,2019-08-01
s6671,2018-02-04,2018-02-04
s6673,2018-08-24,2018-08-24
s6674,2018-08-24,2018-08-24
s6675,2017-12-31,2017-12-31
s6676,2017-10-15,2017-10-15
s6677,2017-05-18,2017-05-18
s6678,2017-04-08,2017-04-08
s6680,2017-10-18,2017-10-18
s6681,2018-08-23,2018-08-23
s6682,2017-05-22,2017-05-22
s6683,2020-08-01,2020-08-01
s6684,2017-12-31,2017-12-31
s6685,2018-03-01,2018-03-01
s6686,2017-12-31,2017-12-31
s6687,2016-09-06,2016-09-06
s6688,2018-08-02,2018-08-02
s6689,2018-10-05,2018-10-05
s6690,2018-02-01,2018-02-01
s6691,2018-12-15,2018-12-15
s6692,2018-01-01,2018-01-01
s6693,2020-10-01,2020-10-01
s6694,2018-06-18,2018-06-18
s6695,2019-12-31,2019-12-31
s6696,2019-07-12,2019-07-12
s6697,2019-11-23,2019-11-23
s6698,2018-08-08,2018-08-08
s6699,2018-07-15,2018-07-15
s6700,2017-01-18,2017-01-18
s6701,2018-12-09,2018-12-09
s6702,2021-01-01,2021-01-01
s6703,2018-10-28,2018-10-28
s6704,2019-06-08,2019-06-08
s6705,2019-10-01,2019-10-01
s6706,2018-07-15,2018-07-15
s6707,2017-01-14,2017-01-14
s6708,2018-04-01,2018-04-01
s6709,2019-11-01,2019-11-01
s6710,2019-07-23,2019-07-23
s6711,2019-04-16,2019-04-16
s6712,2020-01-01,2020-01-01
s6713,2020-02-25,2020-02-25
s6714,2019-06-06,2019-06-06
s6715,2017-08-01,2017-08-01
s6716,2019-11-20,2019-11-20
s6717,2018-07-26,2018-07-26
s6718,2017-01-01,2017-01-01
s6719,2017-08-14,2017-08-14
s6720,2019-11-01,2019-11-01
s6721,2016-07-01,2016-07-01
s6722,2019-03-03,2019-03-03
s6723,2019-10-01,2019-10-01
s6724,2019-08-29,2019-08-29
s6725,2017-03-31,2017-03-31
s6726,2017-03-10,2017-03-10
s6727,2017-03-10,2017-03-10
s6728,2017-03-10,2017-03-10
s6729,2016-12-26,2016-12-26
s6730,2018-03-05,2018-03-05
s6731,2018-01-15,2018-01-15
s6732,2017-04-01,2017-04-01
s6733,2019-07-26,2019-07-26
s6734,2018-02-15,2018-02-15
s6735,2020-01-01,2020-01-01
s6736,2019-11-01,2019-11-01
s6737,2019-05-01,2019-05-01
s6738,2016-12-15,2016-12-15
s6739,2019-08-24,2019-08-24
s6740,2018-01-01,2018-01-01
s6741,2019-06-06,2019-06-06
s6742,2018-07-13,2018-07-13
s6744,2019-11-01,2019-11-01
s6745,2017-06-01,2017-06-01
s6746,2017-08-23,2017-08-23
s6747,2020-07-01,2020-07-01
s6748,2015-12-28,2015-12-28
s6749,2016-09-01,2016-09-01
s6750,2016-12-21,2016-12-21
s6751,2017-04-15,2017-04-15
s6752,2018-11-01,2018-11-01
s6753,2018-10-11,2018-10-11
s6754,2020-01-01,2020-01-01
s6755,2020-01-01,2020-01-01
s6756,2020-01-01,2020-01-01
s6757,2017-03-21,2017-03-21
s6758,2019-04-24,2019-04-24
s6759,2019-05-17,2019-05-17
s6760,2019-09-01,2019-09-01
s6761,2017-03-31,2017-03-31
s6762,2018-04-01,2018-04-01
s6763,2018-10-01,2018-10-01
s6765,2020-04-15,2020-04-15
s6766,2019-09-17,2019-09-17
s6768,2017-01-16,2017-01-16
s6769,2019-06-13,2019-06-13
s6770,2018-08-01,2018-08-01
s6771,2019-07-01,2019-07-01
s6772,2018-07-31,2018-07-31
s6773,2018-11-16,2018-11-16
s6774,2017-10-01,2017-10-01
s6775,2017-10-16,2017-10-16
s6776,2017-06-30,2017-06-30
s6777,2020-05-01,2020-05-01
s6778,2016-03-02,2016-03-02
s6779,2019-08-02,2019-08-02
s6780,2019-08-16,2019-08-16
s6781,2019-09-01,2019-09-01
s6782,2018-03-06,2018-03-06
s6783,2018-12-31,2018-12-31
s6784,2017-12-01,2017-12-01
s6785,2019-11-01,2019-11-01
s6786,2017-03-01,2017-03-01
s6787,2018-08-02,2018-08-02
s6788,2017-05-29,2017-05-29
s6789,2017-09-18,2017-09-18
s6790,2019-10-03,2019-10-03
s6791,2021-01-01,2021-01-01
s6792,2016-12-09,2016-12-09
s6793,2019-08-01,2019-08-01
s6794,2019-04-01,2019-04-01
s6795,2017-10-01,2017-10-01
s6797,2020-08-13,2020-08-13
s6798,2021-01-01,2021-01-01
s6799,2020-01-01,2020-01-01
s6800,2017-12-15,2017-12-15
s6801,2019-06-06,2019-06-06
s6802,2016-02-04,2016-02-04
s6803,2020-03-03,2020-03-03
s6805,2020-01-01,2020-01-01
s6806,2018-04-18,2018-04-18
s6808,2019-06-06,2019-06-06
s6809,2020-09-08,2020-09-08
s6810,2018-07-15,2018-07-15
s6811,2016-01-28,2016-01-28
s6812,2016-01-28,2016-01-28
s6813,2016-01-28,2016-01-28
s6814,2019-07-01,2019-07-01
s6815,2016-09-01,2016-09-01
s6816,2018-01-01,2018-01-01
s6817,2019-09-25,2019-09-25
s6818,2019-04-24,2019-04-24
s6819,2019-03-15,2019-03-15
s6820,2018-11-09,2018-11-09
s6821,2018-06-01,2018-06-01
s6822,2017-09-15,2017-09-15
s6824,2018-09-15,2018-09-15
s6825,2016-09-01,2016-09-01
s6826,2017-04-15,2017-04-15
s6827,2019-08-20,2019-08-20
s6828,2016-12-01,2016-12-01
s6829,2018-10-09,2018-10-09
s6830,2018-11-30,2018-11-30
s6831,2018-12-10,2018-12-10
s6832,2017-12-15,2017-12-15
s6833,2018-07-01,2018-07-01
s6834,2018-02-01,2018-02-01
s6835,2017-08-01,2017-08-01
s6836,2017-08-01,2017-08-01
s6837,2016-06-01,2016-06-01
s6838,2016-12-20,2016-12-20
s6839,2017-12-31,2017-12-31
s6840,2020-01-16,2020-01-16
s6841,2014-12-12,2014-12-12
s6842,2018-11-01,2018-11-01
s6843,2019-04-01,2019-04-01
s6844,2019-11-01,2019-11-01
s6845,2019-12-31,2019-12-31
s6846,2017-12-31,2017-12-31
s6847,2019-02-24,2019-02-24
s6848,2020-10-01,2020-10-01
s6849,2019-02-24,2019-02-24
s6850,2019-10-02,2019-10-02
s6851,2019-02-24,2019-02-24
s6852,2019-12-31,2019-12-31
s6853,2018-09-15,2018-09-15
s6854,2019-11-01,2019-11-01
s6855,2018-07-15,2018-07-15
s6856,2019-02-27,2019-02-27
s6857,2017-03-31,2017-03-31
s6858,2017-08-14,2017-08-14
s6859,2019-02-09,2019-02-09
s6860,2018-10-22,2018-10-22
s6861,2017-12-16,2017-12-16
s6862,2020-04-01,2020-04-01
s6863,2018-12-04,2018-12-04
s6864,2018-05-01,2018-05-01
s6865,2019-12-31,2019-12-31
s6866,2017-11-01,2017-11-01
s6867,2019-12-31,2019-12-31
s6868,2020-06-22,2020-06-22
s6870,2018-12-10,2018-12-10
s6871,2019-12-31,2019-12-31
s6873,2019-01-01,2019-01-01
s6874,2017-07-12,2017-07-12
s6875,2017-01-19,2017-01-19
s6876,2017-04-02,2017-04-02
s6877,2020-08-20,2020-08-20
s6878,2019-06-21,2019-06-21
s6879,2019-06-02,2019-06-02
s6880,2017-09-08,2017-09-08
s6881,2021-01-01,2021-01-01
s6882,2018-03-06,2018-03-06
s6883,2017-08-15,2017-08-15
s6884,2019-04-25,2019-04-25
s6885,2019-11-01,2019-11-01
s6887,2021-01-01,2021-01-01
s6888,2017-10-15,2017-10-15
s6889,2020-10-01,2020-10-01
s6890,2019-08-01,2019-08-01
s6892,2018-03-01,2018-03-01
s6893,2019-02-14,2019-02-14
s6894,2019-11-01,2019-11-01
s6896,2017-10-01,2017-10-01
s6897,2018-11-12,2018-11-12
s6898,2018-01-01,2018-01-01
s6899,2018-04-01,2018-04-01
s6900,2017-01-06,2017-01-06
s6901,2017-02-01,2017-02-01
s6903,2019-07-26,2019-07-26
s6904,2018-08-19,2018-08-19
s6905,2017-03-10,2017-03-10
s6906,2017-03-10,2017-03-10
s6907,2018-05-11,2018-05-11
s6908,2018-03-15,2018-03-15
s6909,2018-04-04,2018-04-04
s6910,2020-01-01,2020-01-01
s6911,2017-05-01,2017-05-01
s6912,2016-03-07,2016-03-07
s6913,2018-03-01,2018-03-01
s6914,2019-11-23,2019-11-23
s6915,2019-05-02,2019-05-02
s6916,2020-05-06,2020-05-06
s6917,2018-08-25,2018-08-25
s6918,2020-06-06,2020-06-06
s6919,2018-03-01,2018-03-01
s6920,2017-01-01,2017-01-01
s6921,2018-01-01,2018-01-01
s6922,2017-02-08,2017-02-08
s6924,2016-07-01,2016-07-01
s6925,2017-09-06,2017-09-06
s6926,2020-08-01,2020-08-01
s6927,2019-11-01,2019-11-01
s6928,2019-10-01,2019-10-01
s6929,2020-01-01,2020-01-01
s6930,2018-11-25,2018-11-25
s6931,2019-02-01,2019-02-01
s6932,2018-04-15,2018-04-15
s6933,2017-10-15,2017-10-15
s6934,2017-01-15,2017-01-15
s6935,2017-05-01,2017-05-01
s6937,2018-03-01,2018-03-01
s6938,2017-08-21,2017-08-21
s6939,2018-01-02,2018-01-02
s6940,2019-03-01,2019-03-01
s6941,2019-02-01,2019-02-01
s6943,2017-06-10,2017-06-10
s6944,2020-03-01,2020-03-01
s6945,2018-06-01,2018-06-01
s6946,2019-01-12,2019-01-12
s6947,2019-09-13,2019-09-13
s6948,2018-08-25,2018-08-25
s6949,2019-02-01,2019-02-01
s6950,2019-12-31,2019-12-31
s6951,2018-01-01,2018-01-01
s6952,2018-06-22,2018-06-22
s6953,2019-04-01,2019-04-01
s6954,2018-11-10,2018-11-10
s6955,2018-09-06,2018-09-06
s6957,2019-01-01,2019-01-01
s6958,2018-12-01,2018-12-01
s6959,2018-07-29,2018-07-29
s6960,2019-05-02,2019-05-02
s6961,2019-12-31,2019-12-31
s6962,2017-07-01,2017-07-01
s6963,2018-08-01,2018-08-01
s6964,2019-06-01,2019-06-01
s6965,2020-07-24,2020-07-24
s6966,2017-05-19,2017-05-19
s6967,2018-03-01,2018-03-01
s6968,2017-08-19,2017-08-19
s6969,2017-02-01,2017-02-01
s6972,2017-08-01,2017-08-01
s6973,2017-03-31,2017-03-31
s6974,2017-12-01,2017-12-01
s6975,2017-01-13,2017-01-13
s6976,2018-08-01,2018-08-01
s6977,2019-07-12,2019-07-12
s6978,2020-01-01,2020-01-01
s6979,2016-08-01,2016-08-01
s6980,2017-11-01,2017-11-01
s6981,2017-07-01,2017-07-01
s6982,2017-08-01,2017-08-01
s6983,2017-03-10,2017-03-10
s6984,2016-08-01,2016-08-01
s6985,2016-07-15,2016-07-15
s6986,2016-09-01,2016-09-01
s6987,2018-07-30,2018-07-30
s6988,2018-07-30,2018-07-30
s6989,2018-05-01,2018-05-01
s6990,2019-10-15,2019-10-15
s6991,2019-10-01,2019-10-01
s6992,2018-04-03,2018-04-03
s6993,2018-11-03,2018-11-03
s6994,2018-09-01,2018-09-01
s6995,2018-11-08,2018-11-08
s6996,2019-12-15,2019-12-15
s6997,2018-06-30,2018-06-30
s6998,2019-08-01,2019-08-01
s6999,2019-10-02,2019-10-02
s7000,2019-04-12,2019-04-12
s7001,2017-01-15,2017-01-15
s7002,2018-01-29,2018-01-29
s7003,2018-08-15,2018-08-15
s7004,2016-03-01,2016-03-01
s7005,2017-08-13,2017-08-13
s7006,2019-11-20,2019-11-20
s7007,2017-03-16,2017-03-16
s7008,2019-10-01,2019-10-01
s7009,2019-01-24,2019-01-24
s7010,2020-05-08,2020-05-08
s7011,2018-01-06,2018-01-06
s7012,2017-07-20,2017-07-20
s7013,2018-02-01,2018-02-01
s7014,2017-06-01,2017-06-01
s7015,2019-11-01,2019-11-01
s7016,2019-11-01,2019-11-01
s7017,2016-01-01,2016-01-01
s7018,2018-09-15,2018-09-15
s7019,2018-04-01,2018-04-01
s7020,2016-08-01,2016-08-01
s7021,2018-01-01,2018-01-01
s7022,2020-06-01,2020-06-01
s7023,2018-01-01,2018-01-01
s7024,2017-10-22,2017-10-22
s7025,2016-12-15,2016-12-15
s7026,2018-06-23,2018-06-23
s7027,2020-01-01,2020-01-01
s7028,2019-10-22,2019-10-22
s7029,2019-02-01,2019-02-01
s7031,2017-01-01,2017-01-01
s7032,2018-08-15,2018-08-15
s7033,2019-12-01,2019-12-01
s7034,2018-03-29,2018-03-29
s7035,2017-06-08,2017-06-08
s7036,2019-03-04,2019-03-04
s7037,2017-10-01,2017-10-01
s7038,2017-05-26,2017-05-26
s7039,2019-04-01,2019-04-01
s7040,2017-03-03,2017-03-03
s7041,2017-09-02,2017-09-02
s7042,2017-02-01,2017-02-01
s7043,2018-12-22,2018-12-22
s7044,2019-09-16,2019-09-16
s7045,2019-03-23,2019-03-23
s7046,2019-01-31,2019-01-31
s7047,2018-09-05,2018-09-05
s7048,2019-04-19,2019-04-19
s7049,2019-10-22,2019-10-22
s7050,2017-10-01,2017-10-01
s7051,2019-09-13,2019-09-13
s7052,2017-10-01,2017-10-01
s7053,2018-01-23,2018-01-23
s7054,2018-01-01,2018-01-01
s7055,2018-12-15,2018-12-15
s7056,2019-09-01,2019-09-01
s7057,2013-09-01,2013-09-01
s7058,2019-12-07,2019-12-07
s7059,2019-06-06,2019-06-06
s7060,2017-01-01,2017-01-01
s7061,2018-03-19,2018-03-19
s7062,2018-01-10,2018-01-10
s7063,2017-03-10,2017-03-10
s7064,2018-10-26,2018-10-26
s7065,2017-04-08,2017-04-08
s7066,2018-03-01,2018-03-01
s7067,2017-09-01,2017-09-01
s7068,2019-02-08,2019-02-08
s7069,2017-02-17,2017-02-17
s7070,2017-03-01,2017-03-01
s7071,2019-01-01,2019-01-01
s7072,2019-01-01,2019-01-01
s7073,2019-01-01,2019-01-01
s7074,2019-01-01,2019-01-01
s7075,2017-02-01,2017-02-01
s7076,2018-08-29,2018-08-29
s7077,2018-04-01,2018-04-01
s7078,2019-07-22,2019-07-22
s7079,2019-07-01,2019-07-01
s7080,2018-03-01,2018-03-01
s7081,2018-09-15,2018-09-15
s7082,2019-07-01,2019-07-01
s7083,2019-01-29,2019-01-29
s7084,2018-12-31,2018-12-31
s7085,2020-01-01,2020-01-01
s7086,2017-07-19,2017-07-19
s7087,2016-07-21,2016-07-21
s7088,2018-11-07,2018-11-07
s7089,2017-09-01,2017-09-01
s7090,2017-09-01,2017-09-01
s7091,2017-09-01,2017-09-01
s7092,2019-11-01,2019-11-01
s7093,2019-01-14,2019-01-14
s7094,2018-02-01,2018-02-01
s7095,2018-03-01,2018-03-01
s7096,2018-03-15,2018-03-15
s7097,2019-07-19,2019-07-19
s7098,2014-10-12,2014-10-12
s7099,2020-08-01,2020-08-01
s7100,2018-03-01,2018-03-01
s7101,2017-03-01,2017-03-01
s7102,2018-02-19,2018-02-19
s7103,2018-03-01,2018-03-01
s7104,2019-11-20,2019-11-20
s7105,2019-05-03,2019-05-03
s7106,2016-03-01,2016-03-01
s7107,2019-06-06,2019-06-06
s7108,2016-04-01,2016-04-01
s7109,2018-09-01,2018-09-01
s7110,2019-12-31,2019-12-31
s7111,2017-02-08,2017-02-08
s7112,2019-07-16,2019-07-16
s7113,2013-03-31,2013-03-31
s7114,2019-08-01,2019-08-01
s7115,2018-10-06,2018-10-06
s7116,2019-12-31,2019-12-31
s7117,2017-08-06,2017-08-06
s7118,2017-10-15,2017-10-15
s7119,2018-05-19,2018-05-19
s7120,2017-09-15,2017-09-15
s7121,2017-05-01,2017-05-01
s7122,2019-01-01,2019-01-01
s7123,2019-10-01,2019-10-01
s7124,2020-12-18,2020-12-18
s7125,2016-04-01,2016-04-01
s7126,2017-08-16,2017-08-16
s7127,2019-01-01,2019-01-01
s7128,2019-04-01,2019-04-01
s7129,2018-05-01,2018-05-01
s7130,2017-06-01,2017-06-01
s7131,2019-11-01,2019-11-01
s7132,2019-04-01,2019-04-01
s7133,2019-06-05,2019-06-05
s7134,2019-12-31,2019-12-31
s7135,2017-04-01,2017-04-01
s7136,2016-08-15,2016-08-15
s7137,2019-05-02,2019-05-02
s7138,2019-12-31,2019-12-31
s7139,2018-02-01,2018-02-01
s7140,2019-04-16,2019-04-16
s7141,2016-08-25,2016-08-25
s7142,2018-01-01,2018-01-01
s7143,2017-03-20,2017-03-20
s7144,2017-01-27,2017-01-27
s7145,2019-12-31,2019-12-31
s7146,2019-08-08,2019-08-08
s7147,2018-09-15,2018-09-15
s7148,2021-01-01,2021-01-01
s7150,2020-11-01,2020-11-01
s7151,2019-03-01,2019-03-01
s7152,2019-08-01,2019-08-01
s7153,2019-09-01,2019-09-01
s7154,2018-08-31,2018-08-31
s7155,2018-01-01,2018-01-01
s7156,2016-12-01,2016-12-01
s7157,2019-11-21,2019-11-21
s7158,2016-12-26,2016-12-26
s7159,2017-06-25,2017-06-25
s7160,2018-03-01,2018-03-01
s7161,2019-12-31,2019-12-31
s7162,2018-08-01,2018-08-01
s7163,2017-12-15,2017-12-15
s7164,2017-11-01,2017-11-01
s7165,2017-10-01,2017-10-01
s7166,2017-10-22,2017-10-22
s7167,2018-05-08,2018-05-08
s7168,2018-03-01,2018-03-01
s7169,2018-03-01,2018-03-01
s7170,2017-10-22,2017-10-22
s7171,2020-01-01,2020-01-01
s7172,2019-12-31,2019-12-31
s7173,2018-07-19,2018-07-19
s7174,2018-07-01,2018-07-01
s7175,2018-01-01,2018-01-01
s7176,2017-02-22,2017-02-22
s7177,2017-02-22,2017-02-22
s7178,2017-03-14,2017-03-14
s7179,2018-10-01,2018-10-01
s7180,2018-07-13,2018-07-13
s7181,2018-10-01,2018-10-01
s7182,2019-01-01,2019-01-01
s7183,2019-08-01,2019-08-01
s7184,2018-03-01,2018-03-01
s7185,2018-05-01,2018-05-01
s7186,2017-04-01,2017-04-01
s7187,2018-08-02,2018-08-02
s7188,2018-03-15,2018-03-15
s7189,2019-12-31,2019-12-31
s7190,2018-03-01,2018-03-01
s7191,2019-05-01,2019-05-01
s7192,2018-04-26,2018-04-26
s7193,2016-12-08,2016-12-08
s7194,2019-11-04,2019-11-04
s7195,2019-03-04,2019-03-04
s7196,2017-09-08,2017-09-08
s7198,2020-01-01,2020-01-01
s7199,2020-01-01,2020-01-01
s7200,2017-02-23,2017-02-23
s7201,2019-05-01,2019-05-01
s7202,2017-02-17,2017-02-17
s7203,2020-08-21,2020-08-21
s7204,2020-04-01,2020-04-01
s7205,2021-01-01,2021-01-01
s7206,2018-03-15,2018-03-15
s7207,2019-03-01,2019-03-01
s7208,2016-07-01,2016-07-01
s7209,2019-11-01,2019-11-01
s7210,2018-10-01,2018-10-01
s7211,2020-01-01,2020-01-01
s7212,2018-10-29,2018-10-29
s7213,2017-11-01,2017-11-01
s7214,2020-01-01,2020-01-01
s7215,2019-05-26,2019-05-26
s7216,2019-10-02,2019-10-02
s7217,2017-08-21,2017-08-21
s7219,2020-11-01,2020-11-01
s7220,2017-03-31,2017-03-31
s7221,2019-10-01,2019-10-01
s7222,2017-03-01,2017-03-01
s7223,2018-02-16,2018-02-16
s7224,2019-04-26,2019-04-26
s7225,2019-12-31,2019-12-31
s7226,2017-01-05,2017-01-05
s7227,2017-09-08,2017-09-08
s7228,2017-09-08,2017-09-08
s7229,2017-09-08,2017-09-08
s7230,2017-09-08,2017-09-08
s7231,2017-11-17,2017-11-17
s7232,2017-09-08,2017-09-08
s7233,2017-09-08,2017-09-08
s7234,2017-09-08,2017-09-08
s7235,2018-11-07,2018-11-07
s7236,2019-07-08,2019-07-08
s7237,2015-10-31,2015-10-31
s7238,2019-01-01,2019-01-01
s7239,2019-12-31,2019-12-31
s7240,2020-04-01,2020-04-01
s7241,2018-08-01,2018-08-01
s7242,2012-12-01,2012-12-01
s7243,2017-10-06,2017-10-06
s7244,2018-08-01,2018-08-01
s7245,2019-01-08,2019-01-08
s7246,2016-12-26,2016-12-26
s7247,2017-03-10,2017-03-10
s7248,2018-04-01,2018-04-01
s7249,2018-03-12,2018-03-12
s7250,2018-03-01,2018-03-01
s7251,2017-02-01,2017-02-01
s7252,2018-03-01,2018-03-01
s7253,2020-01-01,2020-01-01
s7254,2017-02-15,2017-02-15
s7256,2017-10-16,2017-10-16
s7257,2018-04-02,2018-04-02
s7258,2019-01-15,2019-01-15
s7259,2019-01-15,2019-01-15
s7260,2018-03-01,2018-03-01
s7261,2018-09-07,2018-09-07
s7262,2017-08-05,2017-08-05
s7263,2019-07-01,2019-07-01
s7264,2019-01-18,2019-01-18
s7265,2018-04-01,2018-04-01
s7266,2018-03-15,2018-03-15
s7267,2017-08-01,2017-08-01
s7268,2017-09-15,2017-09-15
s7269,2017-05-22,2017-05-22
s7270,2020-03-11,2020-03-11
s7271,2019-08-01,2019-08-01
s7272,2019-01-01,2019-01-01
s7273,2018-05-01,2018-05-01
s7274,2019-05-01,2019-05-01
s7275,2019-11-15,2019-11-15
s7276,2020-04-15,2020-04-15
s7277,2020-04-15,2020-04-15
s7278,2020-04-15,2020-04-15
s7279,2020-04-15,2020-04-15
s7280,2020-05-15,2020-05-15
s7281,2018-08-01,2018-08-01
s7282,2018-12-26,2018-12-26
s7283,2020-01-01,2020-01-01
s7284,2018-03-30,2018-03-30
s7285,2018-08-16,2018-08-16
s7286,2019-01-18,2019-01-18
s7287,2019-11-01,2019-11-01
s7289,2019-02-01,2019-02-01
s7290,2018-06-15,2018-06-15
s7291,2019-02-01,2019-02-01
s7292,2018-08-20,2018-08-20
s7293,2015-12-20,2015-12-20
s7294,2017-03-15,2017-03-15
s7295,2017-03-31,2017-03-31
s7296,2017-04-15,2017-04-15
s7297,2019-02-07,2019-02-07
s7298,2019-10-02,2019-10-02
s7299,2018-07-21,2018-07-21
s7300,2019-06-01,2019-06-01
s7301,2015-04-22,2015-04-22
s7302,2016-06-20,2016-06-20
s7303,2019-05-28,2019-05-28
s7304,2018-08-16,2018-08-16
s7305,2019-05-06,2019-05-06
s7306,2019-11-01,2019-11-01
s7307,2016-02-06,2016-02-06
s7309,2018-02-21,2018-02-21
s7310,2019-05-09,2019-05-09
s7311,2019-11-01,2019-11-01
s7312,2018-08-01,2018-08-01
s7313,2018-02-01,2018-02-01
s7314,2018-03-15,2018-03-15
s7315,2018-03-15,2018-03-15
s7316,2017-01-12,2017-01-12
s7317,2020-12-01,2020-12-01
s7318,2018-12-01,2018-12-01
s7319,2019-07-11,2019-07-11
s7320,2019-04-22,2019-04-22
s7321,2017-01-14,2017-01-14
s7322,2017-04-23,2017-04-23
s7323,2016-07-25,2016-07-25
s7324,2016-12-23,2016-12-23
s7325,2019-02-01,2019-02-01
s7326,2017-12-31,2017-12-31
s7327,2019-01-01,2019-01-01
s7328,2018-07-15,2018-07-15
s7329,2020-05-07,2020-05-07
s7330,2017-07-30,2017-07-30
s7331,2019-11-01,2019-11-01
s7333,2019-11-01,2019-11-01
s7334,2017-03-31,2017-03-31
s7335,2017-11-12,2017-11-12
s7336,2018-08-16,2018-08-16
s7337,2016-04-09,2016-04-09
s7338,2017-09-01,2017-09-01
s7339,2018-06-29,2018-06-29
s7340,2017-12-15,2017-12-15
s7341,2018-08-01,2018-08-01
s7342,2017-05-01,2017-05-01
s7344,2016-08-01,2016-08-01
s7345,2020-02-17,2020-02-17
s7346,2018-08-01,2018-08-01
s7347,2018-05-01,2018-05-01
s7348,2018-08-16,2018-08-16
s7349,2018-05-01,2018-05-01
s7350,2018-06-18,2018-06-18
s7351,2019-07-15,2019-07-15
s7352,2019-04-25,2019-04-25
s7353,2019-01-05,2019-01-05
s7354,2019-07-26,2019-07-26
s7355,2019-11-20,2019-11-20
s7356,2017-05-07,2017-05-07
s7357,2018-07-01,2018-07-01
s7358,2018-08-16,2018-08-16
s7359,2018-07-15,2018-07-15
s7360,2016-09-01,2016-09-01
s7361,2017-11-15,2017-11-15
s7362,2019-04-05,2019-04-05
s7363,2016-07-15,2016-07-15
s7364,2018-07-01,2018-07-01
s7365,2018-01-01,2018-01-01
s7366,2016-04-20,2016-04-20
s7367,2017-10-15,2017-10-15
s7368,2020-08-01,2020-08-01
s7370,2019-11-01,2019-11-01
s7371,2010-11-01,2010-11-01
s7372,2018-09-20,2018-09-20
s7373,2017-02-17,2017-02-17
s7374,2018-01-01,2018-01-01
s7375,2017-08-26,2017-08-26
s7376,2019-03-31,2019-03-31
s7377,2016-07-14,2016-07-14
s7378,2015-12-20,2015-12-20
s7379,2020-06-12,2020-06-12
s7380,2017-02-22,2017-02-22
s7381,2018-08-01,2018-08-01
s7382,2017-04-15,2017-04-15
s7383,2017-04-01,2017-04-01
s7384,2018-03-01,2018-03-01
s7385,2018-08-16,2018-08-16
s7386,2016-12-26,2016-12-26
s7387,2019-12-31,2019-12-31
s7388,2018-01-01,2018-01-01
s7389,2018-11-15,2018-11-15
s7390,2019-02-01,2019-02-01
s7391,2018-07-26,2018-07-26
s7392,2018-09-04,2018-09-04
s7393,2018-12-01,2018-12-01
s7394,2020-01-01,2020-01-01
s7395,2018-04-01,2018-04-01
s7396,2017-04-16,2017-04-16
s7397,2018-03-15,2018-03-15
s7398,2017-09-08,2017-09-08
s7399,2018-01-15,2018-01-15
s7400,2020-01-01,2020-01-01
s7401,2017-12-15,2017-12-15
s7402,2017-12-15,2017-12-15
s7403,2019-01-05,2019-01-05
s7404,2020-12-01,2020-12-01
s7405,2018-08-03,2018-08-03
s7406,2016-05-01,2016-05-01
s7408,2017-02-01,2017-02-01
s7409,2020-04-13,2020-04-13
s7411,2018-08-16,2018-08-16
s7412,2019-12-01,2019-12-01
s7413,2018-01-01,2018-01-01
s7414,2018-03-15,2018-03-15
s7415,2015-03-15,2015-03-15
s7416,2014-02-16,2014-02-16
s7417,2018-07-17,2018-07-17
s7418,2019-07-09,2019-07-09
s7419,2019-07-26,2019-07-26
s7420,2019-12-31,2019-12-31
s7421,2018-02-01,2018-02-01
s7422,2018-08-01,2018-08-01
s7423,2018-02-15,2018-02-15
s7424,2017-01-15,2017-01-15
s7425,2018-08-26,2018-08-26
s7426,2019-07-20,2019-07-20
s7427,2017-05-01,2017-05-01
s7428,2018-09-02,2018-09-02
s7429,2018-01-01,2018-01-01
s7430,2017-02-14,2017-02-14
s7431,2019-07-01,2019-07-01
s7432,2019-07-01,2019-07-01
s7433,2018-03-09,2018-03-09
s7434,2019-10-01,2019-10-01
s7435,2017-10-25,2017-10-25
s7436,2019-07-12,2019-07-12
s7437,2019-07-12,2019-07-12
s7438,2018-08-01,2018-08-01
s7439,2019-06-21,2019-06-21
s7440,2018-07-01,2018-07-01
s7441,2018-02-19,2018-02-19
s7442,2019-06-19,2019-06-19
s7443,2019-10-19,2019-10-19
s7444,2019-10-01,2019-10-01
s7445,2017-08-27,2017-08-27
s7446,2019-02-13,2019-02-13
s7447,2018-05-01,2018-05-01
s7448,2016-12-01,2016-12-01
s7449,2019-09-21,2019-09-21
s7450,2017-02-01,2017-02-01
s7451,2018-01-01,2018-01-01
s7452,2019-08-01,2019-08-01
s7453,2019-03-03,2019-03-03
s7454,2019-04-01,2019-04-01
s7455,2020-09-07,2020-09-07
s7456,2016-01-01,2016-01-01
s7457,2017-02-16,2017-02-16
s7459,2018-08-01,2018-08-01
s7460,2018-12-15,2018-12-15
s7461,2018-06-01,2018-06-01
s7462,2020-04-24,2020-04-24
s7463,2017-02-20,2017-02-20
s7464,2018-05-05,2018-05-05
s7465,2017-10-01,2017-10-01
s7466,2015-09-02,2015-09-02
s7467,2017-12-19,2017-12-19
s7468,2017-10-20,2017-10-20
s7469,2016-08-01,2016-08-01
s7470,2017-01-07,2017-01-07
s7471,2016-12-19,2016-12-19
s7472,2017-08-13,2017-08-13
s7473,2019-07-29,2019-07-29
s7474,2017-08-07,2017-08-07
s7475,2018-07-26,2018-07-26
s7476,2017-05-01,2017-05-01
s7477,2018-06-30,2018-06-30
s7478,2018-07-26,2018-07-26
s7479,2019-09-01,2019-09-01
s7480,2020-04-01,2020-04-01
s7481,2017-07-01,2017-07-01
s7482,2019-01-01,2019-01-01
s7483,2017-10-15,2017-10-15
s7484,2019-07-12,2019-07-12
s7485,2019-11-01,2019-11-01
s7486,2017-03-31,2017-03-31
s7487,2016-03-19,2016-03-19
s7488,2019-06-15,2019-06-15
s7489,2018-04-04,2018-04-04
s7490,2018-03-01,2018-03-01
s7491,2015-09-29,2015-09-29
s7492,2018-01-01,2018-01-01
s7493,2018-01-30,2018-01-30
s7494,2018-01-01,2018-01-01
s7495,2018-01-01,2018-01-01
s7496,2018-01-01,2018-01-01
s7497,2018-03-01,2018-03-01
s7498,2017-10-01,2017-10-01
s7499,2018-03-24,2018-03-24
s7500,2017-10-01,2017-10-01
s7501,2015-07-07,2015-07-07
s7502,2018-01-01,2018-01-01
s7503,2020-05-15,2020-05-15
s7504,2020-01-01,2020-01-01
s7505,2019-07-26,2019-07-26
s7506,2019-07-26,2019-07-26
s7507,2020-01-01,2020-01-01
s7508,2019-05-21,2019-05-21
s7509,2017-09-08,2017-09-08
s7510,2017-11-01,2017-11-01
s7511,2018-11-01,2018-11-01
s7512,2018-02-01,2018-02-01
s7513,2018-02-15,2018-02-15
s7514,2017-07-06,2017-07-06
s7515,2018-10-01,2018-10-01
s7516,2019-04-09,2019-04-09
s7517,2018-12-22,2018-12-22
s7518,2020-08-01,2020-08-01
s7519,2017-06-15,2017-06-15
s7520,2018-08-16,2018-08-16
s7521,2019-09-01,2019-09-01
s7523,2019-06-06,2019-06-06
s7524,2021-01-01,2021-01-01
s7525,2019-12-31,2019-12-31
s7526,2018-01-26,2018-01-26
s7527,2020-09-01,2020-09-01
s7528,2018-09-01,2018-09-01
s7529,2018-04-17,2018-04-17
s7531,2019-11-01,2019-11-01
s7532,2018-10-17,2018-10-17
s7533,2018-10-30,2018-10-30
s7534,2018-06-12,2018-06-12
s7535,2019-04-18,2019-04-18
s7536,2018-01-23,2018-01-23
s7537,2017-08-15,2017-08-15
s7538,2017-03-01,2017-03-01
s7539,2019-07-22,2019-07-22
s7540,2017-10-01,2017-10-01
s7541,2017-11-01,2017-11-01
s7542,2015-12-01,2015-12-01
s7543,2014-12-17,2014-12-17
s7544,2019-03-04,2019-03-04
s7545,2018-08-16,2018-08-16
s7546,2017-07-13,2017-07-13
s7547,2019-09-01,2019-09-01
s7548,2019-02-01,2019-02-01
s7549,2018-07-25,2018-07-25
s7550,2019-05-30,2019-05-30
s7551,2019-04-18,2019-04-18
s7552,2018-03-15,2018-03-15
s7553,2018-08-01,2018-08-01
s7554,2019-11-01,2019-11-01
s7555,2017-02-05,2017-02-05
s7556,2018-03-10,2018-03-10
s7557,2020-05-28,2020-05-28
s7558,2019-12-31,2019-12-31
s7559,2017-03-15,2017-03-15
s7560,2017-09-01,2017-09-01
s7561,2017-11-10,2017-11-10
s7562,2017-05-08,2017-05-08
s7563,2019-11-01,2019-11-01
s7564,2018-02-01,2018-02-01
s7565,2018-06-01,2018-06-01
s7566,2018-06-01,2018-06-01
s7567,2016-09-15,2016-09-15
s7568,2016-12-01,2016-12-01
s7569,2018-10-01,2018-10-01
s7570,2017-03-01,2017-03-01
s7571,2017-03-01,2017-03-01
s7572,2015-10-10,2015-10-10
s7573,2015-04-22,2015-04-22
s7574,2017-10-01,2017-10-01
s7576,2017-03-31,2017-03-31
s7578,2017-06-26,2017-06-26
s7579,2019-02-15,2019-02-15
s7580,2020-01-01,2020-01-01
s7581,2017-04-07,2017-04-07
s7582,2019-07-01,2019-07-01
s7583,2018-05-01,2018-05-01
s7584,2020-08-27,2020-08-27
s7585,2019-06-30,2019-06-30
s7586,2020-08-10,2020-08-10
s7588,2019-07-01,2019-07-01
s7589,2018-12-23,2018-12-23
s7590,2016-01-01,2016-01-01
s7591,2018-03-01,2018-03-01
s7592,2018-05-04,2018-05-04
s7593,2019-10-01,2019-10-01
s7594,2016-12-10,2016-12-10
s7595,2020-05-25,2020-05-25
s7596,2020-08-21,2020-08-21
s7597,2019-09-09,2019-09-09
s7598,2017-03-31,2017-03-31
s7599,2018-01-01,2018-01-01
s7600,2019-07-01,2019-07-01
s7601,2019-07-01,2019-07-01
s7602,2019-07-01,2019-07-01
s7603,2019-07-01,2019-07-01
s7604,2019-07-01,2019-07-01
s7605,2019-07-01,2019-07-01
s7606,2019-07-01,2019-07-01
s7607,2019-07-01,2019-07-01
s7608,2019-07-01,2019-07-01
s7609,2019-07-01,2019-07-01
s7610,2019-07-01,2019-07-01
s7611,2019-07-01,2019-07-01
s7612,2019-07-01,2019-07-01
s7613,2019-07-01,2019-07-01
s7614,2019-07-01,2019-07-01
s7615,2019-07-01,2019-07-01
s7616,2019-07-01,2019-07-01
s7617,2019-07-01,2019-07-01
s7618,2019-07-01,2019-07-01
s7619,2019-07-01,2019-07-01
s7620,2020-07-03,2020-07-03
s7621,2019-08-02,2019-08-02
s7622,2018-01-01,2018-01-01
s7623,2018-04-14,2018-04-14
s7624,2016-07-07,2016-07-07
s7625,2018-08-15,2018-08-15
s7626,2017-12-31,2017-12-31
s7627,2018-04-15,2018-04-15
s7628,2016-12-01,2016-12-01
s7630,2017-08-01,2017-08-01
s7631,2018-01-01,2018-01-01
s7632,2018-08-25,2018-08-25
s7633,2018-04-13,2018-04-13
s7634,2018-12-28,2018-12-28
s7635,2018-07-19,2018-07-19
s7636,2019-09-19,2019-09-19
s7637,2019-01-03,2019-01-03
s7638,2019-11-01,2019-11-01
s7639,2019-10-01,2019-10-01
s7640,2019-10-01,2019-10-01
s7641,2018-02-05,2018-02-05
s7642,2016-09-01,2016-09-01
s7643,2017-03-30,2017-03-30
s7644,2018-07-25,2018-07-25
s7645,2018-08-16,2018-08-16
s7646,2018-07-25,2018-07-25
s7648,2017-04-19,2017-04-19
s7649,2016-11-15,2016-11-15
s7650,2018-03-28,2018-03-28
s7651,2019-04-25,2019-04-25
s7652,2018-08-02,2018-08-02
s7653,2018-01-10,2018-01-10
s7654,2018-05-01,2018-05-01
s7655,2018-08-01,2018-08-01
s7656,2018-08-01,2018-08-01
s7657,2018-08-01,2018-08-01
s7658,2018-08-01,2018-08-01
s7659,2020-04-15,2020-04-15
s7660,2019-11-20,2019-11-20
s7661,2018-09-05,2018-09-05
s7662,2019-10-01,2019-10-01
s7663,2017-11-01,2017-11-01
s7664,2019-08-25,2019-08-25
s7665,2018-01-15,2018-01-15
s7666,2017-10-15,2017-10-15
s7667,2019-02-02,2019-02-02
s7668,2018-05-15,2018-05-15
s7669,2018-11-15,2018-11-15
s7670,2019-09-01,2019-09-01
s7671,2018-01-15,2018-01-15
s7672,2019-02-01,2019-02-01
s7673,2017-08-05,2017-08-05
s7674,2020-04-01,2020-04-01
s7675,2020-08-01,2020-08-01
s7676,2016-07-01,2016-07-01
s7677,2018-11-27,2018-11-27
s7678,2017-02-16,2017-02-16
s7679,2018-08-16,2018-08-16
s7681,2018-08-01,2018-08-01
s7682,2017-10-15,2017-10-15
s7683,2017-03-15,2017-03-15
s7684,2019-09-10,2019-09-10
s7685,2020-06-01,2020-06-01
s7686,2018-07-01,2018-07-01
s7687,2019-02-15,2019-02-15
s7688,2019-05-31,2019-05-31
s7689,2018-08-01,2018-08-01
s7690,2017-11-07,2017-11-07
s7691,2019-04-01,2019-04-01
s7692,2018-07-01,2018-07-01
s7693,2018-03-23,2018-03-23
s7694,2016-12-02,2016-12-02
s7695,2018-07-26,2018-07-26
s7696,2019-11-01,2019-11-01
s7697,2018-02-01,2018-02-01
s7698,2018-08-16,2018-08-16
s7699,2020-03-31,2020-03-31
s7700,2016-06-30,2016-06-30
s7701,2016-05-01,2016-05-01
s7702,2019-08-01,2019-08-01
s7703,2017-12-08,2017-12-08
s7704,2019-04-20,2019-04-20
s7705,2020-01-01,2020-01-01
s7707,2018-03-01,2018-03-01
s7708,2018-07-01,2018-07-01
s7709,2017-02-01,2017-02-01
s7711,2017-05-04,2017-05-04
s7712,2021-01-01,2021-01-01
s7713,2017-10-22,2017-10-22
s7714,2018-01-29,2018-01-29
s7715,2020-01-01,2020-01-01
s7716,2017-03-10,2017-03-10
s7717,2020-11-01,2020-11-01
s7718,2018-07-01,2018-07-01
s7719,2019-09-15,2019-09-15
s7720,2018-07-01,2018-07-01
s7721,2018-09-01,2018-09-01
s7723,2014-12-18,2014-12-18
s7724,2017-08-25,2017-08-25
s7725,2019-04-01,2019-04-01
s7726,2016-09-17,2016-09-17
s7727,2017-02-28,2017-02-28
s7728,2019-04-30,2019-04-30
s7729,2019-01-01,2019-01-01
s7731,2019-02-01,2019-02-01
s7732,2017-03-09,2017-03-09
s7733,2018-08-18,2018-08-18
s7734,2019-12-31,2019-12-31
s7735,2017-10-01,2017-10-01
s7736,2019-07-01,2019-07-01
s7737,2018-01-15,2018-01-15
s7738,2018-09-05,2018-09-05
s7739,2019-09-01,2019-09-01
s7740,2019-12-31,2019-12-31
s7741,2020-08-02,2020-08-02
s7742,2019-06-29,2019-06-29
s7743,2018-11-15,2018-11-15
s7744,2017-02-01,2017-02-01
s7745,2018-03-01,2018-03-01
s7746,2018-03-15,2018-03-15
s7747,2019-07-13,2019-07-13
s7748,2017-12-25,2017-12-25
s7749,2015-04-22,2015-04-22
s7750,2020-06-01,2020-06-01
s7751,2018-01-01,2018-01-01
s7752,2020-11-01,2020-11-01
s7753,2017-12-01,2017-12-01
s7754,2019-04-05,2019-04-05
s7755,2019-01-03,2019-01-03
s7756,2019-11-24,2019-11-24
s7757,2019-09-25,2019-09-25
s7758,2018-04-16,2018-04-16
s7759,2019-02-19,2019-02-19
s7760,2018-02-15,2018-02-15
s7761,2017-06-01,2017-06-01
s7762,2015-12-02,2015-12-02
s7763,2016-10-15,2016-10-15
s7764,2016-01-01,2016-01-01
s7765,2016-01-01,2016-01-01
s7766,2016-01-01,2016-01-01
s7767,2016-01-01,2016-01-01
s7768,2016-01-01,2016-01-01
s7769,2016-01-01,2016-01-01
s7770,2016-01-01,2016-01-01
s7771,2016-01-01,2016-01-01
s7772,2016-01-01,2016-01-01
s7773,2016-01-01,2016-01-01
s7774,2016-01-01,2016-01-01
s7775,2016-01-01,2016-01-01
s7776,2016-01-01,2016-01-01
s7777,2016-01-01,2016-01-01
s7778,2016-01-01,2016-01-01
s7779,2016-01-01,2016-01-01
s7780,2016-01-01,2016-01-01
s7781,2016-01-01,2016-01-01
s7782,2016-01-01,2016-01-01
s7783,2016-01-01,2016-01-01
s7784,2016-01-01,2016-01-01
s7785,2016-01-01,2016-01-01
s7786,2016-01-01,2016-01-01
s7787,2016-01-01,2016-01-01
s7788,2016-01-01,2016-01-01
s7789,2016-01-01,2016-01-01
s7790,2017-12-01,2017-12-01
s7791,2017-03-31,2017-03-31
s7792,2018-02-15,2018-02-15
s7793,2016-04-15,2016-04-15
s7794,2019-12-01,2019-12-01
s7795,2018-08-31,2018-08-31
s7796,2020-10-18,2020-10-18
s7797,2018-02-05,2018-02-05
s7798,2019-08-06,2019-08-06
s7799,2017-02-22,2017-02-22
s7800,2019-06-01,2019-06-01
s7801,2018-04-15,2018-04-15
s7802,2018-03-01,2018-03-01
s7803,2019-01-01,2019-01-01
s7804,2017-11-01,2017-11-01
s7805,2017-12-27,2017-12-27
s7806,2017-05-01,2017-05-01
s7808,2020-03-11,2020-03-11
s7809,2016-11-04,2016-11-04
s7810,2020-08-31,2020-08-31
s7811,2016-08-01,2016-08-01
s7812,2019-04-06,2019-04-06
s7813,2018-05-01,2018-05-01
s7814,2018-10-25,2018-10-25
s7815,2018-08-01,2018-08-01
s7816,2017-06-01,2017-06-01
s7817,2019-07-01,2019-07-01
s7818,2019-09-01,2019-09-01
s7819,2017-04-12,2017-04-12
s7820,2017-01-01,2017-01-01
s7821,2019-10-01,2019-10-01
s7822,2018-03-01,2018-03-01
s7823,2016-09-16,2016-09-16
s7824,2017-08-19,2017-08-19
s7825,2017-05-01,2017-05-01
s7826,2019-12-31,2019-12-31
s7827,2019-06-11,2019-06-11
s7828,2019-12-31,2019-12-31
s7829,2018-04-01,2018-04-01
s7830,2019-07-31,2019-07-31
s7831,2019-12-31,2019-12-31
s7832,2019-05-26,2019-05-26
s7833,2018-03-15,2018-03-15
s7834,2018-08-01,2018-08-01
s7835,2016-12-16,2016-12-16
s7836,2017-04-01,2017-04-01
s7837,2019-06-20,2019-06-20
s7838,2017-10-22,2017-10-22
s7839,2018-07-31,2018-07-31
s7840,2019-11-01,2019-11-01
s7841,2017-12-31,2017-12-31
s7842,2019-06-25,2019-06-25
s7843,2017-03-04,2017-03-04
s7844,2017-12-11,2017-12-11
s7845,2019-12-31,2019-12-31
s7846,2018-09-15,2018-09-15
s7847,2018-03-24,2018-03-24
s7849,2017-03-10,2017-03-10
s7850,2019-05-09,2019-05-09
s7852,2016-06-13,2016-06-13
s7853,2017-08-21,2017-08-21
s7854,2018-07-26,2018-07-26
s7855,2020-08-01,2020-08-01
s7856,2020-06-01,2020-06-01
s7857,2020-05-28,2020-05-28
s7858,2020-01-01,2020-01-01
s7859,2018-01-01,2018-01-01
s7860,2017-09-26,2017-09-26
s7861,2018-08-16,2018-08-16
s7862,2017-03-01,2017-03-01
s7863,2019-05-02,2019-05-02
s7864,2018-07-21,2018-07-21
s7865,2018-02-01,2018-02-01
s7866,2019-11-01,2019-11-01
s7867,2016-12-03,2016-12-03
s7868,2019-04-26,2019-04-26
s7869,2019-06-01,2019-06-01
s7870,2018-05-01,2018-05-01
s7871,2017-09-08,2017-09-08
s7872,2017-12-15,2017-12-15
s7873,2018-03-15,2018-03-15
s7874,2017-11-01,2017-11-01
s7875,2019-12-31,2019-12-31
s7876,2016-07-01,2016-07-01
s7877,2018-05-01,2018-05-01
s7878,2019-05-01,2019-05-01
s7879,2016-10-01,2016-10-01
s7880,2019-08-01,2019-08-01
s7881,2019-08-01,2019-08-01
s7882,2019-08-01,2019-08-01
s7883,2019-08-01,2019-08-01
s7884,2019-08-01,2019-08-01
s7885,2017-01-17,2017-01-17
s7886,2019-04-19,2019-04-19
s7887,2019-08-08,2019-08-08
s7888,2017-09-08,2017-09-08
s7889,2017-11-01,2017-11-01
s7890,2018-07-19,2018-07-19
s7891,2019-03-01,2019-03-01
s7892,2019-07-01,2019-07-01
s7893,2019-06-21,2019-06-21
s7894,2017-11-01,2017-11-01
s7895,2019-11-01,2019-11-01
s7896,2019-11-01,2019-11-01
s7898,2017-12-31,2017-12-31
s7899,2018-04-01,2018-04-01
s7900,2017-09-15,2017-09-15
s7901,2019-11-01,2019-11-01
s7902,2019-08-01,2019-08-01
s7903,2018-03-01,2018-03-01
s7904,2020-12-01,2020-12-01
s7905,2019-06-19,2019-06-19
s7906,2019-08-01,2019-08-01
s7908,2015-05-10,2015-05-10
s7909,2013-10-14,2013-10-14
s7910,2013-10-14,2013-10-14
s7911,2017-01-06,2017-01-06
s7912,2017-06-15,2017-06-15
s7913,2021-01-01,2021-01-01
s7914,2019-12-31,2019-12-31
s7915,2017-03-21,2017-03-21
s7916,2017-03-10,2017-03-10
s7917,2017-08-22,2017-08-22
s7918,2019-12-31,2019-12-31
s7919,2016-12-15,2016-12-15
s7920,2017-05-01,2017-05-01
s7921,2020-08-13,2020-08-13
s7922,2017-01-01,2017-01-01
s7923,2018-04-01,2018-04-01
s7924,2018-02-15,2018-02-15
s7925,2019-06-22,2019-06-22
s7926,2018-09-15,2018-09-15
s7927,2018-03-01,2018-03-01
s7928,2019-06-06,2019-06-06
s7929,2018-12-14,2018-12-14
s7930,2019-06-18,2019-06-18
s7931,2017-03-31,2017-03-31
s7932,2018-01-01,2018-01-01
s7933,2019-12-31,2019-12-31
s7934,2017-11-17,2017-11-17
s7935,2015-12-20,2015-12-20
s7936,2019-09-21,2019-09-21
s7937,2017-12-01,2017-12-01
s7938,2017-10-15,2017-10-15
s7939,2018-02-15,2018-02-15
s7940,2018-07-01,2018-07-01
s7941,2019-01-30,2019-01-30
s7942,2019-06-01,2019-06-01
s7943,2017-04-01,2017-04-01
s7944,2018-03-15,2018-03-15
s7945,2019-12-31,2019-12-31
s7946,2020-10-06,2020-10-06
s7947,2017-11-01,2017-11-01
s7948,2019-06-13,2019-06-13
s7949,2018-08-18,2018-08-18
s7950,2019-03-02,2019-03-02
s7951,2020-01-15,2020-01-15
s7952,2018-07-19,2018-07-19
s7953,2020-01-23,2020-01-23
s7955,2020-11-13,2020-11-13
s7956,2020-01-01,2020-01-01
s7957,2020-08-12,2020-08-12
s7958,2018-04-01,2018-04-01
s7959,2020-11-01,2020-11-01
s7960,2019-12-15,2019-12-15
s7961,2018-09-16,2018-09-16
s7962,2019-10-01,2019-10-01
s7963,2019-07-01,2019-07-01
s7964,2020-01-01,2020-01-01
s7965,2020-12-07,2020-12-07
s7966,2019-12-01,2019-12-01
s7967,2019-04-26,2019-04-26
s7968,2018-07-01,2018-07-01
s7969,2017-05-22,2017-05-22
s7970,2018-04-01,2018-04-01
s7971,2017-04-22,2017-04-22
s7972,2017-02-22,2017-02-22
s7973,2017-02-22,2017-02-22
s7974,2017-02-22,2017-02-22
s7975,2017-02-22,2017-02-22
s7976,2017-04-22,2017-04-22
s7977,2017-04-22,2017-04-22
s7978,2017-02-22,2017-02-22
s7979,2017-04-22,2017-04-22
s7980,2017-04-22,2017-04-22
s7981,2017-03-10,2017-03-10
s7982,2019-10-01,2019-10-01
s7984,2018-03-10,2018-03-10
s7985,2017-03-01,2017-03-01
s7986,2020-01-10,2020-01-10
s7987,2021-01-01,2021-01-01
s7988,2021-01-01,2021-01-01
s7989,2017-07-10,2017-07-10
s7990,2017-12-15,2017-12-15
s7991,2019-05-19,2019-05-19
s7992,2017-01-27,2017-01-27
s7993,2018-01-01,2018-01-01
s7994,2019-01-10,2019-01-10
s7995,2018-03-01,2018-03-01
s7996,2018-03-01,2018-03-01
s7997,2018-03-01,2018-03-01
s7998,2018-08-16,2018-08-16
s7999,2019-11-02,2019-11-02
s8000,2018-03-01,2018-03-01
s8001,2020-02-04,2020-02-04
s8002,2017-12-29,2017-12-29
s8003,2017-05-15,2017-05-15
s8004,2021-01-01,2021-01-01
s8005,2019-12-31,2019-12-31
s8006,2018-11-15,2018-11-15
s8007,2018-11-15,2018-11-15
s8008,2018-11-15,2018-11-15
s8009,2018-10-30,2018-10-30
s8010,2019-07-18,2019-07-18
s8011,2019-07-01,2019-07-01
s8012,2017-08-10,2017-08-10
s8013,2018-03-01,2018-03-01
s8014,2018-09-05,2018-09-05
s8015,2019-07-06,2019-07-06
s8016,2020-03-31,2020-03-31
s8017,2018-10-30,2018-10-30
s8018,2018-12-03,2018-12-03
s8019,2019-12-13,2019-12-13
s8020,2017-04-01,2017-04-01
s8021,2017-09-15,2017-09-15
s8022,2017-05-15,2017-05-15
s8024,2017-07-15,2017-07-15
s8025,2018-09-28,2018-09-28
s8026,2018-06-01,2018-06-01
s8027,2019-10-01,2019-10-01
s8028,2020-01-01,2020-01-01
s8029,2016-02-14,2016-02-14
s8030,2018-12-17,2018-12-17
s8031,2016-10-01,2016-10-01
s8032,2018-12-15,2018-12-15
s8033,2019-07-04,2019-07-04
s8034,2017-08-05,2017-08-05
s8035,2018-06-27,2018-06-27
s8036,2019-01-16,2019-01-16
s8037,2017-10-02,2017-10-02
s8038,2020-03-01,2020-03-01
s8039,2019-11-01,2019-11-01
s8040,2020-01-01,2020-01-01
s8041,2018-12-31,2018-12-31
s8042,2018-07-26,2018-07-26
s8043,2019-06-01,2019-06-01
s8044,2019-07-12,2019-07-12
s8045,2017-05-15,2017-05-15
s8046,2015-09-22,2015-09-22
s8047,2020-01-10,2020-01-10
s8048,2018-07-01,2018-07-01
s8049,2019-03-19,2019-03-19
s8050,2019-01-05,2019-01-05
s8051,2018-09-01,2018-09-01
s8052,2019-01-09,2019-01-09
s8053,2019-01-09,2019-01-09
s8054,2018-02-15,2018-02-15
s8055,2017-12-18,2017-12-18
s8056,2019-08-01,2019-08-01
s8057,2018-07-19,2018-07-19
s8058,2016-12-10,2016-12-10
s8059,2019-05-25,2019-05-25
s8060,2020-05-17,2020-05-17
s8061,2019-07-01,2019-07-01
s8062,2016-11-18,2016-11-18
s8063,2020-03-31,2020-03-31
s8064,2019-11-01,2019-11-01
s8066,2017-07-06,2017-07-06
s8067,2020-01-09,2020-01-09
s8068,2019-11-01,2019-11-01
s8069,2019-06-26,2019-06-26
s8070,2019-11-01,2019-11-01
s8072,2020-07-22,2020-07-22
s8073,2021-01-10,2021-01-10
s8074,2020-04-15,2020-04-15
s8075,2019-04-01,2019-04-01
s8076,2019-03-08,2019-03-08
s8077,2019-04-01,2019-04-01
s8078,2016-06-01,2016-06-01
s8079,2019-08-08,2019-08-08
s8080,2019-06-28,2019-06-28
s8081,2018-12-11,2018-12-11
s8082,2017-02-05,2017-02-05
s8083,2018-06-26,2018-06-26
s8084,2015-04-16,2015-04-16
s8085,2019-08-29,2019-08-29
s8086,2016-09-01,2016-09-01
s8087,2016-07-01,2016-07-01
s8088,2019-11-01,2019-11-01
s8089,2019-06-06,2019-06-06
s8090,2018-09-01,2018-09-01
s8091,2018-03-15,2018-03-15
s8092,2018-09-14,2018-09-14
s8093,2018-11-01,2018-11-01
s8094,2017-12-16,2017-12-16
s8095,2019-07-01,2019-07-01
s8096,2017-09-08,2017-09-08
s8097,2015-02-15,2015-02-15
s8098,2019-07-22,2019-07-22
s8099,2017-10-15,2017-10-15
s8100,2020-06-26,2020-06-26
s8101,2020-08-30,2020-08-30
s8102,2020-10-01,2020-10-01
s8103,2016-01-01,2016-01-01
s8104,2020-01-01,2020-01-01
s8105,2017-04-07,2017-04-07
s8106,2019-09-01,2019-09-01
s8107,2021-01-01,2021-01-01
s8108,2019-11-24,2019-11-24
s8109,2017-02-11,2017-02-11
s8110,2019-01-18,2019-01-18
s8111,2020-01-01,2020-01-01
s8112,2019-11-11,2019-11-11
s8113,2015-10-14,2015-10-14
s8114,2018-09-05,2018-09-05
s8115,2018-08-01,2018-08-01
s8116,2016-07-01,2016-07-01
s8117,2017-06-05,2017-06-05
s8118,2019-12-01,2019-12-01
s8119,2020-03-19,2020-03-19
s8120,2016-07-10,2016-07-10
s8121,2017-03-15,2017-03-15
s8122,2019-06-28,2019-06-28
s8123,2019-06-18,2019-06-18
s8124,2018-01-01,2018-01-01
s8125,2018-03-01,2018-03-01
s8126,2020-12-01,2020-12-01
s8127,2021-01-01,2021-01-01
s8128,2019-11-01,2019-11-01
s8129,2019-10-01,2019-10-01
s8130,2017-03-01,2017-03-01
s8131,2019-11-20,2019-11-20
s8132,2018-10-09,2018-10-09
s8133,2020-04-13,2020-04-13
s8134,2018-05-24,2018-05-24
s8135,2018-12-10,2018-12-10
s8136,2017-03-01,2017-03-01
s8137,2019-12-31,2019-12-31
s8138,2018-05-01,2018-05-01
s8139,2020-01-01,2020-01-01
s8140,2019-12-01,2019-12-01
s8141,2019-01-30,2019-01-30
s8142,2017-06-10,2017-06-10
s8143,2018-08-16,2018-08-16
s8144,2019-12-15,2019-12-15
s8145,2018-03-01,2018-03-01
s8146,2018-07-15,2018-07-15
s8147,2019-05-16,2019-05-16
s8149,2019-06-28,2019-06-28
s8150,2017-10-15,2017-10-15
s8151,2018-03-01,2018-03-01
s8152,2018-06-23,2018-06-23
s8153,2017-06-23,2017-06-23
s8154,2019-05-09,2019-05-09
s8155,2019-07-01,2019-07-01
s8156,2017-09-25,2017-09-25
s8157,2018-03-01,2018-03-01
s8158,2017-01-15,2017-01-15
s8159,2019-05-01,2019-05-01
s8160,2020-01-01,2020-01-01
s8161,2020-01-01,2020-01-01
s8162,2018-08-02,2018-08-02
s8163,2016-12-01,2016-12-01
s8164,2018-07-15,2018-07-15
s8165,2019-02-12,2019-02-12
s8166,2017-12-31,2017-12-31
s8167,2020-01-01,2020-01-01
s8168,2020-01-01,2020-01-01
s8169,2016-05-01,2016-05-01
s8170,2018-09-01,2018-09-01
s8171,2017-10-15,2017-10-15
s8172,2017-12-01,2017-12-01
s8173,2018-03-31,2018-03-31
s8174,2019-05-25,2019-05-25
s8176,2019-02-19,2019-02-19
s8177,2019-11-15,2019-11-15
s8178,2018-04-06,2018-04-06
s8179,2019-07-01,2019-07-01
s8180,2018-07-15,2018-07-15
s8181,2017-09-18,2017-09-18
s8182,2017-05-10,2017-05-10
s8184,2020-12-02,2020-12-02
s8185,2019-11-20,2019-11-20
s8186,2018-04-01,2018-04-01
s8187,2018-01-01,2018-01-01
s8188,2021-01-01,2021-01-01
s8189,2020-01-01,2020-01-01
s8191,2020-02-27,2020-02-27
s8192,2020-03-11,2020-03-11
s8193,2019-06-13,2019-06-13
s8195,2017-05-10,2017-05-10
s8196,2018-12-08,2018-12-08
s8197,2020-07-01,2020-07-01
s8198,2020-03-15,2020-03-15
s8199,2018-12-30,2018-12-30
s8200,2019-12-01,2019-12-01
s8201,2018-02-21,2018-02-21
s8202,2018-12-15,2018-12-15
s8203,2017-04-01,2017-04-01
s8204,2018-08-16,2018-08-16
s8205,2019-04-09,2019-04-09
s8206,2017-03-31,2017-03-31
s8207,2017-09-18,2017-09-18
s8208,2016-11-11,2016-11-11
s8209,2019-02-01,2019-02-01
s8210,2019-02-01,2019-02-01
s8211,2018-12-31,2018-12-31
s8212,2017-08-07,2017-08-07
s8213,2019-05-18,2019-05-18
s8214,2019-03-29,2019-03-29
s8215,2015-10-10,2015-10-10
s8216,2017-08-01,2017-08-01
s8217,2019-02-01,2019-02-01
s8218,2019-07-01,2019-07-01
s8219,2017-03-10,2017-03-10
s8220,2019-10-01,2019-10-01
s8221,2019-06-01,2019-06-01
s8222,2020-06-01,2020-06-01
s8223,2019-01-01,2019-01-01
s8224,2019-11-01,2019-11-01
s8225,2019-05-18,2019-05-18
s8226,2018-02-20,2018-02-20
s8227,2019-07-16,2019-07-16
s8228,2019-09-01,2019-09-01
s8229,2019-07-01,2019-07-01
s8230,2019-10-01,2019-10-01
s8231,2019-05-09,2019-05-09
s8232,2018-09-20,2018-09-20
s8233,2019-04-01,2019-04-01
s8234,2020-03-23,2020-03-23
s8235,2018-12-04,2018-12-04
s8236,2019-04-01,2019-04-01
s8237,2018-07-20,2018-07-20
s8238,2020-06-01,2020-06-01
s8239,2018-05-01,2018-05-01
s8240,2017-11-21,2017-11-21
s8241,2019-06-13,2019-06-13
s8242,2019-09-01,2019-09-01
s8243,2017-02-04,2017-02-04
s8244,2019-08-01,2019-08-01
s8245,2019-06-20,2019-06-20
s8246,2017-04-14,2017-04-14
s8247,2016-05-08,2016-05-08
s8248,2019-11-01,2019-11-01
s8249,2019-03-01,2019-03-01
s8250,2019-11-01,2019-11-01
s8251,2018-02-01,2018-02-01
s8252,2018-07-28,2018-07-28
s8253,2019-07-23,2019-07-23
s8254,2019-02-06,2019-02-06
s8255,2019-08-23,2019-08-23
s8256,2019-04-25,2019-04-25
s8257,2020-01-01,2020-01-01
s8259,2019-07-29,2019-07-29
s8260,2019-01-01,2019-01-01
s8261,2019-10-01,2019-10-01
s8262,2020-01-01,2020-01-01
s8263,2019-09-15,2019-09-15
s8264,2017-04-02,2017-04-02
s8265,2018-01-01,2018-01-01
s8266,2018-12-08,2018-12-08
s8267,2019-05-01,2019-05-01
s8268,2019-12-31,2019-12-31
s8269,2018-06-23,2018-06-23
s8270,2017-04-26,2017-04-26
s8271,2019-03-04,2019-03-04
s8273,2021-01-01,2021-01-01
s8274,2018-11-08,2018-11-08
s8275,2019-02-15,2019-02-15
s8276,2018-07-23,2018-07-23
s8277,2019-11-20,2019-11-20
s8278,2019-04-01,2019-04-01
s8279,2019-01-15,2019-01-15
s8280,2018-08-01,2018-08-01
s8281,2018-10-04,2018-10-04
s8282,2017-09-01,2017-09-01
s8283,2018-08-24,2018-08-24
s8284,2019-06-02,2019-06-02
s8285,2020-01-01,2020-01-01
s8286,2020-01-01,2020-01-01
s8287,2017-08-31,2017-08-31
s8288,2018-09-30,2018-09-30
s8289,2018-07-26,2018-07-26
s8290,2018-09-19,2018-09-19
s8291,2020-01-10,2020-01-10
s8292,2019-07-26,2019-07-26
s8293,2017-04-06,2017-04-06
s8294,2017-03-31,2017-03-31
s8295,2016-06-01,2016-06-01
s8296,2018-07-01,2018-07-01
s8297,2019-01-13,2019-01-13
s8298,2019-10-01,2019-10-01
s8299,2020-01-01,2020-01-01
s8300,2016-09-20,2016-09-20
s8301,2019-12-03,2019-12-03
s8302,2019-11-20,2019-11-20
s8303,2017-09-15,2017-09-15
s8304,2018-07-31,2018-07-31
s8305,2019-10-01,2019-10-01
s8306,2019-10-01,2019-10-01
s8307,2018-07-28,2018-07-28
s8308,2019-07-01,2019-07-01
s8309,2018-01-29,2018-01-29
s8310,2020-02-14,2020-02-14
s8311,2017-09-11,2017-09-11
s8313,2020-08-21,2020-08-21
s8314,2017-10-01,2017-10-01
s8315,2020-08-27,2020-08-27
s8317,2016-07-01,2016-07-01
s8318,2018-12-08,2018-12-08
s8319,2019-01-31,2019-01-31
s8320,2020-04-07,2020-04-07
s8321,2021-01-05,2021-01-05
s8322,2017-06-01,2017-06-01
s8323,2019-06-26,2019-06-26
s8324,2018-01-24,2018-01-24
s8325,2016-12-05,2016-12-05
s8326,2019-11-20,2019-11-20
s8327,2018-10-20,2018-10-20
s8328,2018-10-19,2018-10-19
s8329,2018-10-19,2018-10-19
s8330,2018-10-19,2018-10-19
s8331,2019-04-08,2019-04-08
s8332,2018-12-01,2018-12-01
s8333,2019-12-31,2019-12-31
s8334,2019-11-01,2019-11-01
s8335,2017-03-31,2017-03-31
s8336,2020-04-18,2020-04-18
s8337,2019-03-02,2019-03-02
s8338,2017-12-11,2017-12-11
s8339,2018-10-04,2018-10-04
s8340,2020-06-01,2020-06-01
s8341,2019-05-07,2019-05-07
s8342,2020-06-01,2020-06-01
s8343,2019-09-04,2019-09-04
s8344,2016-06-01,2016-06-01
s8345,2018-02-26,2018-02-26
s8346,2017-03-16,2017-03-16
s8347,2018-07-25,2018-07-25
s8348,2017-06-02,2017-06-02
s8349,2017-06-30,2017-06-30
s8350,2017-03-31,2017-03-31
s8351,2017-04-01,2017-04-01
s8352,2018-12-18,2018-12-18
s8353,2019-01-31,2019-01-31
s8354,2017-05-14,2017-05-14
s8355,2018-09-26,2018-09-26
s8356,2017-02-01,2017-02-01
s8357,2019-03-08,2019-03-08
s8359,2017-06-19,2017-06-19
s8360,2019-03-01,2019-03-01
s8361,2019-01-30,2019-01-30
s8362,2020-11-01,2020-11-01
s8363,2018-08-01,2018-08-01
s8364,2017-05-15,2017-05-15
s8365,2019-02-21,2019-02-21
s8366,2020-01-01,2020-01-01
s8367,2020-03-05,2020-03-05
s8368,2016-07-08,2016-07-08
s8369,2016-12-01,2016-12-01
s8370,2019-07-07,2019-07-07
s8371,2018-01-02,2018-01-02
s8372,2017-12-01,2017-12-01
s8373,2019-03-08,2019-03-08
s8374,2019-05-11,2019-05-11
s8375,2018-10-30,2018-10-30
s8376,2018-09-01,2018-09-01
s8377,2019-05-01,2019-05-01
s8378,2018-06-02,2018-06-02
s8380,2018-01-30,2018-01-30
s8381,2019-09-01,2019-09-01
s8382,2018-06-04,2018-06-04
s8383,2017-01-01,2017-01-01
s8384,2016-11-01,2016-11-01
s8385,2019-09-01,2019-09-01
s8386,2020-01-13,2020-01-13
s8387,2018-12-21,2018-12-21
s8388,2016-05-26,2016-05-26
s8389,2019-04-21,2019-04-21
s8390,2019-10-26,2019-10-26
s8391,2017-12-01,2017-12-01
s8392,2019-04-01,2019-04-01
s8393,2017-10-21,2017-10-21
s8394,2018-12-23,2018-12-23
s8395,2018-12-01,2018-12-01
s8396,2020-11-06,2020-11-06
s8397,2019-03-15,2019-03-15
s8398,2016-02-01,2016-02-01
s8399,2018-12-02,2018-12-02
s8400,2018-08-23,2018-08-23
s8401,2019-06-23,2019-06-23
s8402,2019-11-20,2019-11-20
s8403,2019-01-30,2019-01-30
s8404,2016-02-26,2016-02-26
s8405,2020-01-01,2020-01-01
s8406,2020-01-01,2020-01-01
s8407,2019-11-20,2019-11-20
s8408,2017-02-23,2017-02-23
s8409,2019-10-01,2019-10-01
s8410,2018-08-16,2018-08-16
s8411,2018-04-24,2018-04-24
s8412,2016-01-28,2016-01-28
s8413,2018-01-12,2018-01-12
s8414,2020-01-01,2020-01-01
s8415,2019-11-01,2019-11-01
s8416,2019-11-01,2019-11-01
s8417,2019-11-01,2019-11-01
s8418,2019-04-19,2019-04-19
s8419,2017-09-30,2017-09-30
s8420,2017-03-31,2017-03-31
s8421,2019-06-04,2019-06-04
s8422,2016-04-17,2016-04-17
s8426,2016-12-06,2016-12-06
s8427,2019-01-09,2019-01-09
s8428,2015-12-15,2015-12-15
s8429,2018-02-14,2018-02-14
s8430,2017-07-20,2017-07-20
s8431,2020-09-01,2020-09-01
s8432,2017-03-31,2017-03-31
s8433,2018-07-01,2018-07-01
s8434,2020-01-01,2020-01-01
s8435,2021-01-01,2021-01-01
s8436,2020-01-01,2020-01-01
s8437,2017-03-31,2017-03-31
s8438,2021-01-02,2021-01-02
s8439,2019-04-15,2019-04-15
s8440,2018-09-30,2018-09-30
s8441,2016-12-28,2016-12-28
s8442,2019-05-28,2019-05-28
s8444,2019-05-30,2019-05-30
s8445,2019-02-27,2019-02-27
s8446,2020-02-01,2020-02-01
s8447,2018-08-01,2018-08-01
s8448,2019-01-01,2019-01-01
s8449,2020-01-01,2020-01-01
s8450,2019-11-01,2019-11-01
s8451,2018-09-01,2018-09-01
s8452,2020-04-01,2020-04-01
s8453,2019-06-01,2019-06-01
s8454,2015-07-15,2015-07-15
s8455,2019-07-01,2019-07-01
s8456,2014-06-15,2014-06-15
s8457,2018-03-01,2018-03-01
s8458,2020-10-01,2020-10-01
s8459,2017-05-16,2017-05-16
s8460,2018-03-01,2018-03-01
s8461,2019-06-20,2019-06-20
s8462,2021-01-01,2021-01-01
s8463,2018-08-24,2018-08-24
s8464,2017-10-01,2017-10-01
s8465,2019-02-22,2019-02-22
s8466,2020-10-01,2020-10-01
s8467,2019-07-16,2019-07-16
s8468,2017-11-18,2017-11-18
s8469,2019-08-07,2019-08-07
s8470,2019-10-01,2019-10-01
s8471,2019-06-07,2019-06-07
s8472,2016-02-08,2016-02-08
s8473,2018-10-21,2018-10-21
s8474,2019-11-20,2019-11-20
s8475,2019-09-15,2019-09-15
s8476,2017-01-01,2017-01-01
s8477,2017-12-29,2017-12-29
s8478,2017-06-16,2017-06-16
s8479,2019-02-28,2019-02-28
s8480,2018-07-01,2018-07-01
s8481,2018-01-01,2018-01-01
s8482,2019-06-06,2019-06-06
s8483,2019-02-17,2019-02-17
s8484,2017-01-16,2017-01-16
s8485,2018-02-26,2018-02-26
s8486,2019-06-13,2019-06-13
s8487,2020-01-01,2020-01-01
s8488,2017-03-16,2017-03-16
s8489,2017-01-14,2017-01-14
s8490,2018-09-01,2018-09-01
s8491,2018-09-01,2018-09-01
s8492,2019-03-22,2019-03-22
s8493,2020-04-01,2020-04-01
s8494,2018-07-19,2018-07-19
s8495,2019-12-06,2019-12-06
s8496,2017-09-08,2017-09-08
s8497,2017-03-02,2017-03-02
s8498,2019-04-26,2019-04-26
s8499,2019-11-28,2019-11-28
s8500,2018-11-08,2018-11-08
s8501,2018-04-01,2018-04-01
s8502,2019-12-27,2019-12-27
s8503,2017-04-14,2017-04-14
s8504,2018-09-30,2018-09-30
s8505,2018-03-01,2018-03-01
s8506,2020-06-01,2020-06-01
s8507,2020-11-13,2020-11-13
s8508,2018-07-13,2018-07-13
s8509,2017-01-15,2017-01-15
s8510,2018-09-28,2018-09-28
s8512,2020-04-01,2020-04-01
s8513,2019-06-01,2019-06-01
s8514,2018-07-15,2018-07-15
s8515,2019-10-01,2019-10-01
s8516,2020-11-01,2020-11-01
s8517,2019-04-05,2019-04-05
s8518,2017-06-17,2017-06-17
s8520,2019-02-01,2019-02-01
s8521,2019-03-15,2019-03-15
s8522,2017-03-09,2017-03-09
s8523,2019-02-16,2019-02-16
s8524,2016-05-22,2016-05-22
s8525,2018-08-30,2018-08-30
s8526,2019-09-01,2019-09-01
s8527,2020-01-01,2020-01-01
s8528,2019-10-22,2019-10-22
s8529,2019-06-06,2019-06-06
s8530,2018-04-09,2018-04-09
s8531,2018-11-01,2018-11-01
s8532,2019-11-23,2019-11-23
s8533,2019-10-01,2019-10-01
s8534,2018-01-22,2018-01-22
s8535,2019-12-01,2019-12-01
s8536,2018-01-01,2018-01-01
s8537,2017-12-12,2017-12-12
s8538,2019-04-01,2019-04-01
s8539,2017-08-01,2017-08-01
s8541,2019-11-01,2019-11-01
s8542,2017-07-01,2017-07-01
s8543,2019-04-25,2019-04-25
s8544,2018-07-30,2018-07-30
s8545,2018-06-19,2018-06-19
s8546,2019-09-15,2019-09-15
s8547,2017-12-12,2017-12-12
s8548,2019-02-22,2019-02-22
s8549,2020-04-20,2020-04-20
s8550,2018-06-20,2018-06-20
s8551,2019-04-18,2019-04-18
s8552,2017-02-22,2017-02-22
s8553,2019-10-07,2019-10-07
s8554,2018-11-01,2018-11-01
s8555,2017-03-08,2017-03-08
s8556,2019-03-21,2019-03-21
s8557,2019-09-21,2019-09-21
s8559,2018-09-17,2018-09-17
s8560,2019-02-01,2019-02-01
s8561,2016-09-01,2016-09-01
s8562,2017-08-01,2017-08-01
s8563,2017-12-19,2017-12-19
s8564,2018-11-10,2018-11-10
s8565,2019-12-31,2019-12-31
s8566,2019-04-01,2019-04-01
s8567,2019-06-18,2019-06-18
s8568,2016-09-01,2016-09-01
s8569,2017-03-09,2017-03-09
s8570,2018-08-16,2018-08-16
s8571,2017-07-18,2017-07-18
s8572,2018-07-01,2018-07-01
s8573,2019-11-01,2019-11-01
s8574,2016-12-16,2016-12-16
s8575,2019-03-01,2019-03-01
s8576,2017-05-22,2017-05-22
s8577,2017-10-14,2017-10-14
s8578,2015-12-15,2015-12-15
s8579,2017-03-09,2017-03-09
s8580,2018-01-15,2018-01-15
s8581,2018-06-05,2018-06-05
s8582,2020-04-15,2020-04-15
s8583,2016-11-02,2016-11-02
s8584,2016-11-02,2016-11-02
s8585,2017-06-03,2017-06-03
s8586,2019-06-20,2019-06-20
s8587,2018-02-05,2018-02-05
s8588,2017-03-31,2017-03-31
s8589,2018-02-09,2018-02-09
s8590,2017-07-01,2017-07-01
s8591,2018-08-01,2018-08-01
s8592,2018-01-01,2018-01-01
s8593,2017-09-18,2017-09-18
s8594,2018-02-23,2018-02-23
s8595,2015-05-17,2015-05-17
s8596,2019-03-19,2019-03-19
s8597,2017-09-01,2017-09-01
s8598,2017-01-01,2017-01-01
s8599,2019-08-01,2019-08-01
s8600,2017-09-01,2017-09-01
s8601,2019-09-11,2019-09-11
s8602,2017-10-01,2017-10-01
s8603,2019-12-15,2019-12-15
s8604,2019-12-31,2019-12-31
s8605,2019-03-15,2019-03-15
s8606,2018-12-31,2018-12-31
s8607,2018-03-01,2018-03-01
s8608,2020-09-15,2020-09-15
s8609,2016-12-19,2016-12-19
s8610,2017-12-27,2017-12-27
s8611,2019-10-22,2019-10-22
s8612,2019-12-31,2019-12-31
s8613,2018-07-25,2018-07-25
s8614,2017-03-18,2017-03-18
s8615,2019-10-01,2019-10-01
s8616,2018-07-01,2018-07-01
s8617,2018-11-01,2018-11-01
s8618,2019-01-01,2019-01-01
s8619,2017-02-02,2017-02-02
s8620,2018-01-01,2018-01-01
s8621,2016-11-01,2016-11-01
s8622,2020-01-01,2020-01-01
s8623,2020-01-01,2020-01-01
s8624,2020-01-01,2020-01-01
s8625,2020-01-01,2020-01-01
s8626,2020-01-01,2020-01-01
s8627,2018-05-01,2018-05-01
s8628,2019-02-22,2019-02-22
s8629,2019-12-31,2019-12-31
s8630,2018-03-01,2018-03-01
s8631,2017-11-01,2017-11-01
s8632,2020-03-27,2020-03-27
s8633,2018-02-13,2018-02-13
s8634,2018-12-10,2018-12-10
s8635,2018-03-12,2018-03-12
s8636,2020-01-01,2020-01-01
s8637,2018-03-01,2018-03-01
s8638,2020-05-19,2020-05-19
s8639,2019-03-29,2019-03-29
s8640,2018-02-15,2018-02-15
s8641,2017-03-31,2017-03-31
s8642,2019-09-12,2019-09-12
s8643,2018-07-24,2018-07-24
s8644,2017-12-31,2017-12-31
s8645,2017-07-01,2017-07-01
s8646,2019-03-15,2019-03-15
s8647,2020-05-15,2020-05-15
s8648,2017-01-15,2017-01-15
s8649,2019-05-01,2019-05-01
s8650,2017-05-02,2017-05-02
s8651,2015-12-01,2015-12-01
s8652,2019-03-01,2019-03-01
s8653,2017-03-01,2017-03-01
s8654,2019-02-15,2019-02-15
s8655,2018-04-01,2018-04-01
s8656,2019-10-01,2019-10-01
s8657,2017-08-21,2017-08-21
s8658,2017-12-15,2017-12-15
s8659,2018-07-15,2018-07-15
s8660,2017-11-01,2017-11-01
s8661,2017-03-31,2017-03-31
s8662,2019-07-22,2019-07-22
s8663,2019-12-31,2019-12-31
s8664,2019-06-20,2019-06-20
s8665,2020-01-01,2020-01-01
s8666,2018-01-15,2018-01-15
s8667,2019-09-01,2019-09-01
s8668,2019-09-25,2019-09-25
s8669,2018-10-01,2018-10-01
s8670,2016-01-01,2016-01-01
s8671,2019-11-01,2019-11-01
s8672,2017-10-15,2017-10-15
s8673,2019-12-31,2019-12-31
s8674,2017-07-04,2017-07-04
s8675,2017-12-12,2017-12-12
s8676,2017-07-24,2017-07-24
s8677,2019-02-02,2019-02-02
s8678,2017-03-01,2017-03-01
s8679,2017-09-02,2017-09-02
s8680,2018-03-31,2018-03-31
s8681,2018-07-01,2018-07-01
s8682,2017-07-15,2017-07-15
s8683,2017-03-10,2017-03-10
s8684,2019-12-31,2019-12-31
s8686,2019-06-19,2019-06-19
s8687,2017-07-01,2017-07-01
s8688,2017-11-01,2017-11-01
s8689,2018-05-01,2018-05-01
s8690,2020-09-23,2020-09-23
s8691,2018-03-31,2018-03-31
s8692,2019-03-02,2019-03-02
s8693,2017-12-26,2017-12-26
s8694,2019-10-01,2019-10-01
s8695,2019-04-01,2019-04-01
s8696,2019-03-02,2019-03-02
s8697,2019-05-06,2019-05-06
s8698,2019-12-03,2019-12-03
s8699,2019-04-18,2019-04-18
s8700,2017-11-01,2017-11-01
s8701,2016-09-15,2016-09-15
s8702,2018-02-01,2018-02-01
s8703,2018-07-25,2018-07-25
s8704,2020-01-27,2020-01-27
s8705,2019-07-16,2019-07-16
s8706,2016-09-01,2016-09-01
s8707,2019-02-11,2019-02-11
s8708,2018-07-01,2018-07-01
s8709,2017-08-15,2017-08-15
s8710,2019-10-01,2019-10-01
s8711,2014-04-01,2014-04-01
s8712,2018-09-27,2018-09-27
s8714,2018-03-01,2018-03-01
s8715,2017-10-01,2017-10-01
s8716,2017-03-23,2017-03-23
s8717,2018-02-06,2018-02-06
s8718,2019-10-01,2019-10-01
s8719,2019-08-09,2019-08-09
s8720,2018-07-01,2018-07-01
s8721,2017-05-05,2017-05-05
s8722,2017-01-01,2017-01-01
s8723,2020-01-01,2020-01-01
s8724,2019-02-01,2019-02-01
s8725,2018-12-21,2018-12-21
s8726,2018-12-08,2018-12-08
s8727,2018-12-29,2018-12-29
s8728,2016-12-25,2016-12-25
s8729,2016-11-30,2016-11-30
s8730,2020-01-15,2020-01-15
s8731,2018-01-22,2018-01-22
s8732,2017-10-23,2017-10-23
s8733,2019-08-01,2019-08-01
s8734,2017-09-25,2017-09-25
s8735,2017-09-01,2017-09-01
s8736,2019-07-01,2019-07-01
s8737,2017-01-01,2017-01-01
s8738,2019-02-01,2019-02-01
s8739,2017-10-15,2017-10-15
s8740,2017-03-31,2017-03-31
s8741,2017-03-31,2017-03-31
s8742,2017-03-31,2017-03-31
s8743,2020-01-01,2020-01-01
s8744,2020-09-01,2020-09-01
s8745,2017-11-04,2017-11-04
s8746,2020-01-01,2020-01-01
s8747,2018-02-26,2018-02-26
s8748,2018-12-15,2018-12-15
s8749,2016-11-01,2016-11-01
s8750,2017-08-01,2017-08-01
s8751,2019-03-01,2019-03-01
s8752,2018-08-16,2018-08-16
s8753,2019-12-03,2019-12-03
s8754,2018-05-01,2018-05-01
s8755,2019-03-29,2019-03-29
s8757,2019-08-13,2019-08-13
s8758,2019-11-20,2019-11-20
s8759,2019-02-01,2019-02-01
s8760,2019-02-01,2019-02-01
s8761,2019-06-05,2019-06-05
s8762,2017-07-01,2017-07-01
s8763,2017-10-01,2017-10-01
s8764,2017-03-31,2017-03-31
s8765,2020-01-01,2020-01-01
s8766,2017-06-22,2017-06-22
s8767,2019-01-01,2019-01-01
s8768,2019-01-01,2019-01-01
s8769,2017-06-01,2017-06-01
s8770,2018-03-01,2018-03-01
s8771,2018-03-01,2018-03-01
s8772,2017-11-01,2017-11-01
s8773,2017-05-01,2017-05-01
s8774,2018-01-01,2018-01-01
s8775,2019-10-22,2019-10-22
s8776,2018-08-31,2018-08-31
s8777,2015-08-05,2015-08-05
s8778,2018-12-06,2018-12-06
s8779,2018-11-08,2018-11-08
s8780,2018-11-08,2018-11-08
s8781,2016-04-01,2016-04-01
s8782,2016-12-01,2016-12-01
s8783,2016-12-02,2016-12-02
s8784,2018-06-23,2018-06-23
s8785,2018-06-23,2018-06-23
s8786,2018-06-07,2018-06-07
s8787,2017-12-31,2017-12-31
s8788,2017-12-19,2017-12-19
s8789,2016-07-01,2016-07-01
s8790,2019-02-27,2019-02-27
s8791,2019-09-01,2019-09-01
s8792,2019-11-20,2019-11-20
s8793,2016-11-01,2016-11-01
s8794,2019-11-20,2019-11-20
s8795,2018-10-11,2018-10-11
s8796,2018-05-01,2018-05-01
s8797,2017-01-17,2017-01-17
s8798,2018-09-13,2018-09-13
s8799,2019-12-31,2019-12-31
s8800,2018-02-15,2018-02-15
s8801,2016-12-15,2016-12-15
s8802,2016-03-09,2016-03-09
s8803,2019-11-20,2019-11-20
s8804,2019-07-01,2019-07-01
s8805,2019-11-01,2019-11-01
s8806,2020-01-11,2020-01-11
s8807,2019-03-02,2019-03-02
