show_id,raw_duration,duration_int,duration_unit
s1,90 min,90,min
s2,2 Seasons,2,Seasons
s3,1 Season,1,Seasons
s4,1 Season,1,Seasons
s5,2 Seasons,2,Seasons
s6,1 Season,1,Seasons
s7,91 min,91,min
s8,125 min,125,min
s9,9 Seasons,9,Seasons
s10,104 min,104,min
s11,1 Season,1,Seasons
s12,1 Season,1,Seasons
s13,127 min,127,min
s14,91 min,91,min
s15,1 Season,1,Seasons
s16,4 Seasons,4,Seasons
s17,67 min,67,min
s18,2 Seasons,2,Seasons
s19,94 min,94,min
s20,1 Season,1,Seasons
s21,1 Season,1,Seasons
s22,5 Seasons,5,Seasons
s23,161 min,161,min
s24,61 min,61,min
s25,166 min,166,min
s26,2 Seasons,2,Seasons
s27,147 min,147,min
s28,103 min,103,min
s29,97 min,97,min
s30,106 min,106,min
s31,111 min,111,min
s32,1 Season,1,Seasons
s33,3 Seasons,3,Seasons
s34,1 Season,1,Seasons
s35,1 Season,1,Seasons
s36,110 min,110,min
s37,105 min,105,min
s38,1 Season,1,Seasons
s39,96 min,96,min
s40,3 Seasons,3,Seasons
s41,1 Season,1,Seasons
s42,124 min,124,min
s43,116 min,116,min
s44,98 min,98,min
s45,91 min,91,min
s46,23 min,23,min
s47,115 min,115,min
s48,1 Season,1,Seasons
s49,122 min,122,min
s50,2 Seasons,2,Seasons
s51,1 Season,1,Seasons
s52,99 min,99,min
s53,99 min,99,min
s54,88 min,88,min
s55,100 min,100,min
s56,6 Seasons,6,Seasons
s57,102 min,102,min
s58,93 min,93,min
s59,96 min,96,min
s60,95 min,95,min
s61,85 min,85,min
s62,97 min,97,min
s63,95 min,95,min
s64,83 min,83,min
s65,103 min,103,min
s66,6 Seasons,6,Seasons
s67,1 Season,1,Seasons
s68,9 Seasons,9,Seasons
s69,113 min,113,min
s70,1 Season,1,Seasons
s71,1 Season,1,Seasons
s72,13 min,13,min
s73,5 Seasons,5,Seasons
s74,182 min,182,min
s75,2 Seasons,2,Seasons
s76,106 min,106,min
s77,1 Season,1,Seasons
s78,48 min,48,min
s79,145 min,145,min
s80,145 min,145,min
s81,93 min,93,min
s82,106 min,106,min
s83,6 Seasons,6,Seasons
s84,1 Season,1,Seasons
s85,147 min,147,min
s86,1 Season,1,Seasons
s87,87 min,87,min
s88,2 Seasons,2,Seasons
s89,96 min,96,min
s90,4 Seasons,4,Seasons
s91,95 min,95,min
s92,92 min,92,min
s93,2 Seasons,2,Seasons
s94,91 min,91,min
s95,90 min,90,min
s96,3 Seasons,3,Seasons
s97,97 min,97,min
s98,2 Seasons,2,Seasons
s99,1 Season,1,Seasons
s100,1 Season,1,Seasons
s101,2 Seasons,2,Seasons
s102,80 min,80,min
s103,1 Season,1,Seasons
s104,117 min,117,min
s105,2 Seasons,2,Seasons
s106,128 min,128,min
s107,5 Seasons,5,Seasons
s108,90 min,90,min
s109,1 Season,1,Seasons
s110,5 Seasons,5,Seasons
s111,1 Season,1,Seasons
s112,1 Season,1,Seasons
s113,119 min,119,min
s114,110 min,110,min
s115,143 min,143,min
s116,119 min,119,min
s117,114 min,114,min
s118,94 min,94,min
s119,106 min,106,min
s120,99 min,99,min
s121,1 Season,1,Seasons
s122,1 Season,1,Seasons
s123,118 min,118,min
s124,1 Season,1,Seasons
s125,3 Seasons,3,Seasons
s126,1 Season,1,Seasons
s127,115 min,115,min
s128,95 min,95,min
s129,115 min,115,min
s130,108 min,108,min
s131,63 min,63,min
s132,117 min,117,min
s133,1 Season,1,Seasons
s134,121 min,121,min
s135,142 min,142,min
s136,113 min,113,min
s137,154 min,154,min
s138,95 min,95,min
s139,108 min,108,min
s140,120 min,120,min
s141,100 min,100,min
s142,82 min,82,min
s143,124 min,124,min
s144,114 min,114,min
s145,104 min,104,min
s146,94 min,94,min
s147,94 min,94,min
s148,1 Season,1,Seasons
s149,1 Season,1,Seasons
s150,93 min,93,min
s151,97 min,97,min
s152,109 min,109,min
s153,88 min,88,min
s154,2 Seasons,2,Seasons
s155,3 Seasons,3,Seasons
s156,101 min,101,min
s157,105 min,105,min
s158,102 min,102,min
s159,101 min,101,min
s160,103 min,103,min
s161,4 Seasons,4,Seasons
s162,106 min,106,min
s163,118 min,118,min
s164,86 min,86,min
s165,121 min,121,min
s166,1 Season,1,Seasons
s167,229 min,229,min
s168,76 min,76,min
s169,95 min,95,min
s170,98 min,98,min
s171,89 min,89,min
s172,120 min,120,min
s173,110 min,110,min
s174,83 min,83,min
s175,121 min,121,min
s176,105 min,105,min
s177,94 min,94,min
s178,156 min,156,min
s179,112 min,112,min
s180,95 min,95,min
s181,107 min,107,min
s182,1 Season,1,Seasons
s183,114 min,114,min
s184,129 min,129,min
s185,1 Season,1,Seasons
s186,86 min,86,min
s187,1 Season,1,Seasons
s188,1 Season,1,Seasons
s189,97 min,97,min
s190,2 Seasons,2,Seasons
s191,125 min,125,min
s192,107 min,107,min
s193,127 min,127,min
s194,1 Season,1,Seasons
s195,1 Season,1,Seasons
s196,128 min,128,min
s197,92 min,92,min
s198,1 Season,1,Seasons
s199,1 Season,1,Seasons
s200,135 min,135,min
s201,124 min,124,min
s202,136 min,136,min
s203,165 min,165,min
s204,124 min,124,min
s205,136 min,136,min
s206,150 min,150,min
s207,112 min,112,min
s208,119 min,119,min
s209,133 min,133,min
s210,142 min,142,min
s211,93 min,93,min
s212,113 min,113,min
s213,2 Seasons,2,Seasons
s214,3 Seasons,3,Seasons
s215,124 min,124,min
s216,116 min,116,min
s217,106 min,106,min
s218,145 min,145,min
s219,1 Season,1,Seasons
s220,1 Season,1,Seasons
s221,4 Seasons,4,Seasons
s222,93 min,93,min
s223,1 Season,1,Seasons
s224,1 Season,1,Seasons
s225,1 Season,1,Seasons
s226,1 Season,1,Seasons
s227,1 Season,1,Seasons
s228,95 min,95,min
s229,108 min,108,min
s230,90 min,90,min
s231,86 min,86,min
s232,92 min,92,min
s233,3 Seasons,3,Seasons
s234,82 min,82,min
s235,1 Season,1,Seasons
s236,70 min,70,min
s237,122 min,122,min
s238,122 min,122,min
s239,122 min,122,min
s240,122 min,122,min
s241,84 min,84,min
s242,3 Seasons,3,Seasons
s243,1 Season,1,Seasons
s244,1 Season,1,Seasons
s245,96 min,96,min
s246,1 Season,1,Seasons
s247,115 min,115,min
s248,110 min,110,min
s249,1 Season,1,Seasons
s250,88 min,88,min
s251,102 min,102,min
s252,91 min,91,min
s253,105 min,105,min
s254,135 min,135,min
s255,5 Seasons,5,Seasons
s256,86 min,86,min
s257,140 min,140,min
s258,133 min,133,min
s259,92 min,92,min
s260,82 min,82,min
s261,1 Season,1,Seasons
s262,97 min,97,min
s263,78 min,78,min
s264,2 Seasons,2,Seasons
s265,94 min,94,min
s266,1 Season,1,Seasons
s267,1 Season,1,Seasons
s268,121 min,121,min
s269,97 min,97,min
s270,2 Seasons,2,Seasons
s271,110 min,110,min
s272,1 Season,1,Seasons
s273,5 Seasons,5,Seasons
s274,1 Season,1,Seasons
s275,7 Seasons,7,Seasons
s276,1 Season,1,Seasons
s277,2 Seasons,2,Seasons
s278,1 Season,1,Seasons
s279,64 min,64,min
s280,59 min,59,min
s281,1 Season,1,Seasons
s282,101 min,101,min
s283,127 min,127,min
s284,90 min,90,min
s285,114 min,114,min
s286,108 min,108,min
s287,2 Seasons,2,Seasons
s288,1 Season,1,Seasons
s289,1 Season,1,Seasons
s290,1 Season,1,Seasons
s291,70 min,70,min
s292,1 Season,1,Seasons
s293,98 min,98,min
s294,86 min,86,min
s295,139 min,139,min
s296,111 min,111,min
s297,1 Season,1,Seasons
s298,1 Season,1,Seasons
s299,115 min,115,min
s300,102 min,102,min
s301,100 min,100,min
s302,135 min,135,min
s303,69 min,69,min
s304,95 min,95,min
s305,97 min,97,min
s306,124 min,124,min
s307,118 min,118,min
s308,115 min,115,min
s309,115 min,115,min
s310,3 Seasons,3,Seasons
s311,1 Season,1,Seasons
s312,2 Seasons,2,Seasons
s313,1 Season,1,Seasons
s314,1 Season,1,Seasons
s315,104 min,104,min
s316,106 min,106,min
s317,1 Season,1,Seasons
s318,102 min,102,min
s319,97 min,97,min
s320,1 Season,1,Seasons
s321,1 Season,1,Seasons
s322,1 Season,1,Seasons
s323,1 Season,1,Seasons
s324,7 Seasons,7,Seasons
s325,3 Seasons,3,Seasons
s326,87 min,87,min
s327,88 min,88,min
s328,114 min,114,min
s329,90 min,90,min
s330,142 min,142,min
s331,90 min,90,min
s332,1 Season,1,Seasons
s333,105 min,105,min
s334,103 min,103,min
s335,116 min,116,min
s336,113 min,113,min
s337,5 Seasons,5,Seasons
s338,99 min,99,min
s339,6 Seasons,6,Seasons
s340,96 min,96,min
s341,148 min,148,min
s342,189 min,189,min
s343,97 min,97,min
s344,102 min,102,min
s345,99 min,99,min
s346,85 min,85,min
s347,112 min,112,min
s348,91 min,91,min
s349,91 min,91,min
s350,141 min,141,min
s351,130 min,130,min
s352,98 min,98,min
s353,105 min,105,min
s354,101 min,101,min
s355,105 min,105,min
s356,118 min,118,min
s357,97 min,97,min
s358,102 min,102,min
s359,114 min,114,min
s360,111 min,111,min
s361,125 min,125,min
s362,3 Seasons,3,Seasons
s363,76 min,76,min
s364,118 min,118,min
s365,1 Season,1,Seasons
s366,103 min,103,min
s367,3 Seasons,3,Seasons
s368,114 min,114,min
s369,1 Season,1,Seasons
s370,1 Season,1,Seasons
s371,2 Seasons,2,Seasons
s372,95 min,95,min
s373,138 min,138,min
s374,112 min,112,min
s375,94 min,94,min
s376,102 min,102,min
s377,1 Season,1,Seasons
s378,92 min,92,min
s379,81 min,81,min
s380,1 Season,1,Seasons
s381,7 Seasons,7,Seasons
s382,1 Season,1,Seasons
s383,3 Seasons,3,Seasons
s384,143 min,143,min
s385,86 min,86,min
s386,3 Seasons,3,Seasons
s387,4 Seasons,4,Seasons
s388,132 min,132,min
s389,1 Season,1,Seasons
s390,117 min,117,min
s391,10 Seasons,10,Seasons
s392,4 Seasons,4,Seasons
s393,165 min,165,min
s394,91 min,91,min
s395,97 min,97,min
s396,97 min,97,min
s397,123 min,123,min
s398,1 Season,1,Seasons
s399,94 min,94,min
s400,1 Season,1,Seasons
s401,1 Season,1,Seasons
s402,2 Seasons,2,Seasons
s403,111 min,111,min
s404,2 Seasons,2,Seasons
s405,85 min,85,min
s406,65 min,65,min
s407,64 min,64,min
s408,68 min,68,min
s409,67 min,67,min
s410,66 min,66,min
s411,64 min,64,min
s412,64 min,64,min
s413,65 min,65,min
s414,64 min,64,min
s415,68 min,68,min
s416,68 min,68,min
s417,64 min,64,min
s418,62 min,62,min
s419,63 min,63,min
s420,69 min,69,min
s421,70 min,70,min
s422,63 min,63,min
s423,68 min,68,min
s424,74 min,74,min
s425,68 min,68,min
s426,5 Seasons,5,Seasons
s427,99 min,99,min
s428,90 min,90,min
s429,87 min,87,min
s430,105 min,105,min
s431,1 Season,1,Seasons
s432,1 Season,1,Seasons
s433,106 min,106,min
s434,102 min,102,min
s435,1 Season,1,Seasons
s436,1 Season,1,Seasons
s437,91 min,91,min
s438,88 min,88,min
s439,107 min,107,min
s440,101 min,101,min
s441,3 Seasons,3,Seasons
s442,114 min,114,min
s443,1 Season,1,Seasons
s444,123 min,123,min
s445,1 Season,1,Seasons
s446,94 min,94,min
s447,105 min,105,min
s448,117 min,117,min
s449,115 min,115,min
s450,124 min,124,min
s451,131 min,131,min
s452,122 min,122,min
s453,113 min,113,min
s454,2 Seasons,2,Seasons
s455,91 min,91,min
s456,100 min,100,min
s457,1 Season,1,Seasons
s458,93 min,93,min
s459,90 min,90,min
s460,2 Seasons,2,Seasons
s461,86 min,86,min
s462,100 min,100,min
s463,96 min,96,min
s464,95 min,95,min
s465,115 min,115,min
s466,1 Season,1,Seasons
s467,1 Season,1,Seasons
s468,100 min,100,min
s469,102 min,102,min
s470,87 min,87,min
s471,39 min,39,min
s472,110 min,110,min
s473,1 Season,1,Seasons
s474,93 min,93,min
s475,96 min,96,min
s476,93 min,93,min
s477,93 min,93,min
s478,4 Seasons,4,Seasons
s479,2 Seasons,2,Seasons
s480,111 min,111,min
s481,105 min,105,min
s482,101 min,101,min
s483,1 Season,1,Seasons
s484,102 min,102,min
s485,46 min,46,min
s486,89 min,89,min
s487,94 min,94,min
s488,1 Season,1,Seasons
s489,3 Seasons,3,Seasons
s490,104 min,104,min
s491,1 Season,1,Seasons
s492,97 min,97,min
s493,91 min,91,min
s494,1 Season,1,Seasons
s495,106 min,106,min
s496,38 min,38,min
s497,90 min,90,min
s498,1 Season,1,Seasons
s499,87 min,87,min
s500,2 Seasons,2,Seasons
s501,138 min,138,min
s502,105 min,105,min
s503,104 min,104,min
s504,2 Seasons,2,Seasons
s505,1 Season,1,Seasons
s506,85 min,85,min
s507,92 min,92,min
s508,108 min,108,min
s509,95 min,95,min
s510,3 Seasons,3,Seasons
s511,2 Seasons,2,Seasons
s512,2 Seasons,2,Seasons
s513,4 Seasons,4,Seasons
s514,3 Seasons,3,Seasons
s515,5 Seasons,5,Seasons
s516,2 Seasons,2,Seasons
s517,2 Seasons,2,Seasons
s518,2 Seasons,2,Seasons
s519,105 min,105,min
s520,2 Seasons,2,Seasons
s521,2 Seasons,2,Seasons
s522,5 Seasons,5,Seasons
s523,3 Seasons,3,Seasons
s524,3 Seasons,3,Seasons
s525,2 Seasons,2,Seasons
s526,8 Seasons,8,Seasons
s527,7 Seasons,7,Seasons
s528,2 Seasons,2,Seasons
s529,116 min,116,min
s530,124 min,124,min
s531,2 Seasons,2,Seasons
s532,101 min,101,min
s533,3 Seasons,3,Seasons
s534,3 Seasons,3,Seasons
s535,95 min,95,min
s536,2 Seasons,2,Seasons
s537,3 Seasons,3,Seasons
s538,6 Seasons,6,Seasons
s539,2 Seasons,2,Seasons
s540,2 Seasons,2,Seasons
s541,4 Seasons,4,Seasons
s542,128 min,128,min
s543,143 min,143,min
s544,2 Seasons,2,Seasons
s545,5 Seasons,5,Seasons
s546,3 Seasons,3,Seasons
s547,1 Season,1,Seasons
s548,1 Season,1,Seasons
s549,17 Seasons,17,Seasons
s550,1 Season,1,Seasons
s551,107 min,107,min
s552,136 min,136,min
s553,94 min,94,min
s554,2 Seasons,2,Seasons
s555,136 min,136,min
s556,126 min,126,min
s557,116 min,116,min
s558,100 min,100,min
s559,115 min,115,min
s560,125 min,125,min
s561,39 min,39,min
s562,94 min,94,min
s563,90 min,90,min
s564,95 min,95,min
s565,155 min,155,min
s566,1 Season,1,Seasons
s567,98 min,98,min
s568,108 min,108,min
s569,96 min,96,min
s570,117 min,117,min
s571,118 min,118,min
s572,1 Season,1,Seasons
s573,103 min,103,min
s574,94 min,94,min
s575,93 min,93,min
s576,115 min,115,min
s577,120 min,120,min
s578,1 Season,1,Seasons
s579,145 min,145,min
s580,126 min,126,min
s581,96 min,96,min
s582,101 min,101,min
s583,118 min,118,min
s584,109 min,109,min
s585,89 min,89,min
s586,106 min,106,min
s587,101 min,101,min
s588,1 Season,1,Seasons
s589,1 Season,1,Seasons
s590,101 min,101,min
s591,3 Seasons,3,Seasons
s592,123 min,123,min
s593,106 min,106,min
s594,89 min,89,min
s595,128 min,128,min
s596,85 min,85,min
s597,89 min,89,min
s598,108 min,108,min
s599,105 min,105,min
s600,133 min,133,min
s601,129 min,129,min
s602,127 min,127,min
s603,113 min,113,min
s604,112 min,112,min
s605,130 min,130,min
s606,100 min,100,min
s607,103 min,103,min
s608,85 min,85,min
s609,124 min,124,min
s610,103 min,103,min
s611,121 min,121,min
s612,89 min,89,min
s613,92 min,92,min
s614,112 min,112,min
s615,114 min,114,min
s616,116 min,116,min
s617,110 min,110,min
s618,1 Season,1,Seasons
s619,98 min,98,min
s620,98 min,98,min
s621,1 Season,1,Seasons
s622,1 Season,1,Seasons
s623,100 min,100,min
s624,90 min,90,min
s625,92 min,92,min
s626,1 Season,1,Seasons
s627,1 Season,1,Seasons
s628,1 Season,1,Seasons
s629,4 Seasons,4,Seasons
s630,82 min,82,min
s631,97 min,97,min
s632,5 Seasons,5,Seasons
s633,90 min,90,min
s634,76 min,76,min
s635,83 min,83,min
s636,101 min,101,min
s637,109 min,109,min
s638,1 Season,1,Seasons
s639,1 Season,1,Seasons
s640,1 Season,1,Seasons
s641,1 Season,1,Seasons
s642,97 min,97,min
s643,2 Seasons,2,Seasons
s644,87 min,87,min
s645,94 min,94,min
s646,89 min,89,min
s647,88 min,88,min
s648,1 Season,1,Seasons
s649,2 Seasons,2,Seasons
s650,108 min,108,min
s651,96 min,96,min
s652,84 min,84,min
s653,70 min,70,min
s654,1 Season,1,Seasons
s655,125 min,125,min
s656,119 min,119,min
s657,105 min,105,min
s658,2 Seasons,2,Seasons
s659,1 Season,1,Seasons
s660,1 Season,1,Seasons
s661,4 Seasons,4,Seasons
s662,4 Seasons,4,Seasons
s663,1 Season,1,Seasons
s664,1 Season,1,Seasons
s665,2 Seasons,2,Seasons
s666,2 Seasons,2,Seasons
s667,1 Season,1,Seasons
s668,6 Seasons,6,Seasons
s669,3 Seasons,3,Seasons
s670,5 Seasons,5,Seasons
s671,133 min,133,min
s672,140 min,140,min
s673,120 min,120,min
s674,1 Season,1,Seasons
s675,2 Seasons,2,Seasons
s676,1 Season,1,Seasons
s677,4 Seasons,4,Seasons
s678,6 Seasons,6,Seasons
s679,1 Season,1,Seasons
s680,1 Season,1,Seasons
s681,1 Season,1,Seasons
s682,1 Season,1,Seasons
s683,1 Season,1,Seasons
s684,135 min,135,min
s685,4 Seasons,4,Seasons
s686,111 min,111,min
s687,2 Seasons,2,Seasons
s688,159 min,159,min
s689,119 min,119,min
s690,139 min,139,min
s691,137 min,137,min
s692,1 Season,1,Seasons
s693,1 Season,1,Seasons
s694,101 min,101,min
s695,13 min,13,min
s696,12 min,12,min
s697,2 Seasons,2,Seasons
s698,1 Season,1,Seasons
s699,101 min,101,min
s700,1 Season,1,Seasons
s701,1 Season,1,Seasons
s702,96 min,96,min
s703,122 min,122,min
s704,3 Seasons,3,Seasons
s705,95 min,95,min
s706,89 min,89,min
s707,1 Season,1,Seasons
s708,1 Season,1,Seasons
s709,98 min,98,min
s710,3 Seasons,3,Seasons
s711,1 Season,1,Seasons
s712,119 min,119,min
s713,138 min,138,min
s714,1 Season,1,Seasons
s715,1 Season,1,Seasons
s716,1 Season,1,Seasons
s717,104 min,104,min
s718,273 min,273,min
s719,101 min,101,min
s720,1 Season,1,Seasons
s721,2 Seasons,2,Seasons
s722,99 min,99,min
s723,84 min,84,min
s724,1 Season,1,Seasons
s725,82 min,82,min
s726,1 Season,1,Seasons
s727,1 Season,1,Seasons
s728,97 min,97,min
s729,89 min,89,min
s730,36 min,36,min
s731,34 min,34,min
s732,2 Seasons,2,Seasons
s733,36 min,36,min
s734,2 Seasons,2,Seasons
s735,2 Seasons,2,Seasons
s736,113 min,113,min
s737,110 min,110,min
s738,1 Season,1,Seasons
s739,36 min,36,min
s740,102 min,102,min
s741,86 min,86,min
s742,91 min,91,min
s743,117 min,117,min
s744,99 min,99,min
s745,1 Season,1,Seasons
s746,77 min,77,min
s747,97 min,97,min
s748,106 min,106,min
s749,1 Season,1,Seasons
s750,2 Seasons,2,Seasons
s751,97 min,97,min
s752,2 Seasons,2,Seasons
s753,104 min,104,min
s754,1 Season,1,Seasons
s755,110 min,110,min
s756,61 min,61,min
s757,98 min,98,min
s758,74 min,74,min
s759,2 Seasons,2,Seasons
s760,60 min,60,min
s761,60 min,60,min
s762,1 Season,1,Seasons
s763,103 min,103,min
s764,1 Season,1,Seasons
s765,94 min,94,min
s766,112 min,112,min
s767,49 min,49,min
s768,1 Season,1,Seasons
s769,111 min,111,min
s770,58 min,58,min
s771,72 min,72,min
s772,1 Season,1,Seasons
s773,2 Seasons,2,Seasons
s774,78 min,78,min
s775,101 min,101,min
s776,110 min,110,min
s777,94 min,94,min
s778,70 min,70,min
s779,1 Season,1,Seasons
s780,118 min,118,min
s781,2 Seasons,2,Seasons
s782,99 min,99,min
s783,103 min,103,min
s784,95 min,95,min
s785,93 min,93,min
s786,3 Seasons,3,Seasons
s787,101 min,101,min
s788,101 min,101,min
s789,89 min,89,min
s790,6 Seasons,6,Seasons
s791,109 min,109,min
s792,104 min,104,min
s793,90 min,90,min
s794,109 min,109,min
s795,145 min,145,min
s796,3 Seasons,3,Seasons
s797,88 min,88,min
s798,132 min,132,min
s799,109 min,109,min
s800,133 min,133,min
s801,85 min,85,min
s802,104 min,104,min
s803,99 min,99,min
s804,1 Season,1,Seasons
s805,93 min,93,min
s806,1 Season,1,Seasons
s807,204 min,204,min
s808,212 min,212,min
s809,98 min,98,min
s810,101 min,101,min
s811,94 min,94,min
s812,25 min,25,min
s813,99 min,99,min
s814,1 Season,1,Seasons
s815,108 min,108,min
s816,106 min,106,min
s817,128 min,128,min
s818,104 min,104,min
s819,127 min,127,min
s820,136 min,136,min
s821,3 Seasons,3,Seasons
s822,97 min,97,min
s823,88 min,88,min
s824,97 min,97,min
s825,97 min,97,min
s826,2 Seasons,2,Seasons
s827,88 min,88,min
s828,103 min,103,min
s829,97 min,97,min
s830,88 min,88,min
s831,3 Seasons,3,Seasons
s832,2 Seasons,2,Seasons
s833,1 Season,1,Seasons
s834,1 Season,1,Seasons
s835,97 min,97,min
s836,1 Season,1,Seasons
s837,118 min,118,min
s838,2 Seasons,2,Seasons
s839,70 min,70,min
s840,91 min,91,min
s841,92 min,92,min
s842,120 min,120,min
s843,1 Season,1,Seasons
s844,3 Seasons,3,Seasons
s845,73 min,73,min
s846,110 min,110,min
s847,94 min,94,min
s848,1 Season,1,Seasons
s849,3 Seasons,3,Seasons
s850,61 min,61,min
s851,131 min,131,min
s852,131 min,131,min
s853,131 min,131,min
s854,148 min,148,min
s855,29 min,29,min
s856,3 Seasons,3,Seasons
s857,107 min,107,min
s858,2 Seasons,2,Seasons
s859,99 min,99,min
s860,92 min,92,min
s861,91 min,91,min
s862,47 min,47,min
s863,2 Seasons,2,Seasons
s864,88 min,88,min
s865,116 min,116,min
s866,109 min,109,min
s867,92 min,92,min
s868,87 min,87,min
s869,1 Season,1,Seasons
s870,2 Seasons,2,Seasons
s871,101 min,101,min
s872,140 min,140,min
s873,89 min,89,min
s874,81 min,81,min
s875,1 Season,1,Seasons
s876,116 min,116,min
s877,1 Season,1,Seasons
s878,99 min,99,min
s879,107 min,107,min
s880,1 Season,1,Seasons
s881,3 Seasons,3,Seasons
s882,107 min,107,min
s883,90 min,90,min
s884,2 Seasons,2,Seasons
s885,1 Season,1,Seasons
s886,104 min,104,min
s887,1 Season,1,Seasons
s888,100 min,100,min
s889,32 min,32,min
s890,102 min,102,min
s891,4 Seasons,4,Seasons
s892,105 min,105,min
s893,107 min,107,min
s894,64 min,64,min
s895,99 min,99,min
s896,102 min,102,min
s897,1 Season,1,Seasons
s898,1 Season,1,Seasons
s899,126 min,126,min
s900,119 min,119,min
s901,1 Season,1,Seasons
s902,86 min,86,min
s903,1 Season,1,Seasons
s904,122 min,122,min
s905,95 min,95,min
s906,104 min,104,min
s907,118 min,118,min
s908,85 min,85,min
s909,1 Season,1,Seasons
s910,98 min,98,min
s911,99 min,99,min
s912,2 Seasons,2,Seasons
s913,35 min,35,min
s914,107 min,107,min
s915,97 min,97,min
s916,112 min,112,min
s917,118 min,118,min
s918,109 min,109,min
s919,1 Season,1,Seasons
s920,1 Season,1,Seasons
s921,2 Seasons,2,Seasons
s922,3 Seasons,3,Seasons
s923,109 min,109,min
s924,2 Seasons,2,Seasons
s925,88 min,88,min
s926,2 Seasons,2,Seasons
s927,97 min,97,min
s928,2 Seasons,2,Seasons
s929,97 min,97,min
s930,99 min,99,min
s931,95 min,95,min
s932,91 min,91,min
s933,115 min,115,min
s934,93 min,93,min
s935,109 min,109,min
s936,96 min,96,min
s937,1 Season,1,Seasons
s938,78 min,78,min
s939,87 min,87,min
s940,76 min,76,min
s941,76 min,76,min
s942,71 min,71,min
s943,138 min,138,min
s944,113 min,113,min
s945,94 min,94,min
s946,89 min,89,min
s947,121 min,121,min
s948,127 min,127,min
s949,94 min,94,min
s950,89 min,89,min
s951,136 min,136,min
s952,89 min,89,min
s953,99 min,99,min
s954,93 min,93,min
s955,85 min,85,min
s956,102 min,102,min
s957,101 min,101,min
s958,1 Season,1,Seasons
s959,113 min,113,min
s960,128 min,128,min
s961,1 Season,1,Seasons
s962,114 min,114,min
s963,85 min,85,min
s964,2 Seasons,2,Seasons
s965,121 min,121,min
s966,1 Season,1,Seasons
s967,95 min,95,min
s968,1 Season,1,Seasons
s969,1 Season,1,Seasons
s970,121 min,121,min
s971,116 min,116,min
s972,91 min,91,min
s973,1 Season,1,Seasons
s974,149 min,149,min
s975,113 min,113,min
s976,33 min,33,min
s977,127 min,127,min
s978,101 min,101,min
s979,102 min,102,min
s980,102 min,102,min
s981,107 min,107,min
s982,123 min,123,min
s983,98 min,98,min
s984,95 min,95,min
s985,101 min,101,min
s986,104 min,104,min
s987,104 min,104,min
s988,103 min,103,min
s989,1 Season,1,Seasons
s990,111 min,111,min
s991,102 min,102,min
s992,15 min,15,min
s993,54 min,54,min
s994,1 Season,1,Seasons
s995,120 min,120,min
s996,106 min,106,min
s997,116 min,116,min
s998,1 Season,1,Seasons
s999,58 min,58,min
s1000,116 min,116,min
s1001,126 min,126,min
s1002,86 min,86,min
s1003,97 min,97,min
s1004,1 Season,1,Seasons
s1005,2 Seasons,2,Seasons
s1006,76 min,76,min
s1007,80 min,80,min
s1008,81 min,81,min
s1009,84 min,84,min
s1010,87 min,87,min
s1011,91 min,91,min
s1012,76 min,76,min
s1013,2 Seasons,2,Seasons
s1014,132 min,132,min
s1015,3 Seasons,3,Seasons
s1016,126 min,126,min
s1017,101 min,101,min
s1018,102 min,102,min
s1019,147 min,147,min
s1020,224 min,224,min
s1021,141 min,141,min
s1022,109 min,109,min
s1023,162 min,162,min
s1024,142 min,142,min
s1025,93 min,93,min
s1026,1 Season,1,Seasons
s1027,60 min,60,min
s1028,119 min,119,min
s1029,37 min,37,min
s1030,96 min,96,min
s1031,116 min,116,min
s1032,102 min,102,min
s1033,1 Season,1,Seasons
s1034,123 min,123,min
s1035,102 min,102,min
s1036,127 min,127,min
s1037,88 min,88,min
s1038,106 min,106,min
s1039,1 Season,1,Seasons
s1040,65 min,65,min
s1041,1 Season,1,Seasons
s1042,96 min,96,min
s1043,1 Season,1,Seasons
s1044,7 Seasons,7,Seasons
s1045,1 Season,1,Seasons
s1046,1 Season,1,Seasons
s1047,88 min,88,min
s1048,1 Season,1,Seasons
s1049,3 Seasons,3,Seasons
s1050,1 Season,1,Seasons
s1051,143 min,143,min
s1052,2 Seasons,2,Seasons
s1053,137 min,137,min
s1054,75 min,75,min
s1055,71 min,71,min
s1056,103 min,103,min
s1057,1 Season,1,Seasons
s1058,1 Season,1,Seasons
s1059,1 Season,1,Seasons
s1060,6 Seasons,6,Seasons
s1061,1 Season,1,Seasons
s1062,1 Season,1,Seasons
s1063,1 Season,1,Seasons
s1064,1 Season,1,Seasons
s1065,1 Season,1,Seasons
s1066,3 Seasons,3,Seasons
s1067,130 min,130,min
s1068,1 Season,1,Seasons
s1069,1 Season,1,Seasons
s1070,145 min,145,min
s1071,84 min,84,min
s1072,84 min,84,min
s1073,77 min,77,min
s1074,86 min,86,min
s1075,79 min,79,min
s1076,1 Season,1,Seasons
s1077,80 min,80,min
s1078,81 min,81,min
s1079,78 min,78,min
s1080,1 Season,1,Seasons
s1081,118 min,118,min
s1082,4 Seasons,4,Seasons
s1083,1 Season,1,Seasons
s1084,102 min,102,min
s1085,1 Season,1,Seasons
s1086,132 min,132,min
s1087,108 min,108,min
s1088,133 min,133,min
s1089,107 min,107,min
s1090,32 min,32,min
s1091,78 min,78,min
s1092,1 Season,1,Seasons
s1093,55 min,55,min
s1094,2 Seasons,2,Seasons
s1095,1 Season,1,Seasons
s1096,1 Season,1,Seasons
s1097,92 min,92,min
s1098,86 min,86,min
s1099,140 min,140,min
s1100,143 min,143,min
s1101,88 min,88,min
s1102,89 min,89,min
s1103,93 min,93,min
s1104,97 min,97,min
s1105,94 min,94,min
s1106,112 min,112,min
s1107,100 min,100,min
s1108,120 min,120,min
s1109,91 min,91,min
s1110,98 min,98,min
s1111,113 min,113,min
s1112,98 min,98,min
s1113,91 min,91,min
s1114,158 min,158,min
s1115,164 min,164,min
s1116,133 min,133,min
s1117,1 Season,1,Seasons
s1118,75 min,75,min
s1119,103 min,103,min
s1120,90 min,90,min
s1121,116 min,116,min
s1122,96 min,96,min
s1123,121 min,121,min
s1124,2 Seasons,2,Seasons
s1125,101 min,101,min
s1126,2 Seasons,2,Seasons
s1127,173 min,173,min
s1128,2 Seasons,2,Seasons
s1129,89 min,89,min
s1130,2 Seasons,2,Seasons
s1131,182 min,182,min
s1132,181 min,181,min
s1133,185 min,185,min
s1134,99 min,99,min
s1135,88 min,88,min
s1136,107 min,107,min
s1137,114 min,114,min
s1138,96 min,96,min
s1139,149 min,149,min
s1140,102 min,102,min
s1141,83 min,83,min
s1142,98 min,98,min
s1143,83 min,83,min
s1144,1 Season,1,Seasons
s1145,104 min,104,min
s1146,111 min,111,min
s1147,1 Season,1,Seasons
s1148,98 min,98,min
s1149,2 Seasons,2,Seasons
s1150,1 Season,1,Seasons
s1151,93 min,93,min
s1152,73 min,73,min
s1153,1 Season,1,Seasons
s1154,141 min,141,min
s1155,116 min,116,min
s1156,21 min,21,min
s1157,98 min,98,min
s1158,87 min,87,min
s1159,4 Seasons,4,Seasons
s1160,87 min,87,min
s1161,95 min,95,min
s1162,87 min,87,min
s1163,93 min,93,min
s1164,1 Season,1,Seasons
s1165,97 min,97,min
s1166,114 min,114,min
s1167,1 Season,1,Seasons
s1168,100 min,100,min
s1169,1 Season,1,Seasons
s1170,1 Season,1,Seasons
s1171,105 min,105,min
s1172,90 min,90,min
s1173,60 min,60,min
s1174,6 Seasons,6,Seasons
s1175,1 Season,1,Seasons
s1176,98 min,98,min
s1177,108 min,108,min
s1178,90 min,90,min
s1179,102 min,102,min
s1180,4 Seasons,4,Seasons
s1181,2 Seasons,2,Seasons
s1182,1 Season,1,Seasons
s1183,3 Seasons,3,Seasons
s1184,84 min,84,min
s1185,120 min,120,min
s1186,106 min,106,min
s1187,2 Seasons,2,Seasons
s1188,115 min,115,min
s1189,98 min,98,min
s1190,60 min,60,min
s1191,113 min,113,min
s1192,101 min,101,min
s1193,24 min,24,min
s1194,51 min,51,min
s1195,80 min,80,min
s1196,100 min,100,min
s1197,1 Season,1,Seasons
s1198,139 min,139,min
s1199,74 min,74,min
s1200,131 min,131,min
s1201,1 Season,1,Seasons
s1202,1 Season,1,Seasons
s1203,131 min,131,min
s1204,118 min,118,min
s1205,87 min,87,min
s1206,1 Season,1,Seasons
s1207,1 Season,1,Seasons
s1208,101 min,101,min
s1209,97 min,97,min
s1210,92 min,92,min
s1211,2 Seasons,2,Seasons
s1212,136 min,136,min
s1213,97 min,97,min
s1214,3 Seasons,3,Seasons
s1215,103 min,103,min
s1216,110 min,110,min
s1217,105 min,105,min
s1218,1 Season,1,Seasons
s1219,90 min,90,min
s1220,107 min,107,min
s1221,92 min,92,min
s1222,94 min,94,min
s1223,99 min,99,min
s1224,1 Season,1,Seasons
s1225,1 Season,1,Seasons
s1226,1 Season,1,Seasons
s1227,1 Season,1,Seasons
s1228,1 Season,1,Seasons
s1229,97 min,97,min
s1230,1 Season,1,Seasons
s1231,151 min,151,min
s1232,1 Season,1,Seasons
s1233,108 min,108,min
s1234,113 min,113,min
s1235,1 Season,1,Seasons
s1236,4 Seasons,4,Seasons
s1237,81 min,81,min
s1238,116 min,116,min
s1239,1 Season,1,Seasons
s1240,119 min,119,min
s1241,116 min,116,min
s1242,112 min,112,min
s1243,1 Season,1,Seasons
s1244,121 min,121,min
s1245,115 min,115,min
s1246,5 Seasons,5,Seasons
s1247,1 Season,1,Seasons
s1248,182 min,182,min
s1249,98 min,98,min
s1250,96 min,96,min
s1251,42 min,42,min
s1252,181 min,181,min
s1253,100 min,100,min
s1254,22 min,22,min
s1255,134 min,134,min
s1256,177 min,177,min
s1257,94 min,94,min
s1258,1 Season,1,Seasons
s1259,88 min,88,min
s1260,119 min,119,min
s1261,107 min,107,min
s1262,112 min,112,min
s1263,35 min,35,min
s1264,103 min,103,min
s1265,90 min,90,min
s1266,120 min,120,min
s1267,97 min,97,min
s1268,102 min,102,min
s1269,1 Season,1,Seasons
s1270,106 min,106,min
s1271,3 Seasons,3,Seasons
s1272,1 Season,1,Seasons
s1273,1 Season,1,Seasons
s1274,119 min,119,min
s1275,1 Season,1,Seasons
s1276,1 Season,1,Seasons
s1277,84 min,84,min
s1278,2 Seasons,2,Seasons
s1279,58 min,58,min
s1280,90 min,90,min
s1281,109 min,109,min
s1282,143 min,143,min
s1283,1 Season,1,Seasons
s1284,112 min,112,min
s1285,134 min,134,min
s1286,1 Season,1,Seasons
s1287,123 min,123,min
s1288,36 min,36,min
s1289,123 min,123,min
s1290,58 min,58,min
s1291,118 min,118,min
s1292,91 min,91,min
s1293,76 min,76,min
s1294,1 Season,1,Seasons
s1295,1 Season,1,Seasons
s1296,97 min,97,min
s1297,1 Season,1,Seasons
s1298,85 min,85,min
s1299,1 Season,1,Seasons
s1300,1 Season,1,Seasons
s1301,1 Season,1,Seasons
s1302,1 Season,1,Seasons
s1303,4 Seasons,4,Seasons
s1304,92 min,92,min
s1305,139 min,139,min
s1306,162 min,162,min
s1307,3 Seasons,3,Seasons
s1308,92 min,92,min
s1309,4 Seasons,4,Seasons
s1310,86 min,86,min
s1311,1 Season,1,Seasons
s1312,107 min,107,min
s1313,85 min,85,min
s1314,1 Season,1,Seasons
s1315,2 Seasons,2,Seasons
s1316,83 min,83,min
s1317,104 min,104,min
s1318,1 Season,1,Seasons
s1319,116 min,116,min
s1320,87 min,87,min
s1321,1 Season,1,Seasons
s1322,1 Season,1,Seasons
s1323,91 min,91,min
s1324,119 min,119,min
s1325,102 min,102,min
s1326,86 min,86,min
s1327,102 min,102,min
s1328,98 min,98,min
s1329,1 Season,1,Seasons
s1330,99 min,99,min
s1331,108 min,108,min
s1332,1 Season,1,Seasons
s1333,2 Seasons,2,Seasons
s1334,114 min,114,min
s1335,104 min,104,min
s1336,3 Seasons,3,Seasons
s1337,88 min,88,min
s1338,104 min,104,min
s1339,2 Seasons,2,Seasons
s1340,1 Season,1,Seasons
s1341,123 min,123,min
s1342,106 min,106,min
s1343,138 min,138,min
s1344,113 min,113,min
s1345,107 min,107,min
s1346,133 min,133,min
s1347,97 min,97,min
s1348,116 min,116,min
s1349,1 Season,1,Seasons
s1350,1 Season,1,Seasons
s1351,2 Seasons,2,Seasons
s1352,123 min,123,min
s1353,2 Seasons,2,Seasons
s1354,89 min,89,min
s1355,13 Seasons,13,Seasons
s1356,1 Season,1,Seasons
s1357,1 Season,1,Seasons
s1358,93 min,93,min
s1359,139 min,139,min
s1360,112 min,112,min
s1361,1 Season,1,Seasons
s1362,1 Season,1,Seasons
s1363,7 Seasons,7,Seasons
s1364,2 Seasons,2,Seasons
s1365,101 min,101,min
s1366,2 Seasons,2,Seasons
s1367,113 min,113,min
s1368,89 min,89,min
s1369,107 min,107,min
s1370,123 min,123,min
s1371,113 min,113,min
s1372,1 Season,1,Seasons
s1373,90 min,90,min
s1374,1 Season,1,Seasons
s1375,52 min,52,min
s1376,2 Seasons,2,Seasons
s1377,127 min,127,min
s1378,4 Seasons,4,Seasons
s1379,95 min,95,min
s1380,121 min,121,min
s1381,1 Season,1,Seasons
s1382,108 min,108,min
s1383,102 min,102,min
s1384,2 Seasons,2,Seasons
s1385,3 Seasons,3,Seasons
s1386,1 Season,1,Seasons
s1387,95 min,95,min
s1388,133 min,133,min
s1389,127 min,127,min
s1390,95 min,95,min
s1391,101 min,101,min
s1392,123 min,123,min
s1393,1 Season,1,Seasons
s1394,89 min,89,min
s1395,1 Season,1,Seasons
s1396,4 Seasons,4,Seasons
s1397,100 min,100,min
s1398,108 min,108,min
s1399,94 min,94,min
s1400,103 min,103,min
s1401,1 Season,1,Seasons
s1402,4 Seasons,4,Seasons
s1403,3 Seasons,3,Seasons
s1404,105 min,105,min
s1405,3 Seasons,3,Seasons
s1406,116 min,116,min
s1407,92 min,92,min
s1408,65 min,65,min
s1409,5 Seasons,5,Seasons
s1410,115 min,115,min
s1411,96 min,96,min
s1412,32 min,32,min
s1413,102 min,102,min
s1414,102 min,102,min
s1415,101 min,101,min
s1416,71 min,71,min
s1417,1 Season,1,Seasons
s1418,81 min,81,min
s1419,98 min,98,min
s1420,4 Seasons,4,Seasons
s1421,90 min,90,min
s1422,112 min,112,min
s1423,161 min,161,min
s1424,129 min,129,min
s1425,85 min,85,min
s1426,14 min,14,min
s1427,148 min,148,min
s1428,5 Seasons,5,Seasons
s1429,99 min,99,min
s1430,1 Season,1,Seasons
s1431,1 Season,1,Seasons
s1432,97 min,97,min
s1433,2 Seasons,2,Seasons
s1434,101 min,101,min
s1435,89 min,89,min
s1436,128 min,128,min
s1437,76 min,76,min
s1438,1 Season,1,Seasons
s1439,99 min,99,min
s1440,1 Season,1,Seasons
s1441,3 Seasons,3,Seasons
s1442,126 min,126,min
s1443,1 Season,1,Seasons
s1444,1 Season,1,Seasons
s1445,106 min,106,min
s1446,101 min,101,min
s1447,87 min,87,min
s1448,111 min,111,min
s1449,3 Seasons,3,Seasons
s1450,2 Seasons,2,Seasons
s1451,90 min,90,min
s1452,91 min,91,min
s1453,101 min,101,min
s1454,96 min,96,min
s1455,96 min,96,min
s1456,1 Season,1,Seasons
s1457,148 min,148,min
s1458,1 Season,1,Seasons
s1459,96 min,96,min
s1460,98 min,98,min
s1461,2 Seasons,2,Seasons
s1462,104 min,104,min
s1463,1 Season,1,Seasons
s1464,1 Season,1,Seasons
s1465,53 min,53,min
s1466,2 Seasons,2,Seasons
s1467,54 min,54,min
s1468,113 min,113,min
s1469,102 min,102,min
s1470,118 min,118,min
s1471,83 min,83,min
s1472,77 min,77,min
s1473,116 min,116,min
s1474,4 Seasons,4,Seasons
s1475,116 min,116,min
s1476,106 min,106,min
s1477,1 Season,1,Seasons
s1478,1 Season,1,Seasons
s1479,1 Season,1,Seasons
s1480,1 Season,1,Seasons
s1481,9 Seasons,9,Seasons
s1482,105 min,105,min
s1483,1 Season,1,Seasons
s1484,1 Season,1,Seasons
s1485,8 min,8,min
s1486,110 min,110,min
s1487,71 min,71,min
s1488,1 Season,1,Seasons
s1489,91 min,91,min
s1490,2 Seasons,2,Seasons
s1491,46 min,46,min
s1492,109 min,109,min
s1493,1 Season,1,Seasons
s1494,102 min,102,min
s1495,101 min,101,min
s1496,94 min,94,min
s1497,110 min,110,min
s1498,117 min,117,min
s1499,85 min,85,min
s1500,119 min,119,min
s1501,115 min,115,min
s1502,105 min,105,min
s1503,68 min,68,min
s1504,1 Season,1,Seasons
s1505,57 min,57,min
s1506,1 Season,1,Seasons
s1507,2 Seasons,2,Seasons
s1508,28 min,28,min
s1509,1 Season,1,Seasons
s1510,98 min,98,min
s1511,95 min,95,min
s1512,96 min,96,min
s1513,66 min,66,min
s1514,112 min,112,min
s1515,1 Season,1,Seasons
s1516,84 min,84,min
s1517,2 Seasons,2,Seasons
s1518,94 min,94,min
s1519,32 min,32,min
s1520,98 min,98,min
s1521,1 Season,1,Seasons
s1522,85 min,85,min
s1523,120 min,120,min
s1524,83 min,83,min
s1525,94 min,94,min
s1526,102 min,102,min
s1527,111 min,111,min
s1528,2 Seasons,2,Seasons
s1529,1 Season,1,Seasons
s1530,90 min,90,min
s1531,1 Season,1,Seasons
s1532,111 min,111,min
s1533,1 Season,1,Seasons
s1534,1 Season,1,Seasons
s1535,110 min,110,min
s1536,1 Season,1,Seasons
s1537,87 min,87,min
s1538,132 min,132,min
s1539,1 Season,1,Seasons
s1540,1 Season,1,Seasons
s1541,117 min,117,min
s1542,1 Season,1,Seasons
s1543,50 min,50,min
s1544,2 Seasons,2,Seasons
s1545,106 min,106,min
s1546,2 Seasons,2,Seasons
s1547,2 Seasons,2,Seasons
s1548,2 Seasons,2,Seasons
s1549,2 Seasons,2,Seasons
s1550,125 min,125,min
s1551,107 min,107,min
s1552,2 Seasons,2,Seasons
s1553,1 Season,1,Seasons
s1554,59 min,59,min
s1555,1 Season,1,Seasons
s1556,2 Seasons,2,Seasons
s1557,28 min,28,min
s1558,9 min,9,min
s1559,91 min,91,min
s1560,1 Season,1,Seasons
s1561,132 min,132,min
s1562,133 min,133,min
s1563,1 Season,1,Seasons
s1564,109 min,109,min
s1565,1 Season,1,Seasons
s1566,107 min,107,min
s1567,111 min,111,min
s1568,108 min,108,min
s1569,105 min,105,min
s1570,4 Seasons,4,Seasons
s1571,1 Season,1,Seasons
s1572,119 min,119,min
s1573,2 Seasons,2,Seasons
s1574,3 Seasons,3,Seasons
s1575,1 Season,1,Seasons
s1576,104 min,104,min
s1577,83 min,83,min
s1578,90 min,90,min
s1579,1 Season,1,Seasons
s1580,3 Seasons,3,Seasons
s1581,79 min,79,min
s1582,24 min,24,min
s1583,115 min,115,min
s1584,1 Season,1,Seasons
s1585,97 min,97,min
s1586,1 Season,1,Seasons
s1587,1 Season,1,Seasons
s1588,1 Season,1,Seasons
s1589,26 min,26,min
s1590,1 Season,1,Seasons
s1591,4 Seasons,4,Seasons
s1592,46 min,46,min
s1593,106 min,106,min
s1594,1 Season,1,Seasons
s1595,113 min,113,min
s1596,133 min,133,min
s1597,3 Seasons,3,Seasons
s1598,93 min,93,min
s1599,108 min,108,min
s1600,96 min,96,min
s1601,25 min,25,min
s1602,101 min,101,min
s1603,106 min,106,min
s1604,1 Season,1,Seasons
s1605,54 min,54,min
s1606,2 Seasons,2,Seasons
s1607,118 min,118,min
s1608,58 min,58,min
s1609,117 min,117,min
s1610,48 min,48,min
s1611,139 min,139,min
s1612,2 Seasons,2,Seasons
s1613,115 min,115,min
s1614,109 min,109,min
s1615,1 Season,1,Seasons
s1616,2 Seasons,2,Seasons
s1617,91 min,91,min
s1618,60 min,60,min
s1619,4 Seasons,4,Seasons
s1620,1 Season,1,Seasons
s1621,102 min,102,min
s1622,120 min,120,min
s1623,10 Seasons,10,Seasons
s1624,1 Season,1,Seasons
s1625,149 min,149,min
s1626,1 Season,1,Seasons
s1627,91 min,91,min
s1628,1 Season,1,Seasons
s1629,1 Season,1,Seasons
s1630,99 min,99,min
s1631,106 min,106,min
s1632,108 min,108,min
s1633,45 min,45,min
s1634,93 min,93,min
s1635,1 Season,1,Seasons
s1636,22 min,22,min
s1637,81 min,81,min
s1638,98 min,98,min
s1639,1 Season,1,Seasons
s1640,7 Seasons,7,Seasons
s1641,1 Season,1,Seasons
s1642,2 Seasons,2,Seasons
s1643,100 min,100,min
s1644,112 min,112,min
s1645,114 min,114,min
s1646,68 min,68,min
s1647,103 min,103,min
s1648,121 min,121,min
s1649,95 min,95,min
s1650,2 Seasons,2,Seasons
s1651,87 min,87,min
s1652,115 min,115,min
s1653,171 min,171,min
s1654,171 min,171,min
s1655,1 Season,1,Seasons
s1656,46 min,46,min
s1657,117 min,117,min
s1658,84 min,84,min
s1659,1 Season,1,Seasons
s1660,98 min,98,min
s1661,83 min,83,min
s1662,1 Season,1,Seasons
s1663,97 min,97,min
s1664,99 min,99,min
s1665,108 min,108,min
s1666,93 min,93,min
s1667,42 min,42,min
s1668,3 Seasons,3,Seasons
s1669,1 Season,1,Seasons
s1670,13 min,13,min
s1671,1 Season,1,Seasons
s1672,64 min,64,min
s1673,1 Season,1,Seasons
s1674,162 min,162,min
s1675,130 min,130,min
s1676,108 min,108,min
s1677,129 min,129,min
s1678,105 min,105,min
s1679,133 min,133,min
s1680,142 min,142,min
s1681,128 min,128,min
s1682,97 min,97,min
s1683,107 min,107,min
s1684,135 min,135,min
s1685,1 Season,1,Seasons
s1686,84 min,84,min
s1687,70 min,70,min
s1688,4 Seasons,4,Seasons
s1689,1 Season,1,Seasons
s1690,124 min,124,min
s1691,102 min,102,min
s1692,84 min,84,min
s1693,2 Seasons,2,Seasons
s1694,1 Season,1,Seasons
s1695,95 min,95,min
s1696,84 min,84,min
s1697,2 Seasons,2,Seasons
s1698,2 Seasons,2,Seasons
s1699,4 Seasons,4,Seasons
s1700,120 min,120,min
s1701,87 min,87,min
s1702,9 Seasons,9,Seasons
s1703,75 min,75,min
s1704,124 min,124,min
s1705,92 min,92,min
s1706,95 min,95,min
s1707,1 Season,1,Seasons
s1708,107 min,107,min
s1709,1 Season,1,Seasons
s1710,123 min,123,min
s1711,85 min,85,min
s1712,1 Season,1,Seasons
s1713,150 min,150,min
s1714,97 min,97,min
s1715,88 min,88,min
s1716,1 Season,1,Seasons
s1717,1 Season,1,Seasons
s1718,1 Season,1,Seasons
s1719,1 Season,1,Seasons
s1720,74 min,74,min
s1721,93 min,93,min
s1722,1 Season,1,Seasons
s1723,1 Season,1,Seasons
s1724,1 Season,1,Seasons
s1725,1 Season,1,Seasons
s1726,151 min,151,min
s1727,1 Season,1,Seasons
s1728,82 min,82,min
s1729,148 min,148,min
s1730,95 min,95,min
s1731,1 Season,1,Seasons
s1732,90 min,90,min
s1733,103 min,103,min
s1734,1 Season,1,Seasons
s1735,87 min,87,min
s1736,102 min,102,min
s1737,96 min,96,min
s1738,1 Season,1,Seasons
s1739,87 min,87,min
s1740,86 min,86,min
s1741,1 Season,1,Seasons
s1742,136 min,136,min
s1743,60 min,60,min
s1744,127 min,127,min
s1745,96 min,96,min
s1746,15 min,15,min
s1747,2 Seasons,2,Seasons
s1748,100 min,100,min
s1749,1 Season,1,Seasons
s1750,87 min,87,min
s1751,6 Seasons,6,Seasons
s1752,28 min,28,min
s1753,27 min,27,min
s1754,90 min,90,min
s1755,1 Season,1,Seasons
s1756,3 Seasons,3,Seasons
s1757,1 Season,1,Seasons
s1758,1 Season,1,Seasons
s1759,2 Seasons,2,Seasons
s1760,10 Seasons,10,Seasons
s1761,1 Season,1,Seasons
s1762,102 min,102,min
s1763,94 min,94,min
s1764,81 min,81,min
s1765,134 min,134,min
s1766,4 Seasons,4,Seasons
s1767,1 Season,1,Seasons
s1768,114 min,114,min
s1769,107 min,107,min
s1770,2 Seasons,2,Seasons
s1771,107 min,107,min
s1772,1 Season,1,Seasons
s1773,130 min,130,min
s1774,1 Season,1,Seasons
s1775,87 min,87,min
s1776,93 min,93,min
s1777,114 min,114,min
s1778,91 min,91,min
s1779,2 Seasons,2,Seasons
s1780,7 Seasons,7,Seasons
s1781,116 min,116,min
s1782,4 Seasons,4,Seasons
s1783,3 Seasons,3,Seasons
s1784,93 min,93,min
s1785,106 min,106,min
s1786,105 min,105,min
s1787,50 min,50,min
s1788,93 min,93,min
s1789,103 min,103,min
s1790,114 min,114,min
s1791,1 Season,1,Seasons
s1792,4 Seasons,4,Seasons
s1793,95 min,95,min
s1794,50 min,50,min
s1795,1 Season,1,Seasons
s1796,150 min,150,min
s1797,100 min,100,min
s1798,117 min,117,min
s1799,87 min,87,min
s1800,1 Season,1,Seasons
s1801,1 Season,1,Seasons
s1802,100 min,100,min
s1803,86 min,86,min
s1804,1 Season,1,Seasons
s1805,1 Season,1,Seasons
s1806,102 min,102,min
s1807,87 min,87,min
s1808,103 min,103,min
s1809,112 min,112,min
s1810,120 min,120,min
s1811,111 min,111,min
s1812,78 min,78,min
s1813,51 min,51,min
s1814,3 Seasons,3,Seasons
s1815,123 min,123,min
s1816,46 min,46,min
s1817,102 min,102,min
s1818,106 min,106,min
s1819,112 min,112,min
s1820,101 min,101,min
s1821,96 min,96,min
s1822,103 min,103,min
s1823,94 min,94,min
s1824,69 min,69,min
s1825,81 min,81,min
s1826,76 min,76,min
s1827,108 min,108,min
s1828,94 min,94,min
s1829,2 Seasons,2,Seasons
s1830,106 min,106,min
s1831,98 min,98,min
s1832,93 min,93,min
s1833,99 min,99,min
s1834,93 min,93,min
s1835,1 Season,1,Seasons
s1836,82 min,82,min
s1837,107 min,107,min
s1838,1 Season,1,Seasons
s1839,104 min,104,min
s1840,1 Season,1,Seasons
s1841,1 Season,1,Seasons
s1842,3 Seasons,3,Seasons
s1843,130 min,130,min
s1844,83 min,83,min
s1845,99 min,99,min
s1846,77 min,77,min
s1847,94 min,94,min
s1848,4 Seasons,4,Seasons
s1849,4 Seasons,4,Seasons
s1850,118 min,118,min
s1851,87 min,87,min
s1852,5 Seasons,5,Seasons
s1853,2 Seasons,2,Seasons
s1854,42 min,42,min
s1855,1 Season,1,Seasons
s1856,101 min,101,min
s1857,80 min,80,min
s1858,110 min,110,min
s1859,117 min,117,min
s1860,47 min,47,min
s1861,1 Season,1,Seasons
s1862,165 min,165,min
s1863,134 min,134,min
s1864,140 min,140,min
s1865,3 Seasons,3,Seasons
s1866,150 min,150,min
s1867,156 min,156,min
s1868,86 min,86,min
s1869,1 Season,1,Seasons
s1870,126 min,126,min
s1871,100 min,100,min
s1872,25 min,25,min
s1873,124 min,124,min
s1874,1 Season,1,Seasons
s1875,100 min,100,min
s1876,1 Season,1,Seasons
s1877,106 min,106,min
s1878,1 Season,1,Seasons
s1879,7 Seasons,7,Seasons
s1880,104 min,104,min
s1881,1 Season,1,Seasons
s1882,96 min,96,min
s1883,90 min,90,min
s1884,33 min,33,min
s1885,81 min,81,min
s1886,1 Season,1,Seasons
s1887,84 min,84,min
s1888,44 min,44,min
s1889,115 min,115,min
s1890,1 Season,1,Seasons
s1891,1 Season,1,Seasons
s1892,94 min,94,min
s1893,22 min,22,min
s1894,1 Season,1,Seasons
s1895,1 Season,1,Seasons
s1896,3 Seasons,3,Seasons
s1897,107 min,107,min
s1898,115 min,115,min
s1899,93 min,93,min
s1900,107 min,107,min
s1901,86 min,86,min
s1902,112 min,112,min
s1903,102 min,102,min
s1904,91 min,91,min
s1905,83 min,83,min
s1906,73 min,73,min
s1907,1 Season,1,Seasons
s1908,1 Season,1,Seasons
s1909,2 Seasons,2,Seasons
s1910,139 min,139,min
s1911,1 Season,1,Seasons
s1912,95 min,95,min
s1913,101 min,101,min
s1914,75 min,75,min
s1915,1 Season,1,Seasons
s1916,1 Season,1,Seasons
s1917,87 min,87,min
s1918,1 Season,1,Seasons
s1919,3 Seasons,3,Seasons
s1920,91 min,91,min
s1921,120 min,120,min
s1922,123 min,123,min
s1923,5 Seasons,5,Seasons
s1924,1 Season,1,Seasons
s1925,95 min,95,min
s1926,1 Season,1,Seasons
s1927,84 min,84,min
s1928,29 min,29,min
s1929,3 Seasons,3,Seasons
s1930,4 Seasons,4,Seasons
s1931,28 min,28,min
s1932,122 min,122,min
s1933,28 min,28,min
s1934,8 Seasons,8,Seasons
s1935,98 min,98,min
s1936,59 min,59,min
s1937,80 min,80,min
s1938,103 min,103,min
s1939,104 min,104,min
s1940,146 min,146,min
s1941,135 min,135,min
s1942,129 min,129,min
s1943,115 min,115,min
s1944,143 min,143,min
s1945,173 min,173,min
s1946,129 min,129,min
s1947,149 min,149,min
s1948,1 Season,1,Seasons
s1949,4 Seasons,4,Seasons
s1950,4 Seasons,4,Seasons
s1951,98 min,98,min
s1952,1 Season,1,Seasons
s1953,3 Seasons,3,Seasons
s1954,115 min,115,min
s1955,1 Season,1,Seasons
s1956,1 Season,1,Seasons
s1957,44 min,44,min
s1958,127 min,127,min
s1959,4 Seasons,4,Seasons
s1960,124 min,124,min
s1961,85 min,85,min
s1962,1 Season,1,Seasons
s1963,20 min,20,min
s1964,102 min,102,min
s1965,129 min,129,min
s1966,124 min,124,min
s1967,118 min,118,min
s1968,111 min,111,min
s1969,125 min,125,min
s1970,94 min,94,min
s1971,130 min,130,min
s1972,117 min,117,min
s1973,137 min,137,min
s1974,1 Season,1,Seasons
s1975,139 min,139,min
s1976,111 min,111,min
s1977,103 min,103,min
s1978,120 min,120,min
s1979,1 Season,1,Seasons
s1980,1 Season,1,Seasons
s1981,7 Seasons,7,Seasons
s1982,98 min,98,min
s1983,130 min,130,min
s1984,1 Season,1,Seasons
s1985,96 min,96,min
s1986,61 min,61,min
s1987,137 min,137,min
s1988,90 min,90,min
s1989,1 Season,1,Seasons
s1990,3 Seasons,3,Seasons
s1991,1 Season,1,Seasons
s1992,2 Seasons,2,Seasons
s1993,69 min,69,min
s1994,2 Seasons,2,Seasons
s1995,1 Season,1,Seasons
s1996,139 min,139,min
s1997,94 min,94,min
s1998,92 min,92,min
s1999,9 Seasons,9,Seasons
s2000,80 min,80,min
s2001,63 min,63,min
s2002,88 min,88,min
s2003,2 Seasons,2,Seasons
s2004,105 min,105,min
s2005,93 min,93,min
s2006,140 min,140,min
s2007,2 Seasons,2,Seasons
s2008,103 min,103,min
s2009,2 Seasons,2,Seasons
s2010,8 Seasons,8,Seasons
s2011,102 min,102,min
s2012,93 min,93,min
s2013,1 Season,1,Seasons
s2014,1 Season,1,Seasons
s2015,69 min,69,min
s2016,133 min,133,min
s2017,157 min,157,min
s2018,116 min,116,min
s2019,112 min,112,min
s2020,96 min,96,min
s2021,127 min,127,min
s2022,5 Seasons,5,Seasons
s2023,1 Season,1,Seasons
s2024,130 min,130,min
s2025,93 min,93,min
s2026,138 min,138,min
s2027,138 min,138,min
s2028,92 min,92,min
s2029,110 min,110,min
s2030,102 min,102,min
s2031,113 min,113,min
s2032,96 min,96,min
s2033,1 Season,1,Seasons
s2034,1 Season,1,Seasons
s2035,108 min,108,min
s2036,94 min,94,min
s2037,99 min,99,min
s2038,1 Season,1,Seasons
s2039,86 min,86,min
s2040,98 min,98,min
s2041,2 Seasons,2,Seasons
s2042,111 min,111,min
s2043,1 Season,1,Seasons
s2044,97 min,97,min
s2045,1 Season,1,Seasons
s2046,135 min,135,min
s2047,93 min,93,min
s2048,2 Seasons,2,Seasons
s2049,94 min,94,min
s2050,117 min,117,min
s2051,63 min,63,min
s2052,73 min,73,min
s2053,91 min,91,min
s2054,1 Season,1,Seasons
s2055,1 Season,1,Seasons
s2056,93 min,93,min
s2057,101 min,101,min
s2058,93 min,93,min
s2059,1 Season,1,Seasons
s2060,96 min,96,min
s2061,112 min,112,min
s2062,72 min,72,min
s2063,2 Seasons,2,Seasons
s2064,1 Season,1,Seasons
s2065,3 Seasons,3,Seasons
s2066,112 min,112,min
s2067,1 Season,1,Seasons
s2068,72 min,72,min
s2069,1 Season,1,Seasons
s2070,4 Seasons,4,Seasons
s2071,1 Season,1,Seasons
s2072,92 min,92,min
s2073,109 min,109,min
s2074,6 Seasons,6,Seasons
s2075,155 min,155,min
s2076,109 min,109,min
s2077,115 min,115,min
s2078,97 min,97,min
s2079,1 Season,1,Seasons
s2080,103 min,103,min
s2081,2 Seasons,2,Seasons
s2082,24 min,24,min
s2083,110 min,110,min
s2084,97 min,97,min
s2085,94 min,94,min
s2086,1 Season,1,Seasons
s2087,1 Season,1,Seasons
s2088,107 min,107,min
s2089,97 min,97,min
s2090,3 Seasons,3,Seasons
s2091,103 min,103,min
s2092,88 min,88,min
s2093,111 min,111,min
s2094,1 Season,1,Seasons
s2095,94 min,94,min
s2096,33 min,33,min
s2097,1 Season,1,Seasons
s2098,107 min,107,min
s2099,1 Season,1,Seasons
s2100,2 Seasons,2,Seasons
s2101,110 min,110,min
s2102,1 Season,1,Seasons
s2103,1 Season,1,Seasons
s2104,98 min,98,min
s2105,81 min,81,min
s2106,1 Season,1,Seasons
s2107,3 Seasons,3,Seasons
s2108,104 min,104,min
s2109,1 Season,1,Seasons
s2110,17 min,17,min
s2111,121 min,121,min
s2112,100 min,100,min
s2113,1 Season,1,Seasons
s2114,1 Season,1,Seasons
s2115,70 min,70,min
s2116,97 min,97,min
s2117,75 min,75,min
s2118,102 min,102,min
s2119,2 Seasons,2,Seasons
s2120,88 min,88,min
s2121,158 min,158,min
s2122,102 min,102,min
s2123,2 Seasons,2,Seasons
s2124,1 Season,1,Seasons
s2125,5 Seasons,5,Seasons
s2126,2 Seasons,2,Seasons
s2127,203 min,203,min
s2128,4 Seasons,4,Seasons
s2129,59 min,59,min
s2130,92 min,92,min
s2131,104 min,104,min
s2132,72 min,72,min
s2133,113 min,113,min
s2134,1 Season,1,Seasons
s2135,1 Season,1,Seasons
s2136,4 Seasons,4,Seasons
s2137,1 Season,1,Seasons
s2138,93 min,93,min
s2139,119 min,119,min
s2140,105 min,105,min
s2141,1 Season,1,Seasons
s2142,113 min,113,min
s2143,93 min,93,min
s2144,44 min,44,min
s2145,1 Season,1,Seasons
s2146,2 Seasons,2,Seasons
s2147,110 min,110,min
s2148,113 min,113,min
s2149,1 Season,1,Seasons
s2150,90 min,90,min
s2151,82 min,82,min
s2152,3 Seasons,3,Seasons
s2153,3 Seasons,3,Seasons
s2154,1 Season,1,Seasons
s2155,69 min,69,min
s2156,46 min,46,min
s2157,1 Season,1,Seasons
s2158,1 Season,1,Seasons
s2159,1 Season,1,Seasons
s2160,94 min,94,min
s2161,5 Seasons,5,Seasons
s2162,72 min,72,min
s2163,3 Seasons,3,Seasons
s2164,95 min,95,min
s2165,101 min,101,min
s2166,1 Season,1,Seasons
s2167,21 min,21,min
s2168,71 min,71,min
s2169,1 Season,1,Seasons
s2170,64 min,64,min
s2171,1 Season,1,Seasons
s2172,92 min,92,min
s2173,80 min,80,min
s2174,6 Seasons,6,Seasons
s2175,1 Season,1,Seasons
s2176,1 Season,1,Seasons
s2177,104 min,104,min
s2178,25 min,25,min
s2179,1 Season,1,Seasons
s2180,111 min,111,min
s2181,1 Season,1,Seasons
s2182,2 Seasons,2,Seasons
s2183,72 min,72,min
s2184,99 min,99,min
s2185,1 Season,1,Seasons
s2186,83 min,83,min
s2187,150 min,150,min
s2188,108 min,108,min
s2189,44 min,44,min
s2190,3 Seasons,3,Seasons
s2191,2 Seasons,2,Seasons
s2192,102 min,102,min
s2193,1 Season,1,Seasons
s2194,137 min,137,min
s2195,1 Season,1,Seasons
s2196,112 min,112,min
s2197,102 min,102,min
s2198,103 min,103,min
s2199,136 min,136,min
s2200,41 min,41,min
s2201,88 min,88,min
s2202,5 Seasons,5,Seasons
s2203,84 min,84,min
s2204,10 Seasons,10,Seasons
s2205,114 min,114,min
s2206,110 min,110,min
s2207,103 min,103,min
s2208,106 min,106,min
s2209,46 min,46,min
s2210,115 min,115,min
s2211,140 min,140,min
s2212,124 min,124,min
s2213,1 Season,1,Seasons
s2214,133 min,133,min
s2215,1 Season,1,Seasons
s2216,91 min,91,min
s2217,30 min,30,min
s2218,1 Season,1,Seasons
s2219,3 Seasons,3,Seasons
s2220,67 min,67,min
s2221,105 min,105,min
s2222,58 min,58,min
s2223,1 Season,1,Seasons
s2224,1 Season,1,Seasons
s2225,87 min,87,min
s2226,1 Season,1,Seasons
s2227,1 Season,1,Seasons
s2228,1 Season,1,Seasons
s2229,100 min,100,min
s2230,2 Seasons,2,Seasons
s2231,1 Season,1,Seasons
s2232,95 min,95,min
s2233,90 min,90,min
s2234,102 min,102,min
s2235,98 min,98,min
s2236,1 Season,1,Seasons
s2237,68 min,68,min
s2238,1 Season,1,Seasons
s2239,2 Seasons,2,Seasons
s2240,104 min,104,min
s2241,89 min,89,min
s2242,1 Season,1,Seasons
s2243,62 min,62,min
s2244,86 min,86,min
s2245,104 min,104,min
s2246,1 Season,1,Seasons
s2247,1 Season,1,Seasons
s2248,101 min,101,min
s2249,17 min,17,min
s2250,1 Season,1,Seasons
s2251,126 min,126,min
s2252,1 Season,1,Seasons
s2253,120 min,120,min
s2254,1 Season,1,Seasons
s2255,4 Seasons,4,Seasons
s2256,1 Season,1,Seasons
s2257,89 min,89,min
s2258,96 min,96,min
s2259,1 Season,1,Seasons
s2260,91 min,91,min
s2261,86 min,86,min
s2262,67 min,67,min
s2263,89 min,89,min
s2264,65 min,65,min
s2265,151 min,151,min
s2266,116 min,116,min
s2267,110 min,110,min
s2268,123 min,123,min
s2269,139 min,139,min
s2270,95 min,95,min
s2271,121 min,121,min
s2272,127 min,127,min
s2273,162 min,162,min
s2274,128 min,128,min
s2275,112 min,112,min
s2276,1 Season,1,Seasons
s2277,125 min,125,min
s2278,128 min,128,min
s2279,120 min,120,min
s2280,86 min,86,min
s2281,107 min,107,min
s2282,129 min,129,min
s2283,135 min,135,min
s2284,97 min,97,min
s2285,125 min,125,min
s2286,162 min,162,min
s2287,136 min,136,min
s2288,138 min,138,min
s2289,126 min,126,min
s2290,137 min,137,min
s2291,114 min,114,min
s2292,96 min,96,min
s2293,2 Seasons,2,Seasons
s2294,6 Seasons,6,Seasons
s2295,107 min,107,min
s2296,89 min,89,min
s2297,94 min,94,min
s2298,1 Season,1,Seasons
s2299,1 Season,1,Seasons
s2300,1 Season,1,Seasons
s2301,148 min,148,min
s2302,1 Season,1,Seasons
s2303,82 min,82,min
s2304,1 Season,1,Seasons
s2305,95 min,95,min
s2306,1 Season,1,Seasons
s2307,1 Season,1,Seasons
s2308,1 Season,1,Seasons
s2309,120 min,120,min
s2310,115 min,115,min
s2311,107 min,107,min
s2312,105 min,105,min
s2313,134 min,134,min
s2314,1 Season,1,Seasons
s2315,128 min,128,min
s2316,103 min,103,min
s2317,96 min,96,min
s2318,114 min,114,min
s2319,1 Season,1,Seasons
s2320,102 min,102,min
s2321,1 Season,1,Seasons
s2322,52 min,52,min
s2323,1 Season,1,Seasons
s2324,86 min,86,min
s2325,104 min,104,min
s2326,76 min,76,min
s2327,135 min,135,min
s2328,3 Seasons,3,Seasons
s2329,99 min,99,min
s2330,1 Season,1,Seasons
s2331,124 min,124,min
s2332,1 Season,1,Seasons
s2333,117 min,117,min
s2334,107 min,107,min
s2335,111 min,111,min
s2336,116 min,116,min
s2337,135 min,135,min
s2338,1 Season,1,Seasons
s2339,126 min,126,min
s2340,164 min,164,min
s2341,166 min,166,min
s2342,104 min,104,min
s2343,94 min,94,min
s2344,1 Season,1,Seasons
s2345,92 min,92,min
s2346,52 min,52,min
s2347,2 Seasons,2,Seasons
s2348,112 min,112,min
s2349,90 min,90,min
s2350,1 Season,1,Seasons
s2351,101 min,101,min
s2352,84 min,84,min
s2353,2 Seasons,2,Seasons
s2354,112 min,112,min
s2355,136 min,136,min
s2356,108 min,108,min
s2357,110 min,110,min
s2358,1 Season,1,Seasons
s2359,93 min,93,min
s2360,2 Seasons,2,Seasons
s2361,90 min,90,min
s2362,130 min,130,min
s2363,2 Seasons,2,Seasons
s2364,128 min,128,min
s2365,104 min,104,min
s2366,131 min,131,min
s2367,109 min,109,min
s2368,129 min,129,min
s2369,73 min,73,min
s2370,104 min,104,min
s2371,48 min,48,min
s2372,114 min,114,min
s2373,86 min,86,min
s2374,194 min,194,min
s2375,76 min,76,min
s2376,116 min,116,min
s2377,130 min,130,min
s2378,85 min,85,min
s2379,2 Seasons,2,Seasons
s2380,108 min,108,min
s2381,81 min,81,min
s2382,76 min,76,min
s2383,92 min,92,min
s2384,2 Seasons,2,Seasons
s2385,85 min,85,min
s2386,85 min,85,min
s2387,108 min,108,min
s2388,120 min,120,min
s2389,4 Seasons,4,Seasons
s2390,117 min,117,min
s2391,6 Seasons,6,Seasons
s2392,100 min,100,min
s2393,101 min,101,min
s2394,156 min,156,min
s2395,2 Seasons,2,Seasons
s2396,4 Seasons,4,Seasons
s2397,1 Season,1,Seasons
s2398,55 min,55,min
s2399,96 min,96,min
s2400,4 Seasons,4,Seasons
s2401,1 Season,1,Seasons
s2402,1 Season,1,Seasons
s2403,104 min,104,min
s2404,101 min,101,min
s2405,1 Season,1,Seasons
s2406,5 Seasons,5,Seasons
s2407,1 Season,1,Seasons
s2408,113 min,113,min
s2409,1 Season,1,Seasons
s2410,1 Season,1,Seasons
s2411,126 min,126,min
s2412,98 min,98,min
s2413,114 min,114,min
s2414,132 min,132,min
s2415,92 min,92,min
s2416,4 Seasons,4,Seasons
s2417,90 min,90,min
s2418,4 Seasons,4,Seasons
s2419,86 min,86,min
s2420,103 min,103,min
s2421,114 min,114,min
s2422,115 min,115,min
s2423,5 Seasons,5,Seasons
s2424,15 Seasons,15,Seasons
s2425,149 min,149,min
s2426,96 min,96,min
s2427,3 Seasons,3,Seasons
s2428,102 min,102,min
s2429,105 min,105,min
s2430,114 min,114,min
s2431,94 min,94,min
s2432,83 min,83,min
s2433,1 Season,1,Seasons
s2434,106 min,106,min
s2435,116 min,116,min
s2436,109 min,109,min
s2437,97 min,97,min
s2438,100 min,100,min
s2439,116 min,116,min
s2440,111 min,111,min
s2441,24 min,24,min
s2442,95 min,95,min
s2443,135 min,135,min
s2444,95 min,95,min
s2445,2 Seasons,2,Seasons
s2446,92 min,92,min
s2447,100 min,100,min
s2448,1 Season,1,Seasons
s2449,80 min,80,min
s2450,1 Season,1,Seasons
s2451,3 Seasons,3,Seasons
s2452,98 min,98,min
s2453,1 Season,1,Seasons
s2454,1 Season,1,Seasons
s2455,104 min,104,min
s2456,98 min,98,min
s2457,104 min,104,min
s2458,99 min,99,min
s2459,68 min,68,min
s2460,1 Season,1,Seasons
s2461,106 min,106,min
s2462,2 Seasons,2,Seasons
s2463,1 Season,1,Seasons
s2464,71 min,71,min
s2465,80 min,80,min
s2466,116 min,116,min
s2467,4 Seasons,4,Seasons
s2468,112 min,112,min
s2469,73 min,73,min
s2470,110 min,110,min
s2471,5 Seasons,5,Seasons
s2472,135 min,135,min
s2473,1 Season,1,Seasons
s2474,3 Seasons,3,Seasons
s2475,128 min,128,min
s2476,93 min,93,min
s2477,1 Season,1,Seasons
s2478,149 min,149,min
s2479,54 min,54,min
s2480,87 min,87,min
s2481,2 Seasons,2,Seasons
s2482,102 min,102,min
s2483,177 min,177,min
s2484,204 min,204,min
s2485,233 min,233,min
s2486,98 min,98,min
s2487,1 Season,1,Seasons
s2488,237 min,237,min
s2489,230 min,230,min
s2490,173 min,173,min
s2491,195 min,195,min
s2492,253 min,253,min
s2493,157 min,157,min
s2494,97 min,97,min
s2495,85 min,85,min
s2496,1 Season,1,Seasons
s2497,94 min,94,min
s2498,80 min,80,min
s2499,94 min,94,min
s2500,1 Season,1,Seasons
s2501,92 min,92,min
s2502,105 min,105,min
s2503,120 min,120,min
s2504,96 min,96,min
s2505,107 min,107,min
s2506,93 min,93,min
s2507,101 min,101,min
s2508,1 Season,1,Seasons
s2509,1 Season,1,Seasons
s2510,110 min,110,min
s2511,112 min,112,min
s2512,93 min,93,min
s2513,109 min,109,min
s2514,105 min,105,min
s2515,1 Season,1,Seasons
s2516,6 Seasons,6,Seasons
s2517,97 min,97,min
s2518,1 Season,1,Seasons
s2519,1 Season,1,Seasons
s2520,3 Seasons,3,Seasons
s2521,91 min,91,min
s2522,88 min,88,min
s2523,1 Season,1,Seasons
s2524,6 Seasons,6,Seasons
s2525,3 Seasons,3,Seasons
s2526,1 Season,1,Seasons
s2527,5 Seasons,5,Seasons
s2528,1 Season,1,Seasons
s2529,1 Season,1,Seasons
s2530,2 Seasons,2,Seasons
s2531,1 Season,1,Seasons
s2532,109 min,109,min
s2533,118 min,118,min
s2534,109 min,109,min
s2535,131 min,131,min
s2536,91 min,91,min
s2537,152 min,152,min
s2538,67 min,67,min
s2539,72 min,72,min
s2540,83 min,83,min
s2541,90 min,90,min
s2542,106 min,106,min
s2543,1 Season,1,Seasons
s2544,190 min,190,min
s2545,129 min,129,min
s2546,160 min,160,min
s2547,3 Seasons,3,Seasons
s2548,86 min,86,min
s2549,1 Season,1,Seasons
s2550,92 min,92,min
s2551,114 min,114,min
s2552,2 Seasons,2,Seasons
s2553,2 Seasons,2,Seasons
s2554,1 Season,1,Seasons
s2555,2 Seasons,2,Seasons
s2556,90 min,90,min
s2557,94 min,94,min
s2558,2 Seasons,2,Seasons
s2559,86 min,86,min
s2560,89 min,89,min
s2561,107 min,107,min
s2562,61 min,61,min
s2563,93 min,93,min
s2564,81 min,81,min
s2565,120 min,120,min
s2566,1 Season,1,Seasons
s2567,94 min,94,min
s2568,91 min,91,min
s2569,1 Season,1,Seasons
s2570,1 Season,1,Seasons
s2571,104 min,104,min
s2572,76 min,76,min
s2573,90 min,90,min
s2574,103 min,103,min
s2575,1 Season,1,Seasons
s2576,1 Season,1,Seasons
s2577,122 min,122,min
s2578,97 min,97,min
s2579,98 min,98,min
s2580,42 min,42,min
s2581,1 Season,1,Seasons
s2582,90 min,90,min
s2583,91 min,91,min
s2584,4 Seasons,4,Seasons
s2585,94 min,94,min
s2586,3 Seasons,3,Seasons
s2587,1 Season,1,Seasons
s2588,107 min,107,min
s2589,1 Season,1,Seasons
s2590,143 min,143,min
s2591,1 Season,1,Seasons
s2592,105 min,105,min
s2593,116 min,116,min
s2594,23 min,23,min
s2595,23 min,23,min
s2596,23 min,23,min
s2597,105 min,105,min
s2598,97 min,97,min
s2599,1 Season,1,Seasons
s2600,7 Seasons,7,Seasons
s2601,5 Seasons,5,Seasons
s2602,105 min,105,min
s2603,1 Season,1,Seasons
s2604,1 Season,1,Seasons
s2605,83 min,83,min
s2606,109 min,109,min
s2607,1 Season,1,Seasons
s2608,111 min,111,min
s2609,97 min,97,min
s2610,1 Season,1,Seasons
s2611,132 min,132,min
s2612,2 Seasons,2,Seasons
s2613,102 min,102,min
s2614,107 min,107,min
s2615,100 min,100,min
s2616,115 min,115,min
s2617,104 min,104,min
s2618,110 min,110,min
s2619,100 min,100,min
s2620,111 min,111,min
s2621,108 min,108,min
s2622,104 min,104,min
s2623,116 min,116,min
s2624,106 min,106,min
s2625,96 min,96,min
s2626,140 min,140,min
s2627,107 min,107,min
s2628,1 Season,1,Seasons
s2629,4 Seasons,4,Seasons
s2630,138 min,138,min
s2631,132 min,132,min
s2632,1 Season,1,Seasons
s2633,208 min,208,min
s2634,105 min,105,min
s2635,101 min,101,min
s2636,124 min,124,min
s2637,93 min,93,min
s2638,110 min,110,min
s2639,115 min,115,min
s2640,1 Season,1,Seasons
s2641,2 Seasons,2,Seasons
s2642,1 Season,1,Seasons
s2643,107 min,107,min
s2644,1 Season,1,Seasons
s2645,72 min,72,min
s2646,1 Season,1,Seasons
s2647,107 min,107,min
s2648,95 min,95,min
s2649,3 Seasons,3,Seasons
s2650,180 min,180,min
s2651,135 min,135,min
s2652,1 Season,1,Seasons
s2653,87 min,87,min
s2654,94 min,94,min
s2655,105 min,105,min
s2656,93 min,93,min
s2657,92 min,92,min
s2658,1 Season,1,Seasons
s2659,5 Seasons,5,Seasons
s2660,1 Season,1,Seasons
s2661,1 Season,1,Seasons
s2662,1 Season,1,Seasons
s2663,1 Season,1,Seasons
s2664,144 min,144,min
s2665,1 Season,1,Seasons
s2666,1 Season,1,Seasons
s2667,1 Season,1,Seasons
s2668,101 min,101,min
s2669,81 min,81,min
s2670,2 Seasons,2,Seasons
s2671,1 Season,1,Seasons
s2672,95 min,95,min
s2673,119 min,119,min
s2674,121 min,121,min
s2675,88 min,88,min
s2676,2 Seasons,2,Seasons
s2677,3 Seasons,3,Seasons
s2678,106 min,106,min
s2679,119 min,119,min
s2680,63 min,63,min
s2681,82 min,82,min
s2682,95 min,95,min
s2683,93 min,93,min
s2684,120 min,120,min
s2685,1 Season,1,Seasons
s2686,147 min,147,min
s2687,55 min,55,min
s2688,107 min,107,min
s2689,92 min,92,min
s2690,85 min,85,min
s2691,98 min,98,min
s2692,1 Season,1,Seasons
s2693,92 min,92,min
s2694,101 min,101,min
s2695,112 min,112,min
s2696,103 min,103,min
s2697,1 Season,1,Seasons
s2698,91 min,91,min
s2699,2 Seasons,2,Seasons
s2700,1 Season,1,Seasons
s2701,96 min,96,min
s2702,104 min,104,min
s2703,66 min,66,min
s2704,83 min,83,min
s2705,111 min,111,min
s2706,90 min,90,min
s2707,121 min,121,min
s2708,121 min,121,min
s2709,2 Seasons,2,Seasons
s2710,88 min,88,min
s2711,2 Seasons,2,Seasons
s2712,57 min,57,min
s2713,107 min,107,min
s2714,5 min,5,min
s2715,91 min,91,min
s2716,174 min,174,min
s2717,155 min,155,min
s2718,87 min,87,min
s2719,6 Seasons,6,Seasons
s2720,77 min,77,min
s2721,142 min,142,min
s2722,170 min,170,min
s2723,165 min,165,min
s2724,161 min,161,min
s2725,144 min,144,min
s2726,149 min,149,min
s2727,135 min,135,min
s2728,1 Season,1,Seasons
s2729,131 min,131,min
s2730,126 min,126,min
s2731,192 min,192,min
s2732,209 min,209,min
s2733,187 min,187,min
s2734,138 min,138,min
s2735,185 min,185,min
s2736,143 min,143,min
s2737,3 Seasons,3,Seasons
s2738,97 min,97,min
s2739,172 min,172,min
s2740,3 Seasons,3,Seasons
s2741,6 Seasons,6,Seasons
s2742,103 min,103,min
s2743,2 Seasons,2,Seasons
s2744,1 Season,1,Seasons
s2745,83 min,83,min
s2746,107 min,107,min
s2747,3 Seasons,3,Seasons
s2748,114 min,114,min
s2749,2 Seasons,2,Seasons
s2750,93 min,93,min
s2751,85 min,85,min
s2752,1 Season,1,Seasons
s2753,1 Season,1,Seasons
s2754,85 min,85,min
s2755,131 min,131,min
s2756,101 min,101,min
s2757,107 min,107,min
s2758,84 min,84,min
s2759,104 min,104,min
s2760,1 Season,1,Seasons
s2761,160 min,160,min
s2762,1 Season,1,Seasons
s2763,103 min,103,min
s2764,46 min,46,min
s2765,2 Seasons,2,Seasons
s2766,1 Season,1,Seasons
s2767,112 min,112,min
s2768,3 Seasons,3,Seasons
s2769,83 min,83,min
s2770,72 min,72,min
s2771,24 min,24,min
s2772,104 min,104,min
s2773,1 Season,1,Seasons
s2774,72 min,72,min
s2775,2 Seasons,2,Seasons
s2776,113 min,113,min
s2777,21 min,21,min
s2778,1 Season,1,Seasons
s2779,100 min,100,min
s2780,108 min,108,min
s2781,99 min,99,min
s2782,104 min,104,min
s2783,70 min,70,min
s2784,1 Season,1,Seasons
s2785,1 Season,1,Seasons
s2786,2 Seasons,2,Seasons
s2787,93 min,93,min
s2788,2 Seasons,2,Seasons
s2789,2 Seasons,2,Seasons
s2790,95 min,95,min
s2791,4 Seasons,4,Seasons
s2792,1 Season,1,Seasons
s2793,1 Season,1,Seasons
s2794,1 Season,1,Seasons
s2795,1 Season,1,Seasons
s2796,1 Season,1,Seasons
s2797,109 min,109,min
s2798,1 Season,1,Seasons
s2799,91 min,91,min
s2800,75 min,75,min
s2801,100 min,100,min
s2802,95 min,95,min
s2803,1 Season,1,Seasons
s2804,113 min,113,min
s2805,1 Season,1,Seasons
s2806,91 min,91,min
s2807,62 min,62,min
s2808,1 Season,1,Seasons
s2809,1 Season,1,Seasons
s2810,93 min,93,min
s2811,135 min,135,min
s2812,23 min,23,min
s2813,23 min,23,min
s2814,1 Season,1,Seasons
s2815,23 min,23,min
s2816,101 min,101,min
s2817,1 Season,1,Seasons
s2818,98 min,98,min
s2819,1 Season,1,Seasons
s2820,103 min,103,min
s2821,106 min,106,min
s2822,2 Seasons,2,Seasons
s2823,95 min,95,min
s2824,132 min,132,min
s2825,1 Season,1,Seasons
s2826,2 Seasons,2,Seasons
s2827,3 Seasons,3,Seasons
s2828,1 Season,1,Seasons
s2829,82 min,82,min
s2830,71 min,71,min
s2831,16 min,16,min
s2832,104 min,104,min
s2833,79 min,79,min
s2834,120 min,120,min
s2835,82 min,82,min
s2836,115 min,115,min
s2837,111 min,111,min
s2838,110 min,110,min
s2839,2 Seasons,2,Seasons
s2840,121 min,121,min
s2841,162 min,162,min
s2842,1 Season,1,Seasons
s2843,108 min,108,min
s2844,186 min,186,min
s2845,116 min,116,min
s2846,154 min,154,min
s2847,4 Seasons,4,Seasons
s2848,105 min,105,min
s2849,71 min,71,min
s2850,61 min,61,min
s2851,133 min,133,min
s2852,98 min,98,min
s2853,119 min,119,min
s2854,61 min,61,min
s2855,1 Season,1,Seasons
s2856,3 Seasons,3,Seasons
s2857,130 min,130,min
s2858,1 Season,1,Seasons
s2859,11 min,11,min
s2860,87 min,87,min
s2861,127 min,127,min
s2862,87 min,87,min
s2863,88 min,88,min
s2864,158 min,158,min
s2865,82 min,82,min
s2866,93 min,93,min
s2867,90 min,90,min
s2868,109 min,109,min
s2869,2 Seasons,2,Seasons
s2870,72 min,72,min
s2871,1 Season,1,Seasons
s2872,1 Season,1,Seasons
s2873,1 Season,1,Seasons
s2874,162 min,162,min
s2875,2 Seasons,2,Seasons
s2876,1 Season,1,Seasons
s2877,98 min,98,min
s2878,1 Season,1,Seasons
s2879,103 min,103,min
s2880,97 min,97,min
s2881,1 Season,1,Seasons
s2882,94 min,94,min
s2883,101 min,101,min
s2884,1 Season,1,Seasons
s2885,138 min,138,min
s2886,109 min,109,min
s2887,50 min,50,min
s2888,110 min,110,min
s2889,1 Season,1,Seasons
s2890,92 min,92,min
s2891,1 Season,1,Seasons
s2892,1 Season,1,Seasons
s2893,1 Season,1,Seasons
s2894,1 Season,1,Seasons
s2895,1 Season,1,Seasons
s2896,120 min,120,min
s2897,101 min,101,min
s2898,116 min,116,min
s2899,117 min,117,min
s2900,95 min,95,min
s2901,1 Season,1,Seasons
s2902,93 min,93,min
s2903,1 Season,1,Seasons
s2904,122 min,122,min
s2905,102 min,102,min
s2906,96 min,96,min
s2907,1 Season,1,Seasons
s2908,93 min,93,min
s2909,93 min,93,min
s2910,72 min,72,min
s2911,1 Season,1,Seasons
s2912,87 min,87,min
s2913,95 min,95,min
s2914,33 min,33,min
s2915,113 min,113,min
s2916,118 min,118,min
s2917,171 min,171,min
s2918,1 Season,1,Seasons
s2919,100 min,100,min
s2920,103 min,103,min
s2921,1 Season,1,Seasons
s2922,2 Seasons,2,Seasons
s2923,1 Season,1,Seasons
s2924,1 Season,1,Seasons
s2925,86 min,86,min
s2926,102 min,102,min
s2927,2 Seasons,2,Seasons
s2928,81 min,81,min
s2929,101 min,101,min
s2930,73 min,73,min
s2931,96 min,96,min
s2932,4 Seasons,4,Seasons
s2933,106 min,106,min
s2934,88 min,88,min
s2935,103 min,103,min
s2936,139 min,139,min
s2937,89 min,89,min
s2938,2 Seasons,2,Seasons
s2939,2 Seasons,2,Seasons
s2940,104 min,104,min
s2941,124 min,124,min
s2942,1 Season,1,Seasons
s2943,1 Season,1,Seasons
s2944,112 min,112,min
s2945,1 Season,1,Seasons
s2946,1 Season,1,Seasons
s2947,70 min,70,min
s2948,8 Seasons,8,Seasons
s2949,1 Season,1,Seasons
s2950,106 min,106,min
s2951,97 min,97,min
s2952,106 min,106,min
s2953,60 min,60,min
s2954,3 Seasons,3,Seasons
s2955,148 min,148,min
s2956,122 min,122,min
s2957,86 min,86,min
s2958,193 min,193,min
s2959,1 Season,1,Seasons
s2960,1 Season,1,Seasons
s2961,92 min,92,min
s2962,94 min,94,min
s2963,5 Seasons,5,Seasons
s2964,82 min,82,min
s2965,59 min,59,min
s2966,1 Season,1,Seasons
s2967,1 Season,1,Seasons
s2968,1 Season,1,Seasons
s2969,89 min,89,min
s2970,176 min,176,min
s2971,116 min,116,min
s2972,2 Seasons,2,Seasons
s2973,86 min,86,min
s2974,93 min,93,min
s2975,1 Season,1,Seasons
s2976,85 min,85,min
s2977,2 Seasons,2,Seasons
s2978,1 Season,1,Seasons
s2979,62 min,62,min
s2980,1 Season,1,Seasons
s2981,1 Season,1,Seasons
s2982,112 min,112,min
s2983,1 Season,1,Seasons
s2984,1 Season,1,Seasons
s2985,1 Season,1,Seasons
s2986,121 min,121,min
s2987,133 min,133,min
s2988,76 min,76,min
s2989,82 min,82,min
s2990,156 min,156,min
s2991,90 min,90,min
s2992,1 Season,1,Seasons
s2993,2 Seasons,2,Seasons
s2994,1 Season,1,Seasons
s2995,8 Seasons,8,Seasons
s2996,97 min,97,min
s2997,51 min,51,min
s2998,1 Season,1,Seasons
s2999,2 Seasons,2,Seasons
s3000,1 Season,1,Seasons
s3001,1 Season,1,Seasons
s3002,1 Season,1,Seasons
s3003,98 min,98,min
s3004,61 min,61,min
s3005,116 min,116,min
s3006,1 Season,1,Seasons
s3007,132 min,132,min
s3008,17 min,17,min
s3009,91 min,91,min
s3010,121 min,121,min
s3011,1 Season,1,Seasons
s3012,4 Seasons,4,Seasons
s3013,1 Season,1,Seasons
s3014,2 Seasons,2,Seasons
s3015,78 min,78,min
s3016,1 Season,1,Seasons
s3017,95 min,95,min
s3018,86 min,86,min
s3019,132 min,132,min
s3020,107 min,107,min
s3021,1 Season,1,Seasons
s3022,122 min,122,min
s3023,95 min,95,min
s3024,108 min,108,min
s3025,1 Season,1,Seasons
s3026,99 min,99,min
s3027,103 min,103,min
s3028,66 min,66,min
s3029,1 Season,1,Seasons
s3030,132 min,132,min
s3031,1 Season,1,Seasons
s3032,56 min,56,min
s3033,128 min,128,min
s3034,1 Season,1,Seasons
s3035,1 Season,1,Seasons
s3036,4 Seasons,4,Seasons
s3037,1 Season,1,Seasons
s3038,1 Season,1,Seasons
s3039,119 min,119,min
s3040,2 Seasons,2,Seasons
s3041,1 Season,1,Seasons
s3042,97 min,97,min
s3043,1 Season,1,Seasons
s3044,92 min,92,min
s3045,102 min,102,min
s3046,1 Season,1,Seasons
s3047,90 min,90,min
s3048,3 Seasons,3,Seasons
s3049,129 min,129,min
s3050,1 Season,1,Seasons
s3051,1 Season,1,Seasons
s3052,106 min,106,min
s3053,1 Season,1,Seasons
s3054,1 Season,1,Seasons
s3055,105 min,105,min
s3056,1 Season,1,Seasons
s3057,1 Season,1,Seasons
s3058,78 min,78,min
s3059,79 min,79,min
s3060,78 min,78,min
s3061,145 min,145,min
s3062,71 min,71,min
s3063,83 min,83,min
s3064,1 Season,1,Seasons
s3065,81 min,81,min
s3066,1 Season,1,Seasons
s3067,2 Seasons,2,Seasons
s3068,1 Season,1,Seasons
s3069,119 min,119,min
s3070,98 min,98,min
s3071,102 min,102,min
s3072,1 Season,1,Seasons
s3073,88 min,88,min
s3074,97 min,97,min
s3075,1 Season,1,Seasons
s3076,1 Season,1,Seasons
s3077,1 Season,1,Seasons
s3078,110 min,110,min
s3079,85 min,85,min
s3080,1 Season,1,Seasons
s3081,90 min,90,min
s3082,89 min,89,min
s3083,3 Seasons,3,Seasons
s3084,1 Season,1,Seasons
s3085,1 Season,1,Seasons
s3086,2 Seasons,2,Seasons
s3087,2 Seasons,2,Seasons
s3088,1 Season,1,Seasons
s3089,1 Season,1,Seasons
s3090,120 min,120,min
s3091,102 min,102,min
s3092,73 min,73,min
s3093,1 Season,1,Seasons
s3094,103 min,103,min
s3095,79 min,79,min
s3096,1 Season,1,Seasons
s3097,2 Seasons,2,Seasons
s3098,97 min,97,min
s3099,91 min,91,min
s3100,96 min,96,min
s3101,103 min,103,min
s3102,95 min,95,min
s3103,83 min,83,min
s3104,2 Seasons,2,Seasons
s3105,117 min,117,min
s3106,70 min,70,min
s3107,2 Seasons,2,Seasons
s3108,90 min,90,min
s3109,6 Seasons,6,Seasons
s3110,86 min,86,min
s3111,86 min,86,min
s3112,1 Season,1,Seasons
s3113,113 min,113,min
s3114,82 min,82,min
s3115,141 min,141,min
s3116,107 min,107,min
s3117,126 min,126,min
s3118,1 Season,1,Seasons
s3119,25 min,25,min
s3120,1 Season,1,Seasons
s3121,2 Seasons,2,Seasons
s3122,1 Season,1,Seasons
s3123,1 Season,1,Seasons
s3124,63 min,63,min
s3125,136 min,136,min
s3126,120 min,120,min
s3127,134 min,134,min
s3128,1 Season,1,Seasons
s3129,2 Seasons,2,Seasons
s3130,1 Season,1,Seasons
s3131,1 Season,1,Seasons
s3132,185 min,185,min
s3133,174 min,174,min
s3134,169 min,169,min
s3135,148 min,148,min
s3136,135 min,135,min
s3137,135 min,135,min
s3138,1 Season,1,Seasons
s3139,89 min,89,min
s3140,119 min,119,min
s3141,98 min,98,min
s3142,135 min,135,min
s3143,185 min,185,min
s3144,156 min,156,min
s3145,104 min,104,min
s3146,139 min,139,min
s3147,2 Seasons,2,Seasons
s3148,140 min,140,min
s3149,3 Seasons,3,Seasons
s3150,154 min,154,min
s3151,129 min,129,min
s3152,99 min,99,min
s3153,100 min,100,min
s3154,110 min,110,min
s3155,107 min,107,min
s3156,95 min,95,min
s3157,89 min,89,min
s3158,65 min,65,min
s3159,143 min,143,min
s3160,101 min,101,min
s3161,60 min,60,min
s3162,29 min,29,min
s3163,92 min,92,min
s3164,172 min,172,min
s3165,97 min,97,min
s3166,1 Season,1,Seasons
s3167,108 min,108,min
s3168,107 min,107,min
s3169,5 Seasons,5,Seasons
s3170,137 min,137,min
s3171,106 min,106,min
s3172,115 min,115,min
s3173,46 min,46,min
s3174,1 Season,1,Seasons
s3175,2 Seasons,2,Seasons
s3176,1 Season,1,Seasons
s3177,1 Season,1,Seasons
s3178,1 Season,1,Seasons
s3179,92 min,92,min
s3180,93 min,93,min
s3181,85 min,85,min
s3182,24 min,24,min
s3183,1 Season,1,Seasons
s3184,2 Seasons,2,Seasons
s3185,1 Season,1,Seasons
s3186,1 Season,1,Seasons
s3187,56 min,56,min
s3188,1 Season,1,Seasons
s3189,86 min,86,min
s3190,127 min,127,min
s3191,93 min,93,min
s3192,94 min,94,min
s3193,4 Seasons,4,Seasons
s3194,120 min,120,min
s3195,108 min,108,min
s3196,135 min,135,min
s3197,111 min,111,min
s3198,134 min,134,min
s3199,137 min,137,min
s3200,2 Seasons,2,Seasons
s3201,103 min,103,min
s3202,133 min,133,min
s3203,95 min,95,min
s3204,126 min,126,min
s3205,1 Season,1,Seasons
s3206,67 min,67,min
s3207,135 min,135,min
s3208,106 min,106,min
s3209,2 Seasons,2,Seasons
s3210,107 min,107,min
s3211,81 min,81,min
s3212,107 min,107,min
s3213,2 Seasons,2,Seasons
s3214,118 min,118,min
s3215,110 min,110,min
s3216,104 min,104,min
s3217,1 Season,1,Seasons
s3218,93 min,93,min
s3219,94 min,94,min
s3220,1 Season,1,Seasons
s3221,1 Season,1,Seasons
s3222,1 Season,1,Seasons
s3223,1 Season,1,Seasons
s3224,137 min,137,min
s3225,134 min,134,min
s3226,69 min,69,min
s3227,106 min,106,min
s3228,209 min,209,min
s3229,86 min,86,min
s3230,24 min,24,min
s3231,2 Seasons,2,Seasons
s3232,46 min,46,min
s3233,1 Season,1,Seasons
s3234,117 min,117,min
s3235,87 min,87,min
s3236,121 min,121,min
s3237,1 Season,1,Seasons
s3238,97 min,97,min
s3239,1 Season,1,Seasons
s3240,121 min,121,min
s3241,56 min,56,min
s3242,2 Seasons,2,Seasons
s3243,1 Season,1,Seasons
s3244,1 Season,1,Seasons
s3245,119 min,119,min
s3246,1 Season,1,Seasons
s3247,3 Seasons,3,Seasons
s3248,8 Seasons,8,Seasons
s3249,93 min,93,min
s3250,1 Season,1,Seasons
s3251,86 min,86,min
s3252,134 min,134,min
s3253,1 Season,1,Seasons
s3254,28 min,28,min
s3255,131 min,131,min
s3256,1 Season,1,Seasons
s3257,78 min,78,min
s3258,1 Season,1,Seasons
s3259,1 Season,1,Seasons
s3260,93 min,93,min
s3261,84 min,84,min
s3262,107 min,107,min
s3263,101 min,101,min
s3264,1 Season,1,Seasons
s3265,107 min,107,min
s3266,74 min,74,min
s3267,60 min,60,min
s3268,143 min,143,min
s3269,105 min,105,min
s3270,1 Season,1,Seasons
s3271,1 Season,1,Seasons
s3272,2 Seasons,2,Seasons
s3273,110 min,110,min
s3274,98 min,98,min
s3275,1 Season,1,Seasons
s3276,2 Seasons,2,Seasons
s3277,1 Season,1,Seasons
s3278,1 Season,1,Seasons
s3279,74 min,74,min
s3280,1 Season,1,Seasons
s3281,46 min,46,min
s3282,1 Season,1,Seasons
s3283,3 Seasons,3,Seasons
s3284,2 Seasons,2,Seasons
s3285,1 Season,1,Seasons
s3286,54 min,54,min
s3287,1 Season,1,Seasons
s3288,1 Season,1,Seasons
s3289,2 Seasons,2,Seasons
s3290,59 min,59,min
s3291,100 min,100,min
s3292,1 Season,1,Seasons
s3293,88 min,88,min
s3294,3 Seasons,3,Seasons
s3295,1 Season,1,Seasons
s3296,1 Season,1,Seasons
s3297,93 min,93,min
s3298,94 min,94,min
s3299,2 Seasons,2,Seasons
s3300,121 min,121,min
s3301,78 min,78,min
s3302,1 Season,1,Seasons
s3303,116 min,116,min
s3304,87 min,87,min
s3305,2 Seasons,2,Seasons
s3306,61 min,61,min
s3307,2 Seasons,2,Seasons
s3308,98 min,98,min
s3309,123 min,123,min
s3310,85 min,85,min
s3311,3 Seasons,3,Seasons
s3312,78 min,78,min
s3313,103 min,103,min
s3314,1 Season,1,Seasons
s3315,44 min,44,min
s3316,68 min,68,min
s3317,1 Season,1,Seasons
s3318,68 min,68,min
s3319,69 min,69,min
s3320,81 min,81,min
s3321,69 min,69,min
s3322,68 min,68,min
s3323,68 min,68,min
s3324,86 min,86,min
s3325,40 min,40,min
s3326,3 Seasons,3,Seasons
s3327,94 min,94,min
s3328,1 Season,1,Seasons
s3329,1 Season,1,Seasons
s3330,90 min,90,min
s3331,4 Seasons,4,Seasons
s3332,112 min,112,min
s3333,101 min,101,min
s3334,2 Seasons,2,Seasons
s3335,119 min,119,min
s3336,40 min,40,min
s3337,2 Seasons,2,Seasons
s3338,86 min,86,min
s3339,92 min,92,min
s3340,2 Seasons,2,Seasons
s3341,1 Season,1,Seasons
s3342,2 Seasons,2,Seasons
s3343,1 Season,1,Seasons
s3344,91 min,91,min
s3345,2 Seasons,2,Seasons
s3346,3 Seasons,3,Seasons
s3347,36 min,36,min
s3348,141 min,141,min
s3349,107 min,107,min
s3350,97 min,97,min
s3351,24 min,24,min
s3352,1 Season,1,Seasons
s3353,1 Season,1,Seasons
s3354,89 min,89,min
s3355,65 min,65,min
s3356,2 Seasons,2,Seasons
s3357,1 Season,1,Seasons
s3358,1 Season,1,Seasons
s3359,1 Season,1,Seasons
s3360,126 min,126,min
s3361,1 Season,1,Seasons
s3362,1 Season,1,Seasons
s3363,63 min,63,min
s3364,1 Season,1,Seasons
s3365,14 min,14,min
s3366,28 min,28,min
s3367,20 min,20,min
s3368,1 Season,1,Seasons
s3369,1 Season,1,Seasons
s3370,6 Seasons,6,Seasons
s3371,1 Season,1,Seasons
s3372,106 min,106,min
s3373,118 min,118,min
s3374,1 Season,1,Seasons
s3375,127 min,127,min
s3376,1 Season,1,Seasons
s3377,61 min,61,min
s3378,1 Season,1,Seasons
s3379,1 Season,1,Seasons
s3380,86 min,86,min
s3381,94 min,94,min
s3382,1 Season,1,Seasons
s3383,1 Season,1,Seasons
s3384,82 min,82,min
s3385,92 min,92,min
s3386,1 Season,1,Seasons
s3387,52 min,52,min
s3388,108 min,108,min
s3389,67 min,67,min
s3390,91 min,91,min
s3391,66 min,66,min
s3392,118 min,118,min
s3393,87 min,87,min
s3394,1 Season,1,Seasons
s3395,47 min,47,min
s3396,56 min,56,min
s3397,61 min,61,min
s3398,34 min,34,min
s3399,98 min,98,min
s3400,99 min,99,min
s3401,1 Season,1,Seasons
s3402,2 Seasons,2,Seasons
s3403,95 min,95,min
s3404,1 Season,1,Seasons
s3405,1 Season,1,Seasons
s3406,100 min,100,min
s3407,2 Seasons,2,Seasons
s3408,101 min,101,min
s3409,86 min,86,min
s3410,96 min,96,min
s3411,2 Seasons,2,Seasons
s3412,99 min,99,min
s3413,112 min,112,min
s3414,127 min,127,min
s3415,2 Seasons,2,Seasons
s3416,1 Season,1,Seasons
s3417,1 Season,1,Seasons
s3418,22 min,22,min
s3419,78 min,78,min
s3420,63 min,63,min
s3421,1 Season,1,Seasons
s3422,97 min,97,min
s3423,86 min,86,min
s3424,1 Season,1,Seasons
s3425,62 min,62,min
s3426,96 min,96,min
s3427,1 Season,1,Seasons
s3428,104 min,104,min
s3429,123 min,123,min
s3430,100 min,100,min
s3431,2 Seasons,2,Seasons
s3432,99 min,99,min
s3433,151 min,151,min
s3434,2 Seasons,2,Seasons
s3435,102 min,102,min
s3436,1 Season,1,Seasons
s3437,154 min,154,min
s3438,1 Season,1,Seasons
s3439,106 min,106,min
s3440,87 min,87,min
s3441,1 Season,1,Seasons
s3442,70 min,70,min
s3443,46 min,46,min
s3444,101 min,101,min
s3445,1 Season,1,Seasons
s3446,1 Season,1,Seasons
s3447,109 min,109,min
s3448,100 min,100,min
s3449,110 min,110,min
s3450,2 Seasons,2,Seasons
s3451,102 min,102,min
s3452,102 min,102,min
s3453,5 Seasons,5,Seasons
s3454,1 Season,1,Seasons
s3455,2 Seasons,2,Seasons
s3456,3 Seasons,3,Seasons
s3457,24 min,24,min
s3458,1 Season,1,Seasons
s3459,1 Season,1,Seasons
s3460,98 min,98,min
s3461,76 min,76,min
s3462,1 Season,1,Seasons
s3463,1 Season,1,Seasons
s3464,1 Season,1,Seasons
s3465,1 Season,1,Seasons
s3466,90 min,90,min
s3467,1 Season,1,Seasons
s3468,1 Season,1,Seasons
s3469,59 min,59,min
s3470,58 min,58,min
s3471,1 Season,1,Seasons
s3472,64 min,64,min
s3473,79 min,79,min
s3474,1 Season,1,Seasons
s3475,1 Season,1,Seasons
s3476,81 min,81,min
s3477,81 min,81,min
s3478,5 Seasons,5,Seasons
s3479,64 min,64,min
s3480,45 min,45,min
s3481,90 min,90,min
s3482,1 Season,1,Seasons
s3483,102 min,102,min
s3484,3 Seasons,3,Seasons
s3485,116 min,116,min
s3486,42 min,42,min
s3487,133 min,133,min
s3488,108 min,108,min
s3489,1 Season,1,Seasons
s3490,2 Seasons,2,Seasons
s3491,38 min,38,min
s3492,3 Seasons,3,Seasons
s3493,146 min,146,min
s3494,146 min,146,min
s3495,106 min,106,min
s3496,58 min,58,min
s3497,152 min,152,min
s3498,87 min,87,min
s3499,121 min,121,min
s3500,1 Season,1,Seasons
s3501,83 min,83,min
s3502,1 Season,1,Seasons
s3503,1 Season,1,Seasons
s3504,1 Season,1,Seasons
s3505,2 Seasons,2,Seasons
s3506,1 Season,1,Seasons
s3507,1 Season,1,Seasons
s3508,111 min,111,min
s3509,24 min,24,min
s3510,171 min,171,min
s3511,1 Season,1,Seasons
s3512,88 min,88,min
s3513,76 min,76,min
s3514,64 min,64,min
s3515,94 min,94,min
s3516,1 Season,1,Seasons
s3517,157 min,157,min
s3518,83 min,83,min
s3519,65 min,65,min
s3520,1 Season,1,Seasons
s3521,105 min,105,min
s3522,1 Season,1,Seasons
s3523,107 min,107,min
s3524,103 min,103,min
s3525,1 Season,1,Seasons
s3526,1 Season,1,Seasons
s3527,1 Season,1,Seasons
s3528,1 Season,1,Seasons
s3529,67 min,67,min
s3530,96 min,96,min
s3531,125 min,125,min
s3532,142 min,142,min
s3533,133 min,133,min
s3534,100 min,100,min
s3535,1 Season,1,Seasons
s3536,10 min,10,min
s3537,128 min,128,min
s3538,93 min,93,min
s3539,81 min,81,min
s3540,1 Season,1,Seasons
s3541,3 Seasons,3,Seasons
s3542,9 Seasons,9,Seasons
s3543,82 min,82,min
s3544,1 Season,1,Seasons
s3545,47 min,47,min
s3546,95 min,95,min
s3547,1 Season,1,Seasons
s3548,84 min,84,min
s3549,91 min,91,min
s3550,102 min,102,min
s3551,1 Season,1,Seasons
s3552,1 Season,1,Seasons
s3553,1 Season,1,Seasons
s3554,3 Seasons,3,Seasons
s3555,100 min,100,min
s3556,98 min,98,min
s3557,110 min,110,min
s3558,85 min,85,min
s3559,2 Seasons,2,Seasons
s3560,66 min,66,min
s3561,92 min,92,min
s3562,3 Seasons,3,Seasons
s3563,2 Seasons,2,Seasons
s3564,133 min,133,min
s3565,135 min,135,min
s3566,120 min,120,min
s3567,118 min,118,min
s3568,110 min,110,min
s3569,98 min,98,min
s3570,98 min,98,min
s3571,98 min,98,min
s3572,1 Season,1,Seasons
s3573,104 min,104,min
s3574,63 min,63,min
s3575,52 min,52,min
s3576,1 Season,1,Seasons
s3577,1 Season,1,Seasons
s3578,1 Season,1,Seasons
s3579,1 Season,1,Seasons
s3580,1 Season,1,Seasons
s3581,72 min,72,min
s3582,2 Seasons,2,Seasons
s3583,117 min,117,min
s3584,100 min,100,min
s3585,24 min,24,min
s3586,1 Season,1,Seasons
s3587,86 min,86,min
s3588,1 Season,1,Seasons
s3589,1 Season,1,Seasons
s3590,2 Seasons,2,Seasons
s3591,1 Season,1,Seasons
s3592,69 min,69,min
s3593,1 Season,1,Seasons
s3594,119 min,119,min
s3595,123 min,123,min
s3596,93 min,93,min
s3597,109 min,109,min
s3598,2 Seasons,2,Seasons
s3599,1 Season,1,Seasons
s3600,66 min,66,min
s3601,3 Seasons,3,Seasons
s3602,5 Seasons,5,Seasons
s3603,107 min,107,min
s3604,46 min,46,min
s3605,1 Season,1,Seasons
s3606,1 Season,1,Seasons
s3607,1 Season,1,Seasons
s3608,1 Season,1,Seasons
s3609,5 Seasons,5,Seasons
s3610,1 Season,1,Seasons
s3611,1 Season,1,Seasons
s3612,1 Season,1,Seasons
s3613,1 Season,1,Seasons
s3614,1 Season,1,Seasons
s3615,1 Season,1,Seasons
s3616,1 Season,1,Seasons
s3617,117 min,117,min
s3618,67 min,67,min
s3619,114 min,114,min
s3620,67 min,67,min
s3621,77 min,77,min
s3622,105 min,105,min
s3623,63 min,63,min
s3624,59 min,59,min
s3625,2 Seasons,2,Seasons
s3626,102 min,102,min
s3627,81 min,81,min
s3628,1 Season,1,Seasons
s3629,84 min,84,min
s3630,101 min,101,min
s3631,116 min,116,min
s3632,177 min,177,min
s3633,1 Season,1,Seasons
s3634,2 Seasons,2,Seasons
s3635,130 min,130,min
s3636,59 min,59,min
s3637,1 Season,1,Seasons
s3638,111 min,111,min
s3639,100 min,100,min
s3640,77 min,77,min
s3641,2 Seasons,2,Seasons
s3642,93 min,93,min
s3643,1 Season,1,Seasons
s3644,114 min,114,min
s3645,3 Seasons,3,Seasons
s3646,58 min,58,min
s3647,56 min,56,min
s3648,110 min,110,min
s3649,98 min,98,min
s3650,106 min,106,min
s3651,102 min,102,min
s3652,1 Season,1,Seasons
s3653,81 min,81,min
s3654,6 Seasons,6,Seasons
s3655,3 Seasons,3,Seasons
s3656,1 Season,1,Seasons
s3657,1 Season,1,Seasons
s3658,98 min,98,min
s3659,136 min,136,min
s3660,3 Seasons,3,Seasons
s3661,1 Season,1,Seasons
s3662,161 min,161,min
s3663,32 min,32,min
s3664,1 Season,1,Seasons
s3665,1 Season,1,Seasons
s3666,1 Season,1,Seasons
s3667,1 Season,1,Seasons
s3668,2 Seasons,2,Seasons
s3669,105 min,105,min
s3670,3 Seasons,3,Seasons
s3671,106 min,106,min
s3672,1 Season,1,Seasons
s3673,90 min,90,min
s3674,1 Season,1,Seasons
s3675,1 Season,1,Seasons
s3676,87 min,87,min
s3677,91 min,91,min
s3678,1 Season,1,Seasons
s3679,106 min,106,min
s3680,65 min,65,min
s3681,3 Seasons,3,Seasons
s3682,105 min,105,min
s3683,1 Season,1,Seasons
s3684,40 min,40,min
s3685,2 Seasons,2,Seasons
s3686,3 Seasons,3,Seasons
s3687,1 Season,1,Seasons
s3688,2 Seasons,2,Seasons
s3689,1 Season,1,Seasons
s3690,1 Season,1,Seasons
s3691,1 Season,1,Seasons
s3692,1 Season,1,Seasons
s3693,2 Seasons,2,Seasons
s3694,66 min,66,min
s3695,1 Season,1,Seasons
s3696,1 Season,1,Seasons
s3697,1 Season,1,Seasons
s3698,61 min,61,min
s3699,122 min,122,min
s3700,141 min,141,min
s3701,2 Seasons,2,Seasons
s3702,176 min,176,min
s3703,3 Seasons,3,Seasons
s3704,73 min,73,min
s3705,1 Season,1,Seasons
s3706,2 Seasons,2,Seasons
s3707,87 min,87,min
s3708,2 Seasons,2,Seasons
s3709,3 Seasons,3,Seasons
s3710,15 min,15,min
s3711,1 Season,1,Seasons
s3712,55 min,55,min
s3713,141 min,141,min
s3714,122 min,122,min
s3715,109 min,109,min
s3716,63 min,63,min
s3717,2 Seasons,2,Seasons
s3718,96 min,96,min
s3719,113 min,113,min
s3720,1 Season,1,Seasons
s3721,69 min,69,min
s3722,2 Seasons,2,Seasons
s3723,2 Seasons,2,Seasons
s3724,2 Seasons,2,Seasons
s3725,1 Season,1,Seasons
s3726,3 Seasons,3,Seasons
s3727,2 Seasons,2,Seasons
s3728,2 Seasons,2,Seasons
s3729,87 min,87,min
s3730,116 min,116,min
s3731,116 min,116,min
s3732,110 min,110,min
s3733,122 min,122,min
s3734,59 min,59,min
s3735,88 min,88,min
s3736,91 min,91,min
s3737,2 Seasons,2,Seasons
s3738,1 Season,1,Seasons
s3739,40 min,40,min
s3740,113 min,113,min
s3741,90 min,90,min
s3742,1 Season,1,Seasons
s3743,1 Season,1,Seasons
s3744,1 Season,1,Seasons
s3745,1 Season,1,Seasons
s3746,1 Season,1,Seasons
s3747,2 Seasons,2,Seasons
s3748,95 min,95,min
s3749,2 Seasons,2,Seasons
s3750,5 Seasons,5,Seasons
s3751,1 Season,1,Seasons
s3752,2 Seasons,2,Seasons
s3753,3 Seasons,3,Seasons
s3754,98 min,98,min
s3755,1 Season,1,Seasons
s3756,1 Season,1,Seasons
s3757,61 min,61,min
s3758,117 min,117,min
s3759,60 min,60,min
s3760,142 min,142,min
s3761,1 Season,1,Seasons
s3762,74 min,74,min
s3763,3 Seasons,3,Seasons
s3764,119 min,119,min
s3765,114 min,114,min
s3766,125 min,125,min
s3767,71 min,71,min
s3768,110 min,110,min
s3769,127 min,127,min
s3770,1 Season,1,Seasons
s3771,1 Season,1,Seasons
s3772,118 min,118,min
s3773,90 min,90,min
s3774,130 min,130,min
s3775,5 Seasons,5,Seasons
s3776,12 min,12,min
s3777,62 min,62,min
s3778,3 min,3,min
s3779,3 Seasons,3,Seasons
s3780,1 Season,1,Seasons
s3781,1 Season,1,Seasons
s3782,114 min,114,min
s3783,1 Season,1,Seasons
s3784,128 min,128,min
s3785,2 Seasons,2,Seasons
s3786,109 min,109,min
s3787,109 min,109,min
s3788,2 Seasons,2,Seasons
s3789,101 min,101,min
s3790,1 Season,1,Seasons
s3791,103 min,103,min
s3792,98 min,98,min
s3793,1 Season,1,Seasons
s3794,123 min,123,min
s3795,1 Season,1,Seasons
s3796,38 min,38,min
s3797,1 Season,1,Seasons
s3798,101 min,101,min
s3799,99 min,99,min
s3800,2 Seasons,2,Seasons
s3801,91 min,91,min
s3802,1 Season,1,Seasons
s3803,30 min,30,min
s3804,30 min,30,min
s3805,137 min,137,min
s3806,66 min,66,min
s3807,2 Seasons,2,Seasons
s3808,2 Seasons,2,Seasons
s3809,1 Season,1,Seasons
s3810,70 min,70,min
s3811,87 min,87,min
s3812,88 min,88,min
s3813,1 Season,1,Seasons
s3814,90 min,90,min
s3815,84 min,84,min
s3816,53 min,53,min
s3817,87 min,87,min
s3818,2 Seasons,2,Seasons
s3819,90 min,90,min
s3820,96 min,96,min
s3821,94 min,94,min
s3822,1 Season,1,Seasons
s3823,108 min,108,min
s3824,1 Season,1,Seasons
s3825,1 Season,1,Seasons
s3826,102 min,102,min
s3827,1 Season,1,Seasons
s3828,61 min,61,min
s3829,94 min,94,min
s3830,70 min,70,min
s3831,88 min,88,min
s3832,1 Season,1,Seasons
s3833,100 min,100,min
s3834,111 min,111,min
s3835,128 min,128,min
s3836,3 Seasons,3,Seasons
s3837,98 min,98,min
s3838,1 Season,1,Seasons
s3839,2 Seasons,2,Seasons
s3840,1 Season,1,Seasons
s3841,1 Season,1,Seasons
s3842,104 min,104,min
s3843,126 min,126,min
s3844,1 Season,1,Seasons
s3845,1 Season,1,Seasons
s3846,1 Season,1,Seasons
s3847,1 Season,1,Seasons
s3848,1 Season,1,Seasons
s3849,1 Season,1,Seasons
s3850,1 Season,1,Seasons
s3851,1 Season,1,Seasons
s3852,1 Season,1,Seasons
s3853,1 Season,1,Seasons
s3854,1 Season,1,Seasons
s3855,1 Season,1,Seasons
s3856,1 Season,1,Seasons
s3857,1 Season,1,Seasons
s3858,86 min,86,min
s3859,125 min,125,min
s3860,40 min,40,min
s3861,1 Season,1,Seasons
s3862,2 Seasons,2,Seasons
s3863,79 min,79,min
s3864,110 min,110,min
s3865,1 Season,1,Seasons
s3866,128 min,128,min
s3867,110 min,110,min
s3868,1 Season,1,Seasons
s3869,116 min,116,min
s3870,119 min,119,min
s3871,2 Seasons,2,Seasons
s3872,90 min,90,min
s3873,88 min,88,min
s3874,104 min,104,min
s3875,140 min,140,min
s3876,92 min,92,min
s3877,1 Season,1,Seasons
s3878,64 min,64,min
s3879,1 Season,1,Seasons
s3880,1 Season,1,Seasons
s3881,1 Season,1,Seasons
s3882,1 Season,1,Seasons
s3883,1 Season,1,Seasons
s3884,1 Season,1,Seasons
s3885,3 Seasons,3,Seasons
s3886,119 min,119,min
s3887,5 Seasons,5,Seasons
s3888,1 Season,1,Seasons
s3889,91 min,91,min
s3890,122 min,122,min
s3891,125 min,125,min
s3892,49 min,49,min
s3893,1 Season,1,Seasons
s3894,1 Season,1,Seasons
s3895,168 min,168,min
s3896,98 min,98,min
s3897,77 min,77,min
s3898,1 Season,1,Seasons
s3899,1 Season,1,Seasons
s3900,102 min,102,min
s3901,1 Season,1,Seasons
s3902,1 Season,1,Seasons
s3903,2 Seasons,2,Seasons
s3904,92 min,92,min
s3905,111 min,111,min
s3906,113 min,113,min
s3907,54 min,54,min
s3908,138 min,138,min
s3909,123 min,123,min
s3910,59 min,59,min
s3911,102 min,102,min
s3912,141 min,141,min
s3913,95 min,95,min
s3914,111 min,111,min
s3915,131 min,131,min
s3916,116 min,116,min
s3917,119 min,119,min
s3918,146 min,146,min
s3919,101 min,101,min
s3920,87 min,87,min
s3921,4 Seasons,4,Seasons
s3922,94 min,94,min
s3923,133 min,133,min
s3924,135 min,135,min
s3925,61 min,61,min
s3926,1 Season,1,Seasons
s3927,91 min,91,min
s3928,7 Seasons,7,Seasons
s3929,1 Season,1,Seasons
s3930,59 min,59,min
s3931,91 min,91,min
s3932,1 Season,1,Seasons
s3933,131 min,131,min
s3934,170 min,170,min
s3935,1 Season,1,Seasons
s3936,88 min,88,min
s3937,3 Seasons,3,Seasons
s3938,2 Seasons,2,Seasons
s3939,1 Season,1,Seasons
s3940,170 min,170,min
s3941,1 Season,1,Seasons
s3942,1 Season,1,Seasons
s3943,3 Seasons,3,Seasons
s3944,8 Seasons,8,Seasons
s3945,1 Season,1,Seasons
s3946,92 min,92,min
s3947,1 Season,1,Seasons
s3948,59 min,59,min
s3949,126 min,126,min
s3950,1 Season,1,Seasons
s3951,120 min,120,min
s3952,76 min,76,min
s3953,60 min,60,min
s3954,1 Season,1,Seasons
s3955,103 min,103,min
s3956,124 min,124,min
s3957,1 Season,1,Seasons
s3958,91 min,91,min
s3959,1 Season,1,Seasons
s3960,88 min,88,min
s3961,81 min,81,min
s3962,1 Season,1,Seasons
s3963,124 min,124,min
s3964,102 min,102,min
s3965,1 Season,1,Seasons
s3966,3 Seasons,3,Seasons
s3967,132 min,132,min
s3968,87 min,87,min
s3969,1 Season,1,Seasons
s3970,1 Season,1,Seasons
s3971,3 Seasons,3,Seasons
s3972,2 Seasons,2,Seasons
s3973,75 min,75,min
s3974,126 min,126,min
s3975,61 min,61,min
s3976,126 min,126,min
s3977,1 Season,1,Seasons
s3978,108 min,108,min
s3979,100 min,100,min
s3980,1 Season,1,Seasons
s3981,1 Season,1,Seasons
s3982,1 Season,1,Seasons
s3983,129 min,129,min
s3984,71 min,71,min
s3985,1 Season,1,Seasons
s3986,108 min,108,min
s3987,2 Seasons,2,Seasons
s3988,60 min,60,min
s3989,1 Season,1,Seasons
s3990,1 Season,1,Seasons
s3991,105 min,105,min
s3992,115 min,115,min
s3993,118 min,118,min
s3994,130 min,130,min
s3995,115 min,115,min
s3996,69 min,69,min
s3997,1 Season,1,Seasons
s3998,97 min,97,min
s3999,1 Season,1,Seasons
s4000,61 min,61,min
s4001,92 min,92,min
s4002,1 Season,1,Seasons
s4003,108 min,108,min
s4004,104 min,104,min
s4005,65 min,65,min
s4006,106 min,106,min
s4007,1 Season,1,Seasons
s4008,69 min,69,min
s4009,97 min,97,min
s4010,80 min,80,min
s4011,85 min,85,min
s4012,98 min,98,min
s4013,1 Season,1,Seasons
s4014,115 min,115,min
s4015,2 Seasons,2,Seasons
s4016,1 Season,1,Seasons
s4017,1 Season,1,Seasons
s4018,117 min,117,min
s4019,132 min,132,min
s4020,127 min,127,min
s4021,125 min,125,min
s4022,128 min,128,min
s4023,1 Season,1,Seasons
s4024,1 Season,1,Seasons
s4025,126 min,126,min
s4026,58 min,58,min
s4027,1 Season,1,Seasons
s4028,1 Season,1,Seasons
s4029,3 Seasons,3,Seasons
s4030,1 Season,1,Seasons
s4031,1 Season,1,Seasons
s4032,116 min,116,min
s4033,1 Season,1,Seasons
s4034,90 min,90,min
s4035,111 min,111,min
s4036,1 Season,1,Seasons
s4037,100 min,100,min
s4038,99 min,99,min
s4039,105 min,105,min
s4040,128 min,128,min
s4041,91 min,91,min
s4042,127 min,127,min
s4043,1 Season,1,Seasons
s4044,2 Seasons,2,Seasons
s4045,1 Season,1,Seasons
s4046,94 min,94,min
s4047,124 min,124,min
s4048,103 min,103,min
s4049,118 min,118,min
s4050,162 min,162,min
s4051,89 min,89,min
s4052,89 min,89,min
s4053,108 min,108,min
s4054,103 min,103,min
s4055,1 Season,1,Seasons
s4056,2 Seasons,2,Seasons
s4057,1 Season,1,Seasons
s4058,1 Season,1,Seasons
s4059,87 min,87,min
s4060,93 min,93,min
s4061,90 min,90,min
s4062,131 min,131,min
s4063,114 min,114,min
s4064,3 Seasons,3,Seasons
s4065,107 min,107,min
s4066,97 min,97,min
s4067,103 min,103,min
s4068,125 min,125,min
s4069,130 min,130,min
s4070,119 min,119,min
s4071,110 min,110,min
s4072,120 min,120,min
s4073,102 min,102,min
s4074,125 min,125,min
s4075,127 min,127,min
s4076,121 min,121,min
s4077,113 min,113,min
s4078,118 min,118,min
s4079,132 min,132,min
s4080,1 Season,1,Seasons
s4081,61 min,61,min
s4082,80 min,80,min
s4083,110 min,110,min
s4084,70 min,70,min
s4085,6 Seasons,6,Seasons
s4086,117 min,117,min
s4087,89 min,89,min
s4088,84 min,84,min
s4089,131 min,131,min
s4090,2 Seasons,2,Seasons
s4091,2 Seasons,2,Seasons
s4092,139 min,139,min
s4093,42 min,42,min
s4094,79 min,79,min
s4095,96 min,96,min
s4096,114 min,114,min
s4097,99 min,99,min
s4098,111 min,111,min
s4099,112 min,112,min
s4100,96 min,96,min
s4101,103 min,103,min
s4102,104 min,104,min
s4103,102 min,102,min
s4104,97 min,97,min
s4105,1 Season,1,Seasons
s4106,1 Season,1,Seasons
s4107,132 min,132,min
s4108,120 min,120,min
s4109,137 min,137,min
s4110,1 Season,1,Seasons
s4111,82 min,82,min
s4112,1 Season,1,Seasons
s4113,115 min,115,min
s4114,130 min,130,min
s4115,3 Seasons,3,Seasons
s4116,62 min,62,min
s4117,2 Seasons,2,Seasons
s4118,26 min,26,min
s4119,1 Season,1,Seasons
s4120,2 Seasons,2,Seasons
s4121,91 min,91,min
s4122,63 min,63,min
s4123,3 Seasons,3,Seasons
s4124,74 min,74,min
s4125,136 min,136,min
s4126,1 Season,1,Seasons
s4127,1 Season,1,Seasons
s4128,1 Season,1,Seasons
s4129,59 min,59,min
s4130,1 Season,1,Seasons
s4131,1 Season,1,Seasons
s4132,1 Season,1,Seasons
s4133,1 Season,1,Seasons
s4134,91 min,91,min
s4135,93 min,93,min
s4136,84 min,84,min
s4137,100 min,100,min
s4138,51 min,51,min
s4139,22 min,22,min
s4140,22 min,22,min
s4141,22 min,22,min
s4142,2 Seasons,2,Seasons
s4143,1 Season,1,Seasons
s4144,1 Season,1,Seasons
s4145,1 Season,1,Seasons
s4146,24 min,24,min
s4147,113 min,113,min
s4148,110 min,110,min
s4149,120 min,120,min
s4150,1 Season,1,Seasons
s4151,56 min,56,min
s4152,127 min,127,min
s4153,74 min,74,min
s4154,91 min,91,min
s4155,137 min,137,min
s4156,86 min,86,min
s4157,106 min,106,min
s4158,125 min,125,min
s4159,114 min,114,min
s4160,143 min,143,min
s4161,121 min,121,min
s4162,119 min,119,min
s4163,1 Season,1,Seasons
s4164,5 Seasons,5,Seasons
s4165,150 min,150,min
s4166,88 min,88,min
s4167,1 Season,1,Seasons
s4168,4 Seasons,4,Seasons
s4169,1 Season,1,Seasons
s4170,105 min,105,min
s4171,119 min,119,min
s4172,1 Season,1,Seasons
s4173,1 Season,1,Seasons
s4174,96 min,96,min
s4175,1 Season,1,Seasons
s4176,95 min,95,min
s4177,98 min,98,min
s4178,96 min,96,min
s4179,2 Seasons,2,Seasons
s4180,1 Season,1,Seasons
s4181,96 min,96,min
s4182,90 min,90,min
s4183,97 min,97,min
s4184,3 Seasons,3,Seasons
s4185,1 Season,1,Seasons
s4186,90 min,90,min
s4187,88 min,88,min
s4188,105 min,105,min
s4189,127 min,127,min
s4190,1 Season,1,Seasons
s4191,125 min,125,min
s4192,116 min,116,min
s4193,102 min,102,min
s4194,65 min,65,min
s4195,106 min,106,min
s4196,117 min,117,min
s4197,1 Season,1,Seasons
s4198,136 min,136,min
s4199,104 min,104,min
s4200,1 Season,1,Seasons
s4201,2 Seasons,2,Seasons
s4202,4 Seasons,4,Seasons
s4203,2 Seasons,2,Seasons
s4204,65 min,65,min
s4205,91 min,91,min
s4206,99 min,99,min
s4207,4 Seasons,4,Seasons
s4208,1 Season,1,Seasons
s4209,91 min,91,min
s4210,117 min,117,min
s4211,95 min,95,min
s4212,101 min,101,min
s4213,102 min,102,min
s4214,122 min,122,min
s4215,95 min,95,min
s4216,1 Season,1,Seasons
s4217,1 Season,1,Seasons
s4218,92 min,92,min
s4219,3 Seasons,3,Seasons
s4220,111 min,111,min
s4221,13 Seasons,13,Seasons
s4222,115 min,115,min
s4223,61 min,61,min
s4224,97 min,97,min
s4225,120 min,120,min
s4226,148 min,148,min
s4227,2 Seasons,2,Seasons
s4228,1 Season,1,Seasons
s4229,48 min,48,min
s4230,28 min,28,min
s4231,34 min,34,min
s4232,61 min,61,min
s4233,56 min,56,min
s4234,81 min,81,min
s4235,68 min,68,min
s4236,58 min,58,min
s4237,100 min,100,min
s4238,50 min,50,min
s4239,49 min,49,min
s4240,71 min,71,min
s4241,29 min,29,min
s4242,108 min,108,min
s4243,125 min,125,min
s4244,100 min,100,min
s4245,30 min,30,min
s4246,30 min,30,min
s4247,146 min,146,min
s4248,127 min,127,min
s4249,46 min,46,min
s4250,57 min,57,min
s4251,1 Season,1,Seasons
s4252,1 Season,1,Seasons
s4253,122 min,122,min
s4254,312 min,312,min
s4255,1 Season,1,Seasons
s4256,109 min,109,min
s4257,1 Season,1,Seasons
s4258,1 Season,1,Seasons
s4259,73 min,73,min
s4260,96 min,96,min
s4261,1 Season,1,Seasons
s4262,1 Season,1,Seasons
s4263,1 Season,1,Seasons
s4264,1 Season,1,Seasons
s4265,5 Seasons,5,Seasons
s4266,1 Season,1,Seasons
s4267,1 Season,1,Seasons
s4268,105 min,105,min
s4269,124 min,124,min
s4270,1 Season,1,Seasons
s4271,2 Seasons,2,Seasons
s4272,1 Season,1,Seasons
s4273,1 Season,1,Seasons
s4274,1 Season,1,Seasons
s4275,1 Season,1,Seasons
s4276,105 min,105,min
s4277,1 Season,1,Seasons
s4278,78 min,78,min
s4279,22 min,22,min
s4280,2 Seasons,2,Seasons
s4281,95 min,95,min
s4282,82 min,82,min
s4283,89 min,89,min
s4284,90 min,90,min
s4285,1 Season,1,Seasons
s4286,85 min,85,min
s4287,29 min,29,min
s4288,137 min,137,min
s4289,1 Season,1,Seasons
s4290,27 min,27,min
s4291,1 Season,1,Seasons
s4292,112 min,112,min
s4293,112 min,112,min
s4294,153 min,153,min
s4295,123 min,123,min
s4296,90 min,90,min
s4297,2 Seasons,2,Seasons
s4298,84 min,84,min
s4299,78 min,78,min
s4300,79 min,79,min
s4301,73 min,73,min
s4302,83 min,83,min
s4303,83 min,83,min
s4304,145 min,145,min
s4305,1 Season,1,Seasons
s4306,1 Season,1,Seasons
s4307,135 min,135,min
s4308,1 Season,1,Seasons
s4309,1 Season,1,Seasons
s4310,1 Season,1,Seasons
s4311,3 Seasons,3,Seasons
s4312,8 Seasons,8,Seasons
s4313,1 Season,1,Seasons
s4314,35 min,35,min
s4315,68 min,68,min
s4316,96 min,96,min
s4317,1 Season,1,Seasons
s4318,110 min,110,min
s4319,58 min,58,min
s4320,105 min,105,min
s4321,2 Seasons,2,Seasons
s4322,1 Season,1,Seasons
s4323,59 min,59,min
s4324,28 min,28,min
s4325,98 min,98,min
s4326,63 min,63,min
s4327,2 Seasons,2,Seasons
s4328,1 Season,1,Seasons
s4329,155 min,155,min
s4330,122 min,122,min
s4331,87 min,87,min
s4332,73 min,73,min
s4333,98 min,98,min
s4334,130 min,130,min
s4335,105 min,105,min
s4336,110 min,110,min
s4337,81 min,81,min
s4338,115 min,115,min
s4339,113 min,113,min
s4340,146 min,146,min
s4341,1 Season,1,Seasons
s4342,118 min,118,min
s4343,109 min,109,min
s4344,117 min,117,min
s4345,23 min,23,min
s4346,95 min,95,min
s4347,124 min,124,min
s4348,90 min,90,min
s4349,96 min,96,min
s4350,96 min,96,min
s4351,1 Season,1,Seasons
s4352,93 min,93,min
s4353,30 min,30,min
s4354,1 Season,1,Seasons
s4355,82 min,82,min
s4356,127 min,127,min
s4357,1 Season,1,Seasons
s4358,114 min,114,min
s4359,119 min,119,min
s4360,2 Seasons,2,Seasons
s4361,101 min,101,min
s4362,96 min,96,min
s4363,1 Season,1,Seasons
s4364,1 Season,1,Seasons
s4365,44 min,44,min
s4366,3 Seasons,3,Seasons
s4367,1 Season,1,Seasons
s4368,2 Seasons,2,Seasons
s4369,2 Seasons,2,Seasons
s4370,104 min,104,min
s4371,91 min,91,min
s4372,1 Season,1,Seasons
s4373,1 Season,1,Seasons
s4374,91 min,91,min
s4375,114 min,114,min
s4376,91 min,91,min
s4377,1 Season,1,Seasons
s4378,64 min,64,min
s4379,89 min,89,min
s4380,1 Season,1,Seasons
s4381,1 Season,1,Seasons
s4382,1 Season,1,Seasons
s4383,95 min,95,min
s4384,94 min,94,min
s4385,2 Seasons,2,Seasons
s4386,133 min,133,min
s4387,102 min,102,min
s4388,1 Season,1,Seasons
s4389,122 min,122,min
s4390,1 Season,1,Seasons
s4391,86 min,86,min
s4392,111 min,111,min
s4393,111 min,111,min
s4394,136 min,136,min
s4395,121 min,121,min
s4396,119 min,119,min
s4397,115 min,115,min
s4398,128 min,128,min
s4399,92 min,92,min
s4400,1 Season,1,Seasons
s4401,1 Season,1,Seasons
s4402,99 min,99,min
s4403,106 min,106,min
s4404,1 Season,1,Seasons
s4405,122 min,122,min
s4406,1 Season,1,Seasons
s4407,1 Season,1,Seasons
s4408,2 Seasons,2,Seasons
s4409,1 Season,1,Seasons
s4410,1 Season,1,Seasons
s4411,1 Season,1,Seasons
s4412,129 min,129,min
s4413,90 min,90,min
s4414,7 Seasons,7,Seasons
s4415,116 min,116,min
s4416,1 Season,1,Seasons
s4417,59 min,59,min
s4418,95 min,95,min
s4419,122 min,122,min
s4420,98 min,98,min
s4421,117 min,117,min
s4422,95 min,95,min
s4423,146 min,146,min
s4424,136 min,136,min
s4425,91 min,91,min
s4426,123 min,123,min
s4427,144 min,144,min
s4428,121 min,121,min
s4429,91 min,91,min
s4430,158 min,158,min
s4431,2 Seasons,2,Seasons
s4432,157 min,157,min
s4433,124 min,124,min
s4434,106 min,106,min
s4435,92 min,92,min
s4436,80 min,80,min
s4437,3 Seasons,3,Seasons
s4438,126 min,126,min
s4439,129 min,129,min
s4440,133 min,133,min
s4441,109 min,109,min
s4442,143 min,143,min
s4443,140 min,140,min
s4444,150 min,150,min
s4445,128 min,128,min
s4446,120 min,120,min
s4447,154 min,154,min
s4448,45 min,45,min
s4449,132 min,132,min
s4450,126 min,126,min
s4451,95 min,95,min
s4452,135 min,135,min
s4453,139 min,139,min
s4454,131 min,131,min
s4455,118 min,118,min
s4456,129 min,129,min
s4457,131 min,131,min
s4458,146 min,146,min
s4459,123 min,123,min
s4460,141 min,141,min
s4461,93 min,93,min
s4462,1 Season,1,Seasons
s4463,91 min,91,min
s4464,106 min,106,min
s4465,131 min,131,min
s4466,95 min,95,min
s4467,104 min,104,min
s4468,126 min,126,min
s4469,118 min,118,min
s4470,2 Seasons,2,Seasons
s4471,94 min,94,min
s4472,100 min,100,min
s4473,126 min,126,min
s4474,90 min,90,min
s4475,87 min,87,min
s4476,97 min,97,min
s4477,1 Season,1,Seasons
s4478,115 min,115,min
s4479,1 Season,1,Seasons
s4480,2 Seasons,2,Seasons
s4481,93 min,93,min
s4482,138 min,138,min
s4483,74 min,74,min
s4484,1 Season,1,Seasons
s4485,102 min,102,min
s4486,3 Seasons,3,Seasons
s4487,104 min,104,min
s4488,1 Season,1,Seasons
s4489,1 Season,1,Seasons
s4490,1 Season,1,Seasons
s4491,51 min,51,min
s4492,50 min,50,min
s4493,86 min,86,min
s4494,140 min,140,min
s4495,2 Seasons,2,Seasons
s4496,3 Seasons,3,Seasons
s4497,122 min,122,min
s4498,23 min,23,min
s4499,4 Seasons,4,Seasons
s4500,95 min,95,min
s4501,121 min,121,min
s4502,1 Season,1,Seasons
s4503,131 min,131,min
s4504,2 Seasons,2,Seasons
s4505,5 Seasons,5,Seasons
s4506,63 min,63,min
s4507,150 min,150,min
s4508,159 min,159,min
s4509,1 Season,1,Seasons
s4510,131 min,131,min
s4511,130 min,130,min
s4512,2 Seasons,2,Seasons
s4513,99 min,99,min
s4514,86 min,86,min
s4515,1 Season,1,Seasons
s4516,106 min,106,min
s4517,57 min,57,min
s4518,1 Season,1,Seasons
s4519,1 Season,1,Seasons
s4520,97 min,97,min
s4521,1 Season,1,Seasons
s4522,1 Season,1,Seasons
s4523,144 min,144,min
s4524,1 Season,1,Seasons
s4525,110 min,110,min
s4526,57 min,57,min
s4527,119 min,119,min
s4528,4 Seasons,4,Seasons
s4529,94 min,94,min
s4530,1 Season,1,Seasons
s4531,1 Season,1,Seasons
s4532,1 Season,1,Seasons
s4533,89 min,89,min
s4534,124 min,124,min
s4535,25 min,25,min
s4536,1 Season,1,Seasons
s4537,1 Season,1,Seasons
s4538,121 min,121,min
s4539,88 min,88,min
s4540,111 min,111,min
s4541,81 min,81,min
s4542,64 min,64,min
s4543,1 Season,1,Seasons
s4544,55 min,55,min
s4545,137 min,137,min
s4546,56 min,56,min
s4547,58 min,58,min
s4548,80 min,80,min
s4549,94 min,94,min
s4550,1 Season,1,Seasons
s4551,1 Season,1,Seasons
s4552,4 Seasons,4,Seasons
s4553,94 min,94,min
s4554,1 Season,1,Seasons
s4555,72 min,72,min
s4556,60 min,60,min
s4557,140 min,140,min
s4558,91 min,91,min
s4559,97 min,97,min
s4560,146 min,146,min
s4561,118 min,118,min
s4562,128 min,128,min
s4563,137 min,137,min
s4564,145 min,145,min
s4565,141 min,141,min
s4566,106 min,106,min
s4567,135 min,135,min
s4568,137 min,137,min
s4569,129 min,129,min
s4570,99 min,99,min
s4571,1 Season,1,Seasons
s4572,155 min,155,min
s4573,142 min,142,min
s4574,214 min,214,min
s4575,137 min,137,min
s4576,128 min,128,min
s4577,151 min,151,min
s4578,121 min,121,min
s4579,101 min,101,min
s4580,145 min,145,min
s4581,147 min,147,min
s4582,90 min,90,min
s4583,129 min,129,min
s4584,129 min,129,min
s4585,136 min,136,min
s4586,117 min,117,min
s4587,150 min,150,min
s4588,134 min,134,min
s4589,100 min,100,min
s4590,44 min,44,min
s4591,44 min,44,min
s4592,111 min,111,min
s4593,147 min,147,min
s4594,115 min,115,min
s4595,121 min,121,min
s4596,103 min,103,min
s4597,73 min,73,min
s4598,129 min,129,min
s4599,102 min,102,min
s4600,122 min,122,min
s4601,155 min,155,min
s4602,139 min,139,min
s4603,131 min,131,min
s4604,127 min,127,min
s4605,1 Season,1,Seasons
s4606,156 min,156,min
s4607,91 min,91,min
s4608,132 min,132,min
s4609,1 Season,1,Seasons
s4610,130 min,130,min
s4611,137 min,137,min
s4612,156 min,156,min
s4613,132 min,132,min
s4614,119 min,119,min
s4615,140 min,140,min
s4616,126 min,126,min
s4617,107 min,107,min
s4618,111 min,111,min
s4619,130 min,130,min
s4620,126 min,126,min
s4621,24 min,24,min
s4622,1 Season,1,Seasons
s4623,2 Seasons,2,Seasons
s4624,3 Seasons,3,Seasons
s4625,108 min,108,min
s4626,117 min,117,min
s4627,101 min,101,min
s4628,1 Season,1,Seasons
s4629,1 Season,1,Seasons
s4630,1 Season,1,Seasons
s4631,124 min,124,min
s4632,63 min,63,min
s4633,1 Season,1,Seasons
s4634,1 Season,1,Seasons
s4635,1 Season,1,Seasons
s4636,1 Season,1,Seasons
s4637,2 Seasons,2,Seasons
s4638,1 Season,1,Seasons
s4639,2 Seasons,2,Seasons
s4640,1 Season,1,Seasons
s4641,1 Season,1,Seasons
s4642,114 min,114,min
s4643,98 min,98,min
s4644,1 Season,1,Seasons
s4645,100 min,100,min
s4646,1 Season,1,Seasons
s4647,100 min,100,min
s4648,1 Season,1,Seasons
s4649,1 Season,1,Seasons
s4650,123 min,123,min
s4651,2 Seasons,2,Seasons
s4652,1 Season,1,Seasons
s4653,1 Season,1,Seasons
s4654,77 min,77,min
s4655,1 Season,1,Seasons
s4656,2 Seasons,2,Seasons
s4657,106 min,106,min
s4658,106 min,106,min
s4659,2 Seasons,2,Seasons
s4660,102 min,102,min
s4661,146 min,146,min
s4662,96 min,96,min
s4663,1 Season,1,Seasons
s4664,3 Seasons,3,Seasons
s4665,1 Season,1,Seasons
s4666,104 min,104,min
s4667,109 min,109,min
s4668,110 min,110,min
s4669,110 min,110,min
s4670,101 min,101,min
s4671,1 Season,1,Seasons
s4672,94 min,94,min
s4673,1 Season,1,Seasons
s4674,1 Season,1,Seasons
s4675,2 Seasons,2,Seasons
s4676,101 min,101,min
s4677,3 Seasons,3,Seasons
s4678,3 Seasons,3,Seasons
s4679,1 Season,1,Seasons
s4680,141 min,141,min
s4681,120 min,120,min
s4682,140 min,140,min
s4683,1 Season,1,Seasons
s4684,50 min,50,min
s4685,57 min,57,min
s4686,1 Season,1,Seasons
s4687,31 min,31,min
s4688,1 Season,1,Seasons
s4689,90 min,90,min
s4690,1 Season,1,Seasons
s4691,110 min,110,min
s4692,162 min,162,min
s4693,139 min,139,min
s4694,130 min,130,min
s4695,145 min,145,min
s4696,33 min,33,min
s4697,1 Season,1,Seasons
s4698,114 min,114,min
s4699,100 min,100,min
s4700,54 min,54,min
s4701,150 min,150,min
s4702,105 min,105,min
s4703,1 Season,1,Seasons
s4704,1 Season,1,Seasons
s4705,1 Season,1,Seasons
s4706,124 min,124,min
s4707,95 min,95,min
s4708,12 min,12,min
s4709,104 min,104,min
s4710,5 Seasons,5,Seasons
s4711,1 Season,1,Seasons
s4712,1 Season,1,Seasons
s4713,143 min,143,min
s4714,127 min,127,min
s4715,100 min,100,min
s4716,74 min,74,min
s4717,1 Season,1,Seasons
s4718,3 Seasons,3,Seasons
s4719,104 min,104,min
s4720,148 min,148,min
s4721,127 min,127,min
s4722,158 min,158,min
s4723,124 min,124,min
s4724,163 min,163,min
s4725,121 min,121,min
s4726,154 min,154,min
s4727,127 min,127,min
s4728,128 min,128,min
s4729,98 min,98,min
s4730,109 min,109,min
s4731,168 min,168,min
s4732,162 min,162,min
s4733,159 min,159,min
s4734,137 min,137,min
s4735,133 min,133,min
s4736,127 min,127,min
s4737,131 min,131,min
s4738,90 min,90,min
s4739,1 Season,1,Seasons
s4740,88 min,88,min
s4741,87 min,87,min
s4742,1 Season,1,Seasons
s4743,1 Season,1,Seasons
s4744,2 Seasons,2,Seasons
s4745,2 Seasons,2,Seasons
s4746,82 min,82,min
s4747,86 min,86,min
s4748,6 Seasons,6,Seasons
s4749,100 min,100,min
s4750,57 min,57,min
s4751,3 Seasons,3,Seasons
s4752,95 min,95,min
s4753,1 Season,1,Seasons
s4754,101 min,101,min
s4755,1 Season,1,Seasons
s4756,124 min,124,min
s4757,72 min,72,min
s4758,93 min,93,min
s4759,1 Season,1,Seasons
s4760,1 Season,1,Seasons
s4761,92 min,92,min
s4762,95 min,95,min
s4763,4 Seasons,4,Seasons
s4764,1 Season,1,Seasons
s4765,2 Seasons,2,Seasons
s4766,133 min,133,min
s4767,85 min,85,min
s4768,1 Season,1,Seasons
s4769,105 min,105,min
s4770,101 min,101,min
s4771,88 min,88,min
s4772,2 Seasons,2,Seasons
s4773,1 Season,1,Seasons
s4774,113 min,113,min
s4775,71 min,71,min
s4776,75 min,75,min
s4777,2 Seasons,2,Seasons
s4778,2 Seasons,2,Seasons
s4779,2 Seasons,2,Seasons
s4780,1 Season,1,Seasons
s4781,2 Seasons,2,Seasons
s4782,66 min,66,min
s4783,83 min,83,min
s4784,110 min,110,min
s4785,88 min,88,min
s4786,77 min,77,min
s4787,58 min,58,min
s4788,69 min,69,min
s4789,61 min,61,min
s4790,88 min,88,min
s4791,122 min,122,min
s4792,60 min,60,min
s4793,166 min,166,min
s4794,107 min,107,min
s4795,94 min,94,min
s4796,87 min,87,min
s4797,92 min,92,min
s4798,130 min,130,min
s4799,15 Seasons,15,Seasons
s4800,88 min,88,min
s4801,128 min,128,min
s4802,96 min,96,min
s4803,94 min,94,min
s4804,69 min,69,min
s4805,1 Season,1,Seasons
s4806,90 min,90,min
s4807,101 min,101,min
s4808,1 Season,1,Seasons
s4809,77 min,77,min
s4810,1 Season,1,Seasons
s4811,89 min,89,min
s4812,90 min,90,min
s4813,98 min,98,min
s4814,1 Season,1,Seasons
s4815,66 min,66,min
s4816,1 Season,1,Seasons
s4817,103 min,103,min
s4818,95 min,95,min
s4819,1 Season,1,Seasons
s4820,89 min,89,min
s4821,74 min,74,min
s4822,2 Seasons,2,Seasons
s4823,119 min,119,min
s4824,70 min,70,min
s4825,1 Season,1,Seasons
s4826,121 min,121,min
s4827,106 min,106,min
s4828,74 min,74,min
s4829,106 min,106,min
s4830,113 min,113,min
s4831,119 min,119,min
s4832,1 Season,1,Seasons
s4833,1 Season,1,Seasons
s4834,100 min,100,min
s4835,110 min,110,min
s4836,66 min,66,min
s4837,1 Season,1,Seasons
s4838,4 Seasons,4,Seasons
s4839,2 Seasons,2,Seasons
s4840,126 min,126,min
s4841,130 min,130,min
s4842,1 Season,1,Seasons
s4843,110 min,110,min
s4844,85 min,85,min
s4845,4 Seasons,4,Seasons
s4846,5 Seasons,5,Seasons
s4847,1 Season,1,Seasons
s4848,117 min,117,min
s4849,1 Season,1,Seasons
s4850,63 min,63,min
s4851,94 min,94,min
s4852,74 min,74,min
s4853,3 Seasons,3,Seasons
s4854,1 Season,1,Seasons
s4855,58 min,58,min
s4856,117 min,117,min
s4857,1 Season,1,Seasons
s4858,4 Seasons,4,Seasons
s4859,89 min,89,min
s4860,66 min,66,min
s4861,158 min,158,min
s4862,100 min,100,min
s4863,1 Season,1,Seasons
s4864,64 min,64,min
s4865,92 min,92,min
s4866,3 Seasons,3,Seasons
s4867,63 min,63,min
s4868,1 Season,1,Seasons
s4869,105 min,105,min
s4870,1 Season,1,Seasons
s4871,67 min,67,min
s4872,91 min,91,min
s4873,92 min,92,min
s4874,87 min,87,min
s4875,1 Season,1,Seasons
s4876,100 min,100,min
s4877,113 min,113,min
s4878,40 min,40,min
s4879,105 min,105,min
s4880,2 Seasons,2,Seasons
s4881,94 min,94,min
s4882,109 min,109,min
s4883,99 min,99,min
s4884,89 min,89,min
s4885,92 min,92,min
s4886,105 min,105,min
s4887,130 min,130,min
s4888,69 min,69,min
s4889,98 min,98,min
s4890,90 min,90,min
s4891,65 min,65,min
s4892,92 min,92,min
s4893,19 min,19,min
s4894,25 min,25,min
s4895,22 min,22,min
s4896,40 min,40,min
s4897,22 min,22,min
s4898,24 min,24,min
s4899,1 Season,1,Seasons
s4900,101 min,101,min
s4901,1 Season,1,Seasons
s4902,90 min,90,min
s4903,96 min,96,min
s4904,1 Season,1,Seasons
s4905,115 min,115,min
s4906,92 min,92,min
s4907,1 Season,1,Seasons
s4908,93 min,93,min
s4909,2 Seasons,2,Seasons
s4910,95 min,95,min
s4911,1 Season,1,Seasons
s4912,105 min,105,min
s4913,117 min,117,min
s4914,1 Season,1,Seasons
s4915,1 Season,1,Seasons
s4916,66 min,66,min
s4917,97 min,97,min
s4918,78 min,78,min
s4919,102 min,102,min
s4920,62 min,62,min
s4921,97 min,97,min
s4922,105 min,105,min
s4923,79 min,79,min
s4924,90 min,90,min
s4925,1 Season,1,Seasons
s4926,1 Season,1,Seasons
s4927,1 Season,1,Seasons
s4928,107 min,107,min
s4929,105 min,105,min
s4930,99 min,99,min
s4931,2 Seasons,2,Seasons
s4932,108 min,108,min
s4933,66 min,66,min
s4934,1 Season,1,Seasons
s4935,75 min,75,min
s4936,96 min,96,min
s4937,95 min,95,min
s4938,32 min,32,min
s4939,70 min,70,min
s4940,94 min,94,min
s4941,78 min,78,min
s4942,1 Season,1,Seasons
s4943,3 Seasons,3,Seasons
s4944,91 min,91,min
s4945,75 min,75,min
s4946,105 min,105,min
s4947,7 Seasons,7,Seasons
s4948,96 min,96,min
s4949,132 min,132,min
s4950,1 Season,1,Seasons
s4951,60 min,60,min
s4952,1 Season,1,Seasons
s4953,171 min,171,min
s4954,116 min,116,min
s4955,169 min,169,min
s4956,134 min,134,min
s4957,159 min,159,min
s4958,2 Seasons,2,Seasons
s4959,87 min,87,min
s4960,103 min,103,min
s4961,78 min,78,min
s4962,1 Season,1,Seasons
s4963,62 min,62,min
s4964,97 min,97,min
s4965,12 Seasons,12,Seasons
s4966,102 min,102,min
s4967,95 min,95,min
s4968,1 Season,1,Seasons
s4969,1 Season,1,Seasons
s4970,115 min,115,min
s4971,102 min,102,min
s4972,99 min,99,min
s4973,74 min,74,min
s4974,1 Season,1,Seasons
s4975,100 min,100,min
s4976,150 min,150,min
s4977,2 Seasons,2,Seasons
s4978,87 min,87,min
s4979,1 Season,1,Seasons
s4980,88 min,88,min
s4981,1 Season,1,Seasons
s4982,63 min,63,min
s4983,129 min,129,min
s4984,91 min,91,min
s4985,1 Season,1,Seasons
s4986,1 Season,1,Seasons
s4987,115 min,115,min
s4988,140 min,140,min
s4989,1 Season,1,Seasons
s4990,79 min,79,min
s4991,104 min,104,min
s4992,1 Season,1,Seasons
s4993,1 Season,1,Seasons
s4994,121 min,121,min
s4995,1 Season,1,Seasons
s4996,40 min,40,min
s4997,94 min,94,min
s4998,1 Season,1,Seasons
s4999,58 min,58,min
s5000,78 min,78,min
s5001,1 Season,1,Seasons
s5002,51 min,51,min
s5003,69 min,69,min
s5004,104 min,104,min
s5005,1 Season,1,Seasons
s5006,59 min,59,min
s5007,94 min,94,min
s5008,166 min,166,min
s5009,155 min,155,min
s5010,145 min,145,min
s5011,106 min,106,min
s5012,94 min,94,min
s5013,127 min,127,min
s5014,87 min,87,min
s5015,185 min,185,min
s5016,75 min,75,min
s5017,89 min,89,min
s5018,81 min,81,min
s5019,47 min,47,min
s5020,46 min,46,min
s5021,125 min,125,min
s5022,160 min,160,min
s5023,110 min,110,min
s5024,69 min,69,min
s5025,67 min,67,min
s5026,105 min,105,min
s5027,1 Season,1,Seasons
s5028,2 Seasons,2,Seasons
s5029,127 min,127,min
s5030,1 Season,1,Seasons
s5031,1 Season,1,Seasons
s5032,109 min,109,min
s5033,2 Seasons,2,Seasons
s5034,134 min,134,min
s5035,60 min,60,min
s5036,6 Seasons,6,Seasons
s5037,1 Season,1,Seasons
s5038,96 min,96,min
s5039,1 Season,1,Seasons
s5040,65 min,65,min
s5041,133 min,133,min
s5042,96 min,96,min
s5043,95 min,95,min
s5044,24 min,24,min
s5045,97 min,97,min
s5046,65 min,65,min
s5047,1 Season,1,Seasons
s5048,102 min,102,min
s5049,1 Season,1,Seasons
s5050,53 min,53,min
s5051,116 min,116,min
s5052,102 min,102,min
s5053,86 min,86,min
s5054,117 min,117,min
s5055,8 Seasons,8,Seasons
s5056,96 min,96,min
s5057,69 min,69,min
s5058,1 Season,1,Seasons
s5059,108 min,108,min
s5060,102 min,102,min
s5061,61 min,61,min
s5062,57 min,57,min
s5063,49 min,49,min
s5064,6 Seasons,6,Seasons
s5065,87 min,87,min
s5066,1 Season,1,Seasons
s5067,59 min,59,min
s5068,63 min,63,min
s5069,69 min,69,min
s5070,2 Seasons,2,Seasons
s5071,1 Season,1,Seasons
s5072,62 min,62,min
s5073,108 min,108,min
s5074,95 min,95,min
s5075,99 min,99,min
s5076,1 Season,1,Seasons
s5077,62 min,62,min
s5078,1 Season,1,Seasons
s5079,60 min,60,min
s5080,147 min,147,min
s5081,153 min,153,min
s5082,87 min,87,min
s5083,2 Seasons,2,Seasons
s5084,124 min,124,min
s5085,94 min,94,min
s5086,100 min,100,min
s5087,71 min,71,min
s5088,60 min,60,min
s5089,135 min,135,min
s5090,1 Season,1,Seasons
s5091,5 Seasons,5,Seasons
s5092,97 min,97,min
s5093,1 Season,1,Seasons
s5094,86 min,86,min
s5095,91 min,91,min
s5096,1 Season,1,Seasons
s5097,5 Seasons,5,Seasons
s5098,3 Seasons,3,Seasons
s5099,1 Season,1,Seasons
s5100,1 Season,1,Seasons
s5101,1 Season,1,Seasons
s5102,82 min,82,min
s5103,102 min,102,min
s5104,1 Season,1,Seasons
s5105,105 min,105,min
s5106,1 Season,1,Seasons
s5107,106 min,106,min
s5108,91 min,91,min
s5109,61 min,61,min
s5110,1 Season,1,Seasons
s5111,80 min,80,min
s5112,1 Season,1,Seasons
s5113,1 Season,1,Seasons
s5114,118 min,118,min
s5115,94 min,94,min
s5116,84 min,84,min
s5117,103 min,103,min
s5118,69 min,69,min
s5119,1 Season,1,Seasons
s5120,2 Seasons,2,Seasons
s5121,1 Season,1,Seasons
s5122,105 min,105,min
s5123,128 min,128,min
s5124,86 min,86,min
s5125,109 min,109,min
s5126,1 Season,1,Seasons
s5127,4 Seasons,4,Seasons
s5128,70 min,70,min
s5129,1 Season,1,Seasons
s5130,89 min,89,min
s5131,162 min,162,min
s5132,163 min,163,min
s5133,91 min,91,min
s5134,27 min,27,min
s5135,67 min,67,min
s5136,142 min,142,min
s5137,78 min,78,min
s5138,26 min,26,min
s5139,5 Seasons,5,Seasons
s5140,1 Season,1,Seasons
s5141,46 min,46,min
s5142,1 Season,1,Seasons
s5143,81 min,81,min
s5144,119 min,119,min
s5145,1 Season,1,Seasons
s5146,1 Season,1,Seasons
s5147,99 min,99,min
s5148,4 Seasons,4,Seasons
s5149,96 min,96,min
s5150,4 Seasons,4,Seasons
s5151,3 Seasons,3,Seasons
s5152,128 min,128,min
s5153,114 min,114,min
s5154,101 min,101,min
s5155,1 Season,1,Seasons
s5156,1 Season,1,Seasons
s5157,1 Season,1,Seasons
s5158,1 Season,1,Seasons
s5159,109 min,109,min
s5160,1 Season,1,Seasons
s5161,51 min,51,min
s5162,61 min,61,min
s5163,73 min,73,min
s5164,92 min,92,min
s5165,94 min,94,min
s5166,6 Seasons,6,Seasons
s5167,3 Seasons,3,Seasons
s5168,135 min,135,min
s5169,1 Season,1,Seasons
s5170,1 Season,1,Seasons
s5171,1 Season,1,Seasons
s5172,66 min,66,min
s5173,126 min,126,min
s5174,1 Season,1,Seasons
s5175,2 Seasons,2,Seasons
s5176,2 Seasons,2,Seasons
s5177,54 min,54,min
s5178,100 min,100,min
s5179,2 Seasons,2,Seasons
s5180,81 min,81,min
s5181,6 Seasons,6,Seasons
s5182,123 min,123,min
s5183,144 min,144,min
s5184,153 min,153,min
s5185,1 Season,1,Seasons
s5186,1 Season,1,Seasons
s5187,141 min,141,min
s5188,104 min,104,min
s5189,97 min,97,min
s5190,82 min,82,min
s5191,98 min,98,min
s5192,1 Season,1,Seasons
s5193,1 Season,1,Seasons
s5194,1 Season,1,Seasons
s5195,1 Season,1,Seasons
s5196,1 Season,1,Seasons
s5197,84 min,84,min
s5198,76 min,76,min
s5199,75 min,75,min
s5200,93 min,93,min
s5201,1 Season,1,Seasons
s5202,98 min,98,min
s5203,91 min,91,min
s5204,168 min,168,min
s5205,68 min,68,min
s5206,1 Season,1,Seasons
s5207,3 Seasons,3,Seasons
s5208,103 min,103,min
s5209,2 Seasons,2,Seasons
s5210,95 min,95,min
s5211,1 Season,1,Seasons
s5212,82 min,82,min
s5213,94 min,94,min
s5214,66 min,66,min
s5215,135 min,135,min
s5216,1 Season,1,Seasons
s5217,1 Season,1,Seasons
s5218,144 min,144,min
s5219,90 min,90,min
s5220,1 Season,1,Seasons
s5221,158 min,158,min
s5222,6 Seasons,6,Seasons
s5223,83 min,83,min
s5224,102 min,102,min
s5225,52 min,52,min
s5226,110 min,110,min
s5227,85 min,85,min
s5228,113 min,113,min
s5229,88 min,88,min
s5230,89 min,89,min
s5231,59 min,59,min
s5232,1 Season,1,Seasons
s5233,2 Seasons,2,Seasons
s5234,106 min,106,min
s5235,66 min,66,min
s5236,135 min,135,min
s5237,1 Season,1,Seasons
s5238,1 Season,1,Seasons
s5239,93 min,93,min
s5240,79 min,79,min
s5241,107 min,107,min
s5242,47 min,47,min
s5243,1 Season,1,Seasons
s5244,2 Seasons,2,Seasons
s5245,4 Seasons,4,Seasons
s5246,7 Seasons,7,Seasons
s5247,1 Season,1,Seasons
s5248,1 Season,1,Seasons
s5249,118 min,118,min
s5250,81 min,81,min
s5251,1 Season,1,Seasons
s5252,1 Season,1,Seasons
s5253,103 min,103,min
s5254,40 min,40,min
s5255,1 Season,1,Seasons
s5256,103 min,103,min
s5257,85 min,85,min
s5258,1 Season,1,Seasons
s5259,2 Seasons,2,Seasons
s5260,1 Season,1,Seasons
s5261,104 min,104,min
s5262,82 min,82,min
s5263,4 Seasons,4,Seasons
s5264,3 Seasons,3,Seasons
s5265,112 min,112,min
s5266,102 min,102,min
s5267,101 min,101,min
s5268,119 min,119,min
s5269,62 min,62,min
s5270,64 min,64,min
s5271,137 min,137,min
s5272,108 min,108,min
s5273,2 Seasons,2,Seasons
s5274,78 min,78,min
s5275,7 Seasons,7,Seasons
s5276,40 min,40,min
s5277,71 min,71,min
s5278,99 min,99,min
s5279,1 Season,1,Seasons
s5280,60 min,60,min
s5281,1 Season,1,Seasons
s5282,78 min,78,min
s5283,98 min,98,min
s5284,70 min,70,min
s5285,1 Season,1,Seasons
s5286,4 Seasons,4,Seasons
s5287,1 Season,1,Seasons
s5288,8 Seasons,8,Seasons
s5289,1 Season,1,Seasons
s5290,1 Season,1,Seasons
s5291,148 min,148,min
s5292,54 min,54,min
s5293,92 min,92,min
s5294,107 min,107,min
s5295,90 min,90,min
s5296,135 min,135,min
s5297,151 min,151,min
s5298,1 Season,1,Seasons
s5299,1 Season,1,Seasons
s5300,1 Season,1,Seasons
s5301,132 min,132,min
s5302,1 Season,1,Seasons
s5303,95 min,95,min
s5304,162 min,162,min
s5305,163 min,163,min
s5306,3 Seasons,3,Seasons
s5307,89 min,89,min
s5308,28 min,28,min
s5309,103 min,103,min
s5310,160 min,160,min
s5311,113 min,113,min
s5312,86 min,86,min
s5313,83 min,83,min
s5314,113 min,113,min
s5315,86 min,86,min
s5316,57 min,57,min
s5317,98 min,98,min
s5318,116 min,116,min
s5319,100 min,100,min
s5320,51 min,51,min
s5321,5 Seasons,5,Seasons
s5322,1 Season,1,Seasons
s5323,113 min,113,min
s5324,124 min,124,min
s5325,1 Season,1,Seasons
s5326,63 min,63,min
s5327,56 min,56,min
s5328,1 Season,1,Seasons
s5329,94 min,94,min
s5330,90 min,90,min
s5331,71 min,71,min
s5332,97 min,97,min
s5333,83 min,83,min
s5334,92 min,92,min
s5335,165 min,165,min
s5336,166 min,166,min
s5337,166 min,166,min
s5338,159 min,159,min
s5339,160 min,160,min
s5340,159 min,159,min
s5341,22 min,22,min
s5342,105 min,105,min
s5343,54 min,54,min
s5344,121 min,121,min
s5345,103 min,103,min
s5346,1 Season,1,Seasons
s5347,129 min,129,min
s5348,1 Season,1,Seasons
s5349,1 Season,1,Seasons
s5350,1 Season,1,Seasons
s5351,1 Season,1,Seasons
s5352,95 min,95,min
s5353,1 Season,1,Seasons
s5354,80 min,80,min
s5355,1 Season,1,Seasons
s5356,1 Season,1,Seasons
s5357,1 Season,1,Seasons
s5358,67 min,67,min
s5359,84 min,84,min
s5360,97 min,97,min
s5361,1 Season,1,Seasons
s5362,86 min,86,min
s5363,1 Season,1,Seasons
s5364,5 Seasons,5,Seasons
s5365,114 min,114,min
s5366,2 Seasons,2,Seasons
s5367,1 Season,1,Seasons
s5368,1 Season,1,Seasons
s5369,84 min,84,min
s5370,67 min,67,min
s5371,91 min,91,min
s5372,63 min,63,min
s5373,1 Season,1,Seasons
s5374,116 min,116,min
s5375,104 min,104,min
s5376,14 min,14,min
s5377,89 min,89,min
s5378,108 min,108,min
s5379,59 min,59,min
s5380,74 min,74,min
s5381,4 Seasons,4,Seasons
s5382,4 Seasons,4,Seasons
s5383,1 Season,1,Seasons
s5384,1 Season,1,Seasons
s5385,1 Season,1,Seasons
s5386,84 min,84,min
s5387,1 Season,1,Seasons
s5388,97 min,97,min
s5389,1 Season,1,Seasons
s5390,95 min,95,min
s5391,1 Season,1,Seasons
s5392,116 min,116,min
s5393,1 Season,1,Seasons
s5394,1 Season,1,Seasons
s5395,86 min,86,min
s5396,3 Seasons,3,Seasons
s5397,153 min,153,min
s5398,1 Season,1,Seasons
s5399,104 min,104,min
s5400,1 Season,1,Seasons
s5401,163 min,163,min
s5402,1 Season,1,Seasons
s5403,106 min,106,min
s5404,1 Season,1,Seasons
s5405,1 Season,1,Seasons
s5406,1 Season,1,Seasons
s5407,2 Seasons,2,Seasons
s5408,1 Season,1,Seasons
s5409,148 min,148,min
s5410,1 Season,1,Seasons
s5411,1 Season,1,Seasons
s5412,105 min,105,min
s5413,12 Seasons,12,Seasons
s5414,1 Season,1,Seasons
s5415,2 Seasons,2,Seasons
s5416,121 min,121,min
s5417,66 min,66,min
s5418,102 min,102,min
s5419,96 min,96,min
s5420,89 min,89,min
s5421,161 min,161,min
s5422,5 Seasons,5,Seasons
s5423,2 Seasons,2,Seasons
s5424,24 min,24,min
s5425,66 min,66,min
s5426,2 Seasons,2,Seasons
s5427,91 min,91,min
s5428,92 min,92,min
s5429,2 Seasons,2,Seasons
s5430,104 min,104,min
s5431,73 min,73,min
s5432,47 min,47,min
s5433,102 min,102,min
s5434,1 Season,1,Seasons
s5435,1 Season,1,Seasons
s5436,1 Season,1,Seasons
s5437,1 Season,1,Seasons
s5438,1 Season,1,Seasons
s5439,1 Season,1,Seasons
s5440,1 Season,1,Seasons
s5441,87 min,87,min
s5442,117 min,117,min
s5443,119 min,119,min
s5444,130 min,130,min
s5445,1 Season,1,Seasons
s5446,2 Seasons,2,Seasons
s5447,102 min,102,min
s5448,154 min,154,min
s5449,44 min,44,min
s5450,96 min,96,min
s5451,47 min,47,min
s5452,44 min,44,min
s5453,109 min,109,min
s5454,89 min,89,min
s5455,92 min,92,min
s5456,122 min,122,min
s5457,19 min,19,min
s5458,1 Season,1,Seasons
s5459,1 Season,1,Seasons
s5460,3 Seasons,3,Seasons
s5461,154 min,154,min
s5462,152 min,152,min
s5463,161 min,161,min
s5464,123 min,123,min
s5465,1 Season,1,Seasons
s5466,1 Season,1,Seasons
s5467,44 min,44,min
s5468,80 min,80,min
s5469,71 min,71,min
s5470,153 min,153,min
s5471,3 Seasons,3,Seasons
s5472,79 min,79,min
s5473,143 min,143,min
s5474,123 min,123,min
s5475,80 min,80,min
s5476,73 min,73,min
s5477,106 min,106,min
s5478,1 Season,1,Seasons
s5479,101 min,101,min
s5480,1 Season,1,Seasons
s5481,59 min,59,min
s5482,164 min,164,min
s5483,151 min,151,min
s5484,84 min,84,min
s5485,51 min,51,min
s5486,142 min,142,min
s5487,110 min,110,min
s5488,86 min,86,min
s5489,1 Season,1,Seasons
s5490,101 min,101,min
s5491,88 min,88,min
s5492,86 min,86,min
s5493,61 min,61,min
s5494,81 min,81,min
s5495,3 Seasons,3,Seasons
s5496,72 min,72,min
s5497,98 min,98,min
s5498,64 min,64,min
s5499,111 min,111,min
s5500,148 min,148,min
s5501,163 min,163,min
s5502,95 min,95,min
s5503,99 min,99,min
s5504,44 min,44,min
s5505,93 min,93,min
s5506,89 min,89,min
s5507,83 min,83,min
s5508,104 min,104,min
s5509,81 min,81,min
s5510,1 Season,1,Seasons
s5511,1 Season,1,Seasons
s5512,53 min,53,min
s5513,95 min,95,min
s5514,1 Season,1,Seasons
s5515,2 Seasons,2,Seasons
s5516,149 min,149,min
s5517,106 min,106,min
s5518,108 min,108,min
s5519,66 min,66,min
s5520,1 Season,1,Seasons
s5521,1 Season,1,Seasons
s5522,1 Season,1,Seasons
s5523,113 min,113,min
s5524,4 Seasons,4,Seasons
s5525,83 min,83,min
s5526,50 min,50,min
s5527,97 min,97,min
s5528,105 min,105,min
s5529,107 min,107,min
s5530,99 min,99,min
s5531,101 min,101,min
s5532,81 min,81,min
s5533,92 min,92,min
s5534,131 min,131,min
s5535,101 min,101,min
s5536,96 min,96,min
s5537,85 min,85,min
s5538,1 Season,1,Seasons
s5539,2 Seasons,2,Seasons
s5540,110 min,110,min
s5541,89 min,89,min
s5543,1 Season,1,Seasons
s5544,88 min,88,min
s5545,88 min,88,min
s5546,143 min,143,min
s5547,83 min,83,min
s5548,107 min,107,min
s5549,99 min,99,min
s5550,134 min,134,min
s5551,78 min,78,min
s5552,81 min,81,min
s5553,106 min,106,min
s5554,51 min,51,min
s5555,1 Season,1,Seasons
s5556,2 Seasons,2,Seasons
s5557,102 min,102,min
s5558,63 min,63,min
s5559,2 Seasons,2,Seasons
s5560,91 min,91,min
s5561,93 min,93,min
s5562,93 min,93,min
s5563,1 Season,1,Seasons
s5564,1 Season,1,Seasons
s5565,97 min,97,min
s5566,92 min,92,min
s5567,1 Season,1,Seasons
s5568,3 Seasons,3,Seasons
s5569,137 min,137,min
s5570,1 Season,1,Seasons
s5571,143 min,143,min
s5572,168 min,168,min
s5573,117 min,117,min
s5574,87 min,87,min
s5575,160 min,160,min
s5576,1 Season,1,Seasons
s5577,62 min,62,min
s5578,109 min,109,min
s5579,1 Season,1,Seasons
s5580,102 min,102,min
s5581,1 Season,1,Seasons
s5582,118 min,118,min
s5583,57 min,57,min
s5584,1 Season,1,Seasons
s5585,94 min,94,min
s5586,1 Season,1,Seasons
s5587,71 min,71,min
s5588,123 min,123,min
s5589,97 min,97,min
s5590,99 min,99,min
s5591,97 min,97,min
s5592,1 Season,1,Seasons
s5593,1 Season,1,Seasons
s5594,3 Seasons,3,Seasons
s5595,67 min,67,min
s5596,105 min,105,min
s5597,78 min,78,min
s5598,99 min,99,min
s5599,1 Season,1,Seasons
s5600,119 min,119,min
s5601,109 min,109,min
s5602,1 Season,1,Seasons
s5603,107 min,107,min
s5604,1 Season,1,Seasons
s5605,92 min,92,min
s5606,88 min,88,min
s5607,71 min,71,min
s5608,64 min,64,min
s5609,1 Season,1,Seasons
s5610,1 Season,1,Seasons
s5611,97 min,97,min
s5612,96 min,96,min
s5613,150 min,150,min
s5614,54 min,54,min
s5615,78 min,78,min
s5616,86 min,86,min
s5617,154 min,154,min
s5618,179 min,179,min
s5619,93 min,93,min
s5620,97 min,97,min
s5621,108 min,108,min
s5622,92 min,92,min
s5623,78 min,78,min
s5624,87 min,87,min
s5625,99 min,99,min
s5626,91 min,91,min
s5627,102 min,102,min
s5628,67 min,67,min
s5629,57 min,57,min
s5630,130 min,130,min
s5631,80 min,80,min
s5632,66 min,66,min
s5633,105 min,105,min
s5634,98 min,98,min
s5635,91 min,91,min
s5636,123 min,123,min
s5637,82 min,82,min
s5638,104 min,104,min
s5639,109 min,109,min
s5640,74 min,74,min
s5641,1 Season,1,Seasons
s5642,84 min,84,min
s5643,98 min,98,min
s5644,22 min,22,min
s5645,100 min,100,min
s5646,75 min,75,min
s5647,69 min,69,min
s5648,97 min,97,min
s5649,92 min,92,min
s5650,92 min,92,min
s5651,7 Seasons,7,Seasons
s5652,146 min,146,min
s5653,97 min,97,min
s5654,1 Season,1,Seasons
s5655,2 Seasons,2,Seasons
s5656,1 Season,1,Seasons
s5657,93 min,93,min
s5658,62 min,62,min
s5659,2 Seasons,2,Seasons
s5660,22 min,22,min
s5661,88 min,88,min
s5662,105 min,105,min
s5663,1 Season,1,Seasons
s5664,88 min,88,min
s5665,93 min,93,min
s5666,1 Season,1,Seasons
s5667,98 min,98,min
s5668,1 Season,1,Seasons
s5669,1 Season,1,Seasons
s5670,1 Season,1,Seasons
s5671,1 Season,1,Seasons
s5672,1 Season,1,Seasons
s5673,2 Seasons,2,Seasons
s5674,1 Season,1,Seasons
s5675,5 Seasons,5,Seasons
s5676,1 Season,1,Seasons
s5677,88 min,88,min
s5678,1 Season,1,Seasons
s5679,31 min,31,min
s5680,83 min,83,min
s5681,1 Season,1,Seasons
s5682,38 min,38,min
s5683,108 min,108,min
s5684,1 Season,1,Seasons
s5685,1 Season,1,Seasons
s5686,97 min,97,min
s5687,1 Season,1,Seasons
s5688,81 min,81,min
s5689,70 min,70,min
s5690,62 min,62,min
s5691,3 Seasons,3,Seasons
s5692,99 min,99,min
s5693,2 Seasons,2,Seasons
s5694,112 min,112,min
s5695,90 min,90,min
s5696,56 min,56,min
s5697,89 min,89,min
s5698,24 min,24,min
s5699,100 min,100,min
s5700,1 Season,1,Seasons
s5701,1 Season,1,Seasons
s5702,116 min,116,min
s5703,92 min,92,min
s5704,1 Season,1,Seasons
s5705,79 min,79,min
s5706,72 min,72,min
s5707,92 min,92,min
s5708,1 Season,1,Seasons
s5709,61 min,61,min
s5710,88 min,88,min
s5711,113 min,113,min
s5712,67 min,67,min
s5713,65 min,65,min
s5714,62 min,62,min
s5715,107 min,107,min
s5716,1 Season,1,Seasons
s5717,1 Season,1,Seasons
s5718,69 min,69,min
s5719,77 min,77,min
s5720,98 min,98,min
s5721,1 Season,1,Seasons
s5722,71 min,71,min
s5723,1 Season,1,Seasons
s5724,2 Seasons,2,Seasons
s5725,64 min,64,min
s5726,112 min,112,min
s5727,59 min,59,min
s5728,1 Season,1,Seasons
s5729,1 Season,1,Seasons
s5730,1 Season,1,Seasons
s5731,1 Season,1,Seasons
s5732,1 Season,1,Seasons
s5733,1 Season,1,Seasons
s5734,91 min,91,min
s5735,44 min,44,min
s5736,107 min,107,min
s5737,92 min,92,min
s5738,89 min,89,min
s5739,107 min,107,min
s5740,94 min,94,min
s5741,110 min,110,min
s5742,1 Season,1,Seasons
s5743,81 min,81,min
s5744,77 min,77,min
s5745,1 Season,1,Seasons
s5746,64 min,64,min
s5747,97 min,97,min
s5748,77 min,77,min
s5749,94 min,94,min
s5750,94 min,94,min
s5751,91 min,91,min
s5752,1 Season,1,Seasons
s5753,1 Season,1,Seasons
s5754,2 Seasons,2,Seasons
s5755,80 min,80,min
s5756,95 min,95,min
s5757,90 min,90,min
s5758,101 min,101,min
s5759,73 min,73,min
s5760,1 Season,1,Seasons
s5761,108 min,108,min
s5762,25 min,25,min
s5763,1 Season,1,Seasons
s5764,1 Season,1,Seasons
s5765,86 min,86,min
s5766,105 min,105,min
s5767,1 Season,1,Seasons
s5768,100 min,100,min
s5769,1 Season,1,Seasons
s5770,1 Season,1,Seasons
s5771,96 min,96,min
s5772,1 Season,1,Seasons
s5773,97 min,97,min
s5774,73 min,73,min
s5775,1 Season,1,Seasons
s5776,44 min,44,min
s5777,132 min,132,min
s5778,1 Season,1,Seasons
s5779,96 min,96,min
s5780,92 min,92,min
s5781,99 min,99,min
s5782,1 Season,1,Seasons
s5783,92 min,92,min
s5784,99 min,99,min
s5785,78 min,78,min
s5786,4 Seasons,4,Seasons
s5787,65 min,65,min
s5788,65 min,65,min
s5789,69 min,69,min
s5790,64 min,64,min
s5791,63 min,63,min
s5792,63 min,63,min
s5793,89 min,89,min
s5794,60 min,60,min
s5796,41 min,41,min
s5797,83 min,83,min
s5798,25 min,25,min
s5799,94 min,94,min
s5800,1 Season,1,Seasons
s5801,1 Season,1,Seasons
s5802,1 Season,1,Seasons
s5803,1 Season,1,Seasons
s5804,9 Seasons,9,Seasons
s5805,52 min,52,min
s5806,1 Season,1,Seasons
s5807,1 Season,1,Seasons
s5808,2 Seasons,2,Seasons
s5809,75 min,75,min
s5810,92 min,92,min
s5811,80 min,80,min
s5812,1 Season,1,Seasons
s5813,3 Seasons,3,Seasons
s5815,46 min,46,min
s5816,72 min,72,min
s5817,71 min,71,min
s5818,77 min,77,min
s5819,70 min,70,min
s5820,73 min,73,min
s5821,81 min,81,min
s5822,63 min,63,min
s5823,1 Season,1,Seasons
s5824,1 Season,1,Seasons
s5825,45 min,45,min
s5826,1 Season,1,Seasons
s5827,46 min,46,min
s5828,2 Seasons,2,Seasons
s5829,112 min,112,min
s5830,3 Seasons,3,Seasons
s5831,101 min,101,min
s5832,117 min,117,min
s5833,114 min,114,min
s5834,96 min,96,min
s5835,2 Seasons,2,Seasons
s5836,87 min,87,min
s5837,2 Seasons,2,Seasons
s5838,105 min,105,min
s5839,1 Season,1,Seasons
s5840,80 min,80,min
s5841,97 min,97,min
s5842,105 min,105,min
s5843,60 min,60,min
s5844,1 Season,1,Seasons
s5845,1 Season,1,Seasons
s5846,1 Season,1,Seasons
s5847,109 min,109,min
s5848,60 min,60,min
s5849,101 min,101,min
s5850,91 min,91,min
s5851,66 min,66,min
s5852,127 min,127,min
s5853,82 min,82,min
s5854,1 Season,1,Seasons
s5855,70 min,70,min
s5856,2 Seasons,2,Seasons
s5857,2 Seasons,2,Seasons
s5858,23 min,23,min
s5859,97 min,97,min
s5860,62 min,62,min
s5861,84 min,84,min
s5862,90 min,90,min
s5863,1 Season,1,Seasons
s5864,1 Season,1,Seasons
s5865,101 min,101,min
s5866,74 min,74,min
s5867,1 Season,1,Seasons
s5868,2 Seasons,2,Seasons
s5869,68 min,68,min
s5870,3 Seasons,3,Seasons
s5871,1 Season,1,Seasons
s5872,1 Season,1,Seasons
s5873,92 min,92,min
s5874,107 min,107,min
s5875,108 min,108,min
s5876,74 min,74,min
s5877,29 min,29,min
s5878,1 Season,1,Seasons
s5879,60 min,60,min
s5880,120 min,120,min
s5881,74 min,74,min
s5882,57 min,57,min
s5883,1 Season,1,Seasons
s5884,91 min,91,min
s5885,62 min,62,min
s5886,1 Season,1,Seasons
s5887,85 min,85,min
s5888,90 min,90,min
s5889,3 Seasons,3,Seasons
s5890,105 min,105,min
s5891,59 min,59,min
s5892,137 min,137,min
s5893,86 min,86,min
s5894,99 min,99,min
s5895,64 min,64,min
s5896,1 Season,1,Seasons
s5897,82 min,82,min
s5898,90 min,90,min
s5899,80 min,80,min
s5900,62 min,62,min
s5901,1 Season,1,Seasons
s5902,92 min,92,min
s5903,2 Seasons,2,Seasons
s5904,78 min,78,min
s5905,92 min,92,min
s5906,69 min,69,min
s5907,103 min,103,min
s5908,92 min,92,min
s5909,10 Seasons,10,Seasons
s5910,143 min,143,min
s5911,83 min,83,min
s5912,78 min,78,min
s5913,84 min,84,min
s5914,84 min,84,min
s5915,1 Season,1,Seasons
s5916,58 min,58,min
s5917,82 min,82,min
s5918,83 min,83,min
s5919,29 min,29,min
s5920,72 min,72,min
s5921,26 min,26,min
s5922,81 min,81,min
s5923,3 Seasons,3,Seasons
s5924,5 Seasons,5,Seasons
s5925,75 min,75,min
s5926,100 min,100,min
s5927,90 min,90,min
s5928,68 min,68,min
s5929,71 min,71,min
s5930,100 min,100,min
s5931,94 min,94,min
s5932,80 min,80,min
s5933,35 min,35,min
s5934,3 Seasons,3,Seasons
s5935,93 min,93,min
s5936,105 min,105,min
s5937,130 min,130,min
s5938,100 min,100,min
s5939,80 min,80,min
s5940,4 Seasons,4,Seasons
s5941,5 Seasons,5,Seasons
s5942,76 min,76,min
s5943,95 min,95,min
s5944,96 min,96,min
s5945,94 min,94,min
s5946,94 min,94,min
s5947,93 min,93,min
s5948,96 min,96,min
s5949,94 min,94,min
s5950,94 min,94,min
s5951,93 min,93,min
s5952,95 min,95,min
s5953,93 min,93,min
s5954,75 min,75,min
s5955,103 min,103,min
s5956,29 min,29,min
s5957,104 min,104,min
s5958,81 min,81,min
s5959,80 min,80,min
s5960,123 min,123,min
s5961,119 min,119,min
s5962,118 min,118,min
s5963,143 min,143,min
s5964,149 min,149,min
s5965,1 Season,1,Seasons
s5966,144 min,144,min
s5967,124 min,124,min
s5968,87 min,87,min
s5969,128 min,128,min
s5970,117 min,117,min
s5971,100 min,100,min
s5972,84 min,84,min
s5973,90 min,90,min
s5974,105 min,105,min
s5975,1 Season,1,Seasons
s5976,106 min,106,min
s5977,99 min,99,min
s5978,93 min,93,min
s5979,1 Season,1,Seasons
s5980,89 min,89,min
s5981,105 min,105,min
s5982,109 min,109,min
s5983,93 min,93,min
s5984,75 min,75,min
s5985,1 Season,1,Seasons
s5986,90 min,90,min
s5987,1 Season,1,Seasons
s5988,90 min,90,min
s5989,93 min,93,min
s5990,37 min,37,min
s5991,113 min,113,min
s5992,89 min,89,min
s5993,102 min,102,min
s5994,102 min,102,min
s5995,90 min,90,min
s5996,94 min,94,min
s5997,91 min,91,min
s5998,107 min,107,min
s5999,95 min,95,min
s6000,119 min,119,min
s6001,93 min,93,min
s6002,1 Season,1,Seasons
s6003,101 min,101,min
s6004,93 min,93,min
s6005,82 min,82,min
s6006,70 min,70,min
s6007,104 min,104,min
s6008,121 min,121,min
s6009,92 min,92,min
s6010,124 min,124,min
s6011,53 min,53,min
s6012,91 min,91,min
s6013,83 min,83,min
s6014,93 min,93,min
s6015,81 min,81,min
s6016,86 min,86,min
s6017,106 min,106,min
s6018,97 min,97,min
s6019,99 min,99,min
s6020,100 min,100,min
s6021,126 min,126,min
s6022,94 min,94,min
s6023,103 min,103,min
s6024,96 min,96,min
s6025,1 Season,1,Seasons
s6026,137 min,137,min
s6027,1 Season,1,Seasons
s6028,104 min,104,min
s6029,104 min,104,min
s6030,94 min,94,min
s6031,176 min,176,min
s6032,137 min,137,min
s6033,101 min,101,min
s6034,111 min,111,min
s6035,110 min,110,min
s6036,142 min,142,min
s6037,86 min,86,min
s6038,1 Season,1,Seasons
s6039,93 min,93,min
s6040,86 min,86,min
s6041,80 min,80,min
s6042,92 min,92,min
s6043,96 min,96,min
s6044,87 min,87,min
s6045,1 Season,1,Seasons
s6046,98 min,98,min
s6047,125 min,125,min
s6048,91 min,91,min
s6049,76 min,76,min
s6050,82 min,82,min
s6051,111 min,111,min
s6052,92 min,92,min
s6053,94 min,94,min
s6054,91 min,91,min
s6055,44 min,44,min
s6056,108 min,108,min
s6057,123 min,123,min
s6058,106 min,106,min
s6059,89 min,89,min
s6060,98 min,98,min
s6061,108 min,108,min
s6062,92 min,92,min
s6063,102 min,102,min
s6064,103 min,103,min
s6065,91 min,91,min
s6066,110 min,110,min
s6067,2 Seasons,2,Seasons
s6068,1 Season,1,Seasons
s6069,77 min,77,min
s6070,99 min,99,min
s6071,122 min,122,min
s6072,150 min,150,min
s6073,126 min,126,min
s6074,164 min,164,min
s6075,115 min,115,min
s6076,133 min,133,min
s6077,127 min,127,min
s6078,100 min,100,min
s6079,131 min,131,min
s6080,2 Seasons,2,Seasons
s6081,44 min,44,min
s6082,101 min,101,min
s6083,90 min,90,min
s6084,89 min,89,min
s6085,88 min,88,min
s6086,133 min,133,min
s6087,110 min,110,min
s6088,112 min,112,min
s6089,87 min,87,min
s6090,1 Season,1,Seasons
s6091,91 min,91,min
s6092,111 min,111,min
s6093,99 min,99,min
s6094,86 min,86,min
s6095,1 Season,1,Seasons
s6096,93 min,93,min
s6097,87 min,87,min
s6098,107 min,107,min
s6099,89 min,89,min
s6100,92 min,92,min
s6101,1 Season,1,Seasons
s6102,2 Seasons,2,Seasons
s6103,1 Season,1,Seasons
s6104,122 min,122,min
s6105,91 min,91,min
s6106,1 Season,1,Seasons
s6107,127 min,127,min
s6108,153 min,153,min
s6109,94 min,94,min
s6110,106 min,106,min
s6111,102 min,102,min
s6112,112 min,112,min
s6113,63 min,63,min
s6114,90 min,90,min
s6115,89 min,89,min
s6116,101 min,101,min
s6117,85 min,85,min
s6118,83 min,83,min
s6119,92 min,92,min
s6120,84 min,84,min
s6121,91 min,91,min
s6122,100 min,100,min
s6123,103 min,103,min
s6124,103 min,103,min
s6125,45 min,45,min
s6126,45 min,45,min
s6127,5 Seasons,5,Seasons
s6128,90 min,90,min
s6129,98 min,98,min
s6130,92 min,92,min
s6131,172 min,172,min
s6132,125 min,125,min
s6133,1 Season,1,Seasons
s6134,81 min,81,min
s6135,112 min,112,min
s6136,122 min,122,min
s6137,101 min,101,min
s6138,3 Seasons,3,Seasons
s6139,53 min,53,min
s6140,1 Season,1,Seasons
s6141,53 min,53,min
s6142,99 min,99,min
s6143,95 min,95,min
s6144,119 min,119,min
s6145,163 min,163,min
s6146,55 min,55,min
s6147,1 Season,1,Seasons
s6148,102 min,102,min
s6149,106 min,106,min
s6150,128 min,128,min
s6151,80 min,80,min
s6152,80 min,80,min
s6153,75 min,75,min
s6154,75 min,75,min
s6155,79 min,79,min
s6156,87 min,87,min
s6157,1 Season,1,Seasons
s6158,97 min,97,min
s6159,85 min,85,min
s6160,111 min,111,min
s6161,113 min,113,min
s6162,1 Season,1,Seasons
s6163,90 min,90,min
s6164,103 min,103,min
s6165,105 min,105,min
s6166,104 min,104,min
s6167,1 Season,1,Seasons
s6168,1 Season,1,Seasons
s6169,127 min,127,min
s6170,92 min,92,min
s6171,72 min,72,min
s6172,118 min,118,min
s6173,110 min,110,min
s6174,65 min,65,min
s6175,5 Seasons,5,Seasons
s6176,90 min,90,min
s6177,134 min,134,min
s6178,2 Seasons,2,Seasons
s6179,89 min,89,min
s6180,86 min,86,min
s6181,87 min,87,min
s6182,107 min,107,min
s6183,79 min,79,min
s6184,87 min,87,min
s6185,113 min,113,min
s6186,110 min,110,min
s6187,98 min,98,min
s6188,93 min,93,min
s6189,139 min,139,min
s6190,94 min,94,min
s6191,133 min,133,min
s6192,81 min,81,min
s6193,91 min,91,min
s6194,122 min,122,min
s6195,1 Season,1,Seasons
s6196,102 min,102,min
s6197,88 min,88,min
s6198,49 min,49,min
s6199,1 Season,1,Seasons
s6200,110 min,110,min
s6201,150 min,150,min
s6202,97 min,97,min
s6203,129 min,129,min
s6204,99 min,99,min
s6205,112 min,112,min
s6206,143 min,143,min
s6207,61 min,61,min
s6208,95 min,95,min
s6209,92 min,92,min
s6210,97 min,97,min
s6211,90 min,90,min
s6212,119 min,119,min
s6213,147 min,147,min
s6214,3 Seasons,3,Seasons
s6215,83 min,83,min
s6216,83 min,83,min
s6217,1 Season,1,Seasons
s6218,91 min,91,min
s6219,117 min,117,min
s6220,1 Season,1,Seasons
s6221,78 min,78,min
s6222,75 min,75,min
s6223,78 min,78,min
s6224,149 min,149,min
s6225,103 min,103,min
s6226,94 min,94,min
s6227,95 min,95,min
s6228,122 min,122,min
s6229,1 Season,1,Seasons
s6230,107 min,107,min
s6231,126 min,126,min
s6232,122 min,122,min
s6233,95 min,95,min
s6234,101 min,101,min
s6235,74 min,74,min
s6236,74 min,74,min
s6237,74 min,74,min
s6238,83 min,83,min
s6239,79 min,79,min
s6240,72 min,72,min
s6241,80 min,80,min
s6242,75 min,75,min
s6243,75 min,75,min
s6244,72 min,72,min
s6245,99 min,99,min
s6246,91 min,91,min
s6247,166 min,166,min
s6248,103 min,103,min
s6249,128 min,128,min
s6250,1 Season,1,Seasons
s6251,5 Seasons,5,Seasons
s6252,87 min,87,min
s6253,1 Season,1,Seasons
s6254,1 Season,1,Seasons
s6255,125 min,125,min
s6256,121 min,121,min
s6257,110 min,110,min
s6258,88 min,88,min
s6259,1 Season,1,Seasons
s6260,52 min,52,min
s6261,89 min,89,min
s6262,52 min,52,min
s6263,1 Season,1,Seasons
s6264,1 Season,1,Seasons
s6265,4 Seasons,4,Seasons
s6266,2 Seasons,2,Seasons
s6267,81 min,81,min
s6268,73 min,73,min
s6269,75 min,75,min
s6270,99 min,99,min
s6271,121 min,121,min
s6272,100 min,100,min
s6273,97 min,97,min
s6274,105 min,105,min
s6275,100 min,100,min
s6276,1 Season,1,Seasons
s6277,1 Season,1,Seasons
s6278,115 min,115,min
s6279,99 min,99,min
s6280,4 Seasons,4,Seasons
s6281,91 min,91,min
s6282,1 Season,1,Seasons
s6283,90 min,90,min
s6284,100 min,100,min
s6285,25 min,25,min
s6286,99 min,99,min
s6287,120 min,120,min
s6288,98 min,98,min
s6289,104 min,104,min
s6290,149 min,149,min
s6291,112 min,112,min
s6292,1 Season,1,Seasons
s6293,98 min,98,min
s6294,120 min,120,min
s6295,1 Season,1,Seasons
s6296,1 Season,1,Seasons
s6297,151 min,151,min
s6298,63 min,63,min
s6299,148 min,148,min
s6300,114 min,114,min
s6301,123 min,123,min
s6302,2 Seasons,2,Seasons
s6303,87 min,87,min
s6304,93 min,93,min
s6305,3 Seasons,3,Seasons
s6306,88 min,88,min
s6307,126 min,126,min
s6308,90 min,90,min
s6309,95 min,95,min
s6310,108 min,108,min
s6311,65 min,65,min
s6312,110 min,110,min
s6313,66 min,66,min
s6314,127 min,127,min
s6315,131 min,131,min
s6316,88 min,88,min
s6317,97 min,97,min
s6318,116 min,116,min
s6319,3 Seasons,3,Seasons
s6320,1 Season,1,Seasons
s6321,117 min,117,min
s6322,79 min,79,min
s6323,144 min,144,min
s6324,1 Season,1,Seasons
s6325,79 min,79,min
s6326,135 min,135,min
s6327,88 min,88,min
s6328,116 min,116,min
s6329,91 min,91,min
s6330,83 min,83,min
s6331,90 min,90,min
s6332,129 min,129,min
s6333,120 min,120,min
s6334,91 min,91,min
s6335,85 min,85,min
s6336,1 Season,1,Seasons
s6337,88 min,88,min
s6338,123 min,123,min
s6339,180 min,180,min
s6340,98 min,98,min
s6341,90 min,90,min
s6342,1 Season,1,Seasons
s6343,90 min,90,min
s6344,94 min,94,min
s6345,112 min,112,min
s6346,85 min,85,min
s6347,97 min,97,min
s6348,1 Season,1,Seasons
s6349,47 min,47,min
s6350,99 min,99,min
s6351,168 min,168,min
s6352,99 min,99,min
s6353,106 min,106,min
s6354,92 min,92,min
s6355,99 min,99,min
s6356,89 min,89,min
s6357,88 min,88,min
s6358,1 Season,1,Seasons
s6359,111 min,111,min
s6360,79 min,79,min
s6361,1 Season,1,Seasons
s6362,2 Seasons,2,Seasons
s6363,86 min,86,min
s6364,74 min,74,min
s6365,1 Season,1,Seasons
s6366,84 min,84,min
s6367,80 min,80,min
s6368,86 min,86,min
s6369,3 Seasons,3,Seasons
s6370,90 min,90,min
s6371,102 min,102,min
s6372,1 Season,1,Seasons
s6373,92 min,92,min
s6374,2 Seasons,2,Seasons
s6375,81 min,81,min
s6376,116 min,116,min
s6377,110 min,110,min
s6378,95 min,95,min
s6379,1 Season,1,Seasons
s6380,133 min,133,min
s6381,120 min,120,min
s6382,1 Season,1,Seasons
s6383,91 min,91,min
s6384,90 min,90,min
s6385,90 min,90,min
s6386,1 Season,1,Seasons
s6387,103 min,103,min
s6388,73 min,73,min
s6389,98 min,98,min
s6390,1 Season,1,Seasons
s6391,119 min,119,min
s6392,76 min,76,min
s6393,148 min,148,min
s6394,2 Seasons,2,Seasons
s6395,94 min,94,min
s6396,108 min,108,min
s6397,114 min,114,min
s6398,98 min,98,min
s6399,1 Season,1,Seasons
s6400,151 min,151,min
s6401,78 min,78,min
s6402,1 Season,1,Seasons
s6403,125 min,125,min
s6404,126 min,126,min
s6405,1 Season,1,Seasons
s6406,11 min,11,min
s6407,22 min,22,min
s6408,1 Season,1,Seasons
s6409,1 Season,1,Seasons
s6410,104 min,104,min
s6411,104 min,104,min
s6412,1 Season,1,Seasons
s6413,117 min,117,min
s6414,1 Season,1,Seasons
s6415,101 min,101,min
s6416,99 min,99,min
s6417,1 Season,1,Seasons
s6418,103 min,103,min
s6419,126 min,126,min
s6420,92 min,92,min
s6421,1 Season,1,Seasons
s6422,131 min,131,min
s6423,119 min,119,min
s6424,98 min,98,min
s6425,85 min,85,min
s6426,84 min,84,min
s6427,1 Season,1,Seasons
s6428,145 min,145,min
s6429,125 min,125,min
s6430,108 min,108,min
s6431,1 Season,1,Seasons
s6432,108 min,108,min
s6433,74 min,74,min
s6434,82 min,82,min
s6435,75 min,75,min
s6436,77 min,77,min
s6437,156 min,156,min
s6438,116 min,116,min
s6439,126 min,126,min
s6440,129 min,129,min
s6441,132 min,132,min
s6442,118 min,118,min
s6443,87 min,87,min
s6444,95 min,95,min
s6445,86 min,86,min
s6446,106 min,106,min
s6447,115 min,115,min
s6448,106 min,106,min
s6449,94 min,94,min
s6450,121 min,121,min
s6451,113 min,113,min
s6452,2 Seasons,2,Seasons
s6453,129 min,129,min
s6454,99 min,99,min
s6455,116 min,116,min
s6456,1 Season,1,Seasons
s6457,11 Seasons,11,Seasons
s6458,2 Seasons,2,Seasons
s6459,88 min,88,min
s6460,1 Season,1,Seasons
s6461,2 Seasons,2,Seasons
s6462,63 min,63,min
s6463,62 min,62,min
s6464,62 min,62,min
s6465,112 min,112,min
s6466,113 min,113,min
s6467,82 min,82,min
s6468,98 min,98,min
s6469,87 min,87,min
s6470,1 Season,1,Seasons
s6471,111 min,111,min
s6472,63 min,63,min
s6473,105 min,105,min
s6474,146 min,146,min
s6475,96 min,96,min
s6476,80 min,80,min
s6477,99 min,99,min
s6478,1 Season,1,Seasons
s6479,87 min,87,min
s6480,88 min,88,min
s6481,99 min,99,min
s6482,104 min,104,min
s6483,104 min,104,min
s6484,1 Season,1,Seasons
s6485,118 min,118,min
s6486,127 min,127,min
s6487,109 min,109,min
s6488,1 Season,1,Seasons
s6489,130 min,130,min
s6490,110 min,110,min
s6491,1 Season,1,Seasons
s6492,88 min,88,min
s6493,106 min,106,min
s6494,91 min,91,min
s6495,103 min,103,min
s6496,1 Season,1,Seasons
s6497,89 min,89,min
s6498,108 min,108,min
s6499,1 Season,1,Seasons
s6500,124 min,124,min
s6501,96 min,96,min
s6502,172 min,172,min
s6503,124 min,124,min
s6504,85 min,85,min
s6505,9 Seasons,9,Seasons
s6506,7 Seasons,7,Seasons
s6507,8 Seasons,8,Seasons
s6508,1 Season,1,Seasons
s6509,1 Season,1,Seasons
s6510,1 Season,1,Seasons
s6511,137 min,137,min
s6512,91 min,91,min
s6513,120 min,120,min
s6514,1 Season,1,Seasons
s6515,1 Season,1,Seasons
s6516,118 min,118,min
s6517,110 min,110,min
s6518,114 min,114,min
s6519,112 min,112,min
s6520,5 Seasons,5,Seasons
s6521,1 Season,1,Seasons
s6522,92 min,92,min
s6523,137 min,137,min
s6524,84 min,84,min
s6525,1 Season,1,Seasons
s6526,52 min,52,min
s6527,96 min,96,min
s6528,112 min,112,min
s6529,90 min,90,min
s6530,106 min,106,min
s6531,116 min,116,min
s6532,97 min,97,min
s6533,1 Season,1,Seasons
s6534,127 min,127,min
s6535,96 min,96,min
s6536,45 min,45,min
s6537,101 min,101,min
s6538,88 min,88,min
s6539,1 Season,1,Seasons
s6540,75 min,75,min
s6541,112 min,112,min
s6542,110 min,110,min
s6543,1 Season,1,Seasons
s6544,120 min,120,min
s6545,90 min,90,min
s6546,82 min,82,min
s6547,118 min,118,min
s6548,153 min,153,min
s6549,117 min,117,min
s6550,10 Seasons,10,Seasons
s6551,93 min,93,min
s6552,82 min,82,min
s6553,115 min,115,min
s6554,151 min,151,min
s6555,103 min,103,min
s6556,117 min,117,min
s6557,1 Season,1,Seasons
s6558,100 min,100,min
s6559,70 min,70,min
s6560,1 Season,1,Seasons
s6561,2 Seasons,2,Seasons
s6562,103 min,103,min
s6563,108 min,108,min
s6564,100 min,100,min
s6565,91 min,91,min
s6566,93 min,93,min
s6567,113 min,113,min
s6568,116 min,116,min
s6569,1 Season,1,Seasons
s6570,121 min,121,min
s6571,112 min,112,min
s6572,1 Season,1,Seasons
s6573,2 Seasons,2,Seasons
s6574,76 min,76,min
s6575,81 min,81,min
s6576,110 min,110,min
s6577,90 min,90,min
s6578,97 min,97,min
s6579,86 min,86,min
s6580,94 min,94,min
s6581,83 min,83,min
s6582,43 min,43,min
s6583,92 min,92,min
s6584,93 min,93,min
s6585,88 min,88,min
s6586,53 min,53,min
s6587,3 Seasons,3,Seasons
s6588,1 Season,1,Seasons
s6589,156 min,156,min
s6590,79 min,79,min
s6591,96 min,96,min
s6592,99 min,99,min
s6593,140 min,140,min
s6594,62 min,62,min
s6595,88 min,88,min
s6596,76 min,76,min
s6597,99 min,99,min
s6598,97 min,97,min
s6599,87 min,87,min
s6600,108 min,108,min
s6601,94 min,94,min
s6602,1 Season,1,Seasons
s6603,123 min,123,min
s6604,8 Seasons,8,Seasons
s6605,128 min,128,min
s6606,132 min,132,min
s6607,93 min,93,min
s6608,113 min,113,min
s6609,96 min,96,min
s6610,133 min,133,min
s6611,176 min,176,min
s6612,1 Season,1,Seasons
s6613,115 min,115,min
s6614,1 Season,1,Seasons
s6615,90 min,90,min
s6616,111 min,111,min
s6617,87 min,87,min
s6618,112 min,112,min
s6619,1 Season,1,Seasons
s6620,200 min,200,min
s6621,93 min,93,min
s6622,90 min,90,min
s6623,107 min,107,min
s6624,89 min,89,min
s6625,83 min,83,min
s6626,96 min,96,min
s6627,99 min,99,min
s6628,95 min,95,min
s6629,88 min,88,min
s6630,94 min,94,min
s6631,93 min,93,min
s6632,93 min,93,min
s6633,92 min,92,min
s6634,127 min,127,min
s6635,105 min,105,min
s6636,1 Season,1,Seasons
s6637,94 min,94,min
s6638,104 min,104,min
s6639,94 min,94,min
s6640,82 min,82,min
s6641,86 min,86,min
s6642,103 min,103,min
s6643,97 min,97,min
s6644,84 min,84,min
s6645,98 min,98,min
s6646,68 min,68,min
s6647,1 Season,1,Seasons
s6648,42 min,42,min
s6649,92 min,92,min
s6650,89 min,89,min
s6651,99 min,99,min
s6652,1 Season,1,Seasons
s6653,1 Season,1,Seasons
s6654,93 min,93,min
s6655,162 min,162,min
s6656,85 min,85,min
s6657,52 min,52,min
s6658,91 min,91,min
s6659,1 Season,1,Seasons
s6660,1 Season,1,Seasons
s6661,1 Season,1,Seasons
s6662,106 min,106,min
s6663,92 min,92,min
s6664,1 Season,1,Seasons
s6665,140 min,140,min
s6666,69 min,69,min
s6667,153 min,153,min
s6668,124 min,124,min
s6669,120 min,120,min
s6670,134 min,134,min
s6671,105 min,105,min
s6672,3 Seasons,3,Seasons
s6673,1 Season,1,Seasons
s6674,1 Season,1,Seasons
s6675,1 Season,1,Seasons
s6676,119 min,119,min
s6677,1 Season,1,Seasons
s6678,106 min,106,min
s6679,2 Seasons,2,Seasons
s6680,79 min,79,min
s6681,196 min,196,min
s6682,90 min,90,min
s6683,109 min,109,min
s6684,93 min,93,min
s6685,92 min,92,min
s6686,49 min,49,min
s6687,102 min,102,min
s6688,82 min,82,min
s6689,74 min,74,min
s6690,94 min,94,min
s6691,1 Season,1,Seasons
s6692,87 min,87,min
s6693,108 min,108,min
s6694,1 Season,1,Seasons
s6695,151 min,151,min
s6696,1 Season,1,Seasons
s6697,109 min,109,min
s6698,1 Season,1,Seasons
s6699,91 min,91,min
s6700,93 min,93,min
s6701,85 min,85,min
s6702,103 min,103,min
s6703,102 min,102,min
s6704,107 min,107,min
s6705,88 min,88,min
s6706,95 min,95,min
s6707,100 min,100,min
s6708,91 min,91,min
s6709,110 min,110,min
s6710,1 Season,1,Seasons
s6711,96 min,96,min
s6712,96 min,96,min
s6713,98 min,98,min
s6714,133 min,133,min
s6715,1 Season,1,Seasons
s6716,102 min,102,min
s6717,108 min,108,min
s6718,1 Season,1,Seasons
s6719,1 Season,1,Seasons
s6720,133 min,133,min
s6721,58 min,58,min
s6722,79 min,79,min
s6723,101 min,101,min
s6724,81 min,81,min
s6725,2 Seasons,2,Seasons
s6726,99 min,99,min
s6727,106 min,106,min
s6728,103 min,103,min
s6729,1 Season,1,Seasons
s6730,92 min,92,min
s6731,89 min,89,min
s6732,1 Season,1,Seasons
s6733,1 Season,1,Seasons
s6734,150 min,150,min
s6735,80 min,80,min
s6736,124 min,124,min
s6737,99 min,99,min
s6738,29 min,29,min
s6739,91 min,91,min
s6740,102 min,102,min
s6741,94 min,94,min
s6742,1 Season,1,Seasons
s6743,6 Seasons,6,Seasons
s6744,118 min,118,min
s6745,1 Season,1,Seasons
s6746,70 min,70,min
s6747,181 min,181,min
s6748,101 min,101,min
s6749,29 min,29,min
s6750,92 min,92,min
s6751,2 Seasons,2,Seasons
s6752,94 min,94,min
s6753,118 min,118,min
s6754,98 min,98,min
s6755,90 min,90,min
s6756,93 min,93,min
s6757,114 min,114,min
s6758,99 min,99,min
s6759,96 min,96,min
s6760,102 min,102,min
s6761,90 min,90,min
s6762,49 min,49,min
s6763,61 min,61,min
s6764,2 Seasons,2,Seasons
s6765,60 min,60,min
s6766,104 min,104,min
s6767,3 Seasons,3,Seasons
s6768,119 min,119,min
s6769,102 min,102,min
s6770,83 min,83,min
s6771,1 Season,1,Seasons
s6772,88 min,88,min
s6773,86 min,86,min
s6774,1 Season,1,Seasons
s6775,1 Season,1,Seasons
s6776,90 min,90,min
s6777,134 min,134,min
s6778,92 min,92,min
s6779,145 min,145,min
s6780,95 min,95,min
s6781,93 min,93,min
s6782,84 min,84,min
s6783,1 Season,1,Seasons
s6784,81 min,81,min
s6785,98 min,98,min
s6786,1 Season,1,Seasons
s6787,74 min,74,min
s6788,87 min,87,min
s6789,1 Season,1,Seasons
s6790,96 min,96,min
s6791,88 min,88,min
s6792,1 Season,1,Seasons
s6793,118 min,118,min
s6794,113 min,113,min
s6795,86 min,86,min
s6796,11 Seasons,11,Seasons
s6797,91 min,91,min
s6798,115 min,115,min
s6799,112 min,112,min
s6800,103 min,103,min
s6801,116 min,116,min
s6802,72 min,72,min
s6803,104 min,104,min
s6804,4 Seasons,4,Seasons
s6805,97 min,97,min
s6806,92 min,92,min
s6807,10 Seasons,10,Seasons
s6808,93 min,93,min
s6809,93 min,93,min
s6810,99 min,99,min
s6811,1 Season,1,Seasons
s6812,47 min,47,min
s6813,52 min,52,min
s6814,97 min,97,min
s6815,88 min,88,min
s6816,106 min,106,min
s6817,97 min,97,min
s6818,88 min,88,min
s6819,88 min,88,min
s6820,132 min,132,min
s6821,1 Season,1,Seasons
s6822,108 min,108,min
s6823,2 Seasons,2,Seasons
s6824,111 min,111,min
s6825,1 Season,1,Seasons
s6826,1 Season,1,Seasons
s6827,167 min,167,min
s6828,1 Season,1,Seasons
s6829,96 min,96,min
s6830,95 min,95,min
s6831,107 min,107,min
s6832,118 min,118,min
s6833,130 min,130,min
s6834,90 min,90,min
s6835,1 Season,1,Seasons
s6836,1 Season,1,Seasons
s6837,1 Season,1,Seasons
s6838,87 min,87,min
s6839,1 Season,1,Seasons
s6840,109 min,109,min
s6841,103 min,103,min
s6842,1 Season,1,Seasons
s6843,110 min,110,min
s6844,85 min,85,min
s6845,163 min,163,min
s6846,100 min,100,min
s6847,58 min,58,min
s6848,110 min,110,min
s6849,58 min,58,min
s6850,1 Season,1,Seasons
s6851,56 min,56,min
s6852,161 min,161,min
s6853,141 min,141,min
s6854,115 min,115,min
s6855,90 min,90,min
s6856,103 min,103,min
s6857,77 min,77,min
s6858,1 Season,1,Seasons
s6859,111 min,111,min
s6860,103 min,103,min
s6861,129 min,129,min
s6862,113 min,113,min
s6863,106 min,106,min
s6864,105 min,105,min
s6865,137 min,137,min
s6866,22 min,22,min
s6867,130 min,130,min
s6868,89 min,89,min
s6869,2 Seasons,2,Seasons
s6870,110 min,110,min
s6871,148 min,148,min
s6872,2 Seasons,2,Seasons
s6873,100 min,100,min
s6874,1 Season,1,Seasons
s6875,90 min,90,min
s6876,103 min,103,min
s6877,75 min,75,min
s6878,99 min,99,min
s6879,93 min,93,min
s6880,90 min,90,min
s6881,145 min,145,min
s6882,95 min,95,min
s6883,92 min,92,min
s6884,90 min,90,min
s6885,137 min,137,min
s6886,6 Seasons,6,Seasons
s6887,98 min,98,min
s6888,109 min,109,min
s6889,117 min,117,min
s6890,2 Seasons,2,Seasons
s6891,3 Seasons,3,Seasons
s6892,93 min,93,min
s6893,57 min,57,min
s6894,110 min,110,min
s6895,2 Seasons,2,Seasons
s6896,1 Season,1,Seasons
s6897,95 min,95,min
s6898,102 min,102,min
s6899,97 min,97,min
s6900,82 min,82,min
s6901,90 min,90,min
s6902,2 Seasons,2,Seasons
s6903,57 min,57,min
s6904,91 min,91,min
s6905,100 min,100,min
s6906,101 min,101,min
s6907,2 Seasons,2,Seasons
s6908,138 min,138,min
s6909,95 min,95,min
s6910,116 min,116,min
s6911,117 min,117,min
s6912,65 min,65,min
s6913,158 min,158,min
s6914,110 min,110,min
s6915,79 min,79,min
s6916,99 min,99,min
s6917,86 min,86,min
s6918,3 Seasons,3,Seasons
s6919,138 min,138,min
s6920,1 Season,1,Seasons
s6921,91 min,91,min
s6922,79 min,79,min
s6923,2 Seasons,2,Seasons
s6924,1 Season,1,Seasons
s6925,79 min,79,min
s6926,96 min,96,min
s6927,55 min,55,min
s6928,101 min,101,min
s6929,88 min,88,min
s6930,95 min,95,min
s6931,1 Season,1,Seasons
s6932,87 min,87,min
s6933,1 Season,1,Seasons
s6934,83 min,83,min
s6935,90 min,90,min
s6936,4 Seasons,4,Seasons
s6937,151 min,151,min
s6938,1 Season,1,Seasons
s6939,89 min,89,min
s6940,99 min,99,min
s6941,86 min,86,min
s6942,5 Seasons,5,Seasons
s6943,85 min,85,min
s6944,93 min,93,min
s6945,89 min,89,min
s6946,89 min,89,min
s6947,90 min,90,min
s6948,104 min,104,min
s6949,107 min,107,min
s6950,124 min,124,min
s6951,87 min,87,min
s6952,2 Seasons,2,Seasons
s6953,94 min,94,min
s6954,1 Season,1,Seasons
s6955,86 min,86,min
s6956,5 Seasons,5,Seasons
s6957,102 min,102,min
s6958,122 min,122,min
s6959,126 min,126,min
s6960,87 min,87,min
s6961,156 min,156,min
s6962,97 min,97,min
s6963,89 min,89,min
s6964,2 Seasons,2,Seasons
s6965,88 min,88,min
s6966,1 Season,1,Seasons
s6967,96 min,96,min
s6968,104 min,104,min
s6969,80 min,80,min
s6970,3 Seasons,3,Seasons
s6971,5 Seasons,5,Seasons
s6972,3 Seasons,3,Seasons
s6973,95 min,95,min
s6974,97 min,97,min
s6975,1 Season,1,Seasons
s6976,118 min,118,min
s6977,1 Season,1,Seasons
s6978,118 min,118,min
s6979,44 min,44,min
s6980,54 min,54,min
s6981,170 min,170,min
s6982,1 Season,1,Seasons
s6983,118 min,118,min
s6984,128 min,128,min
s6985,106 min,106,min
s6986,103 min,103,min
s6987,92 min,92,min
s6988,102 min,102,min
s6989,126 min,126,min
s6990,73 min,73,min
s6991,111 min,111,min
s6992,100 min,100,min
s6993,86 min,86,min
s6994,95 min,95,min
s6995,79 min,79,min
s6996,81 min,81,min
s6997,3 Seasons,3,Seasons
s6998,120 min,120,min
s6999,1 Season,1,Seasons
s7000,85 min,85,min
s7001,96 min,96,min
s7002,91 min,91,min
s7003,134 min,134,min
s7004,93 min,93,min
s7005,82 min,82,min
s7006,88 min,88,min
s7007,1 Season,1,Seasons
s7008,96 min,96,min
s7009,97 min,97,min
s7010,101 min,101,min
s7011,88 min,88,min
s7012,84 min,84,min
s7013,110 min,110,min
s7014,105 min,105,min
s7015,116 min,116,min
s7016,94 min,94,min
s7017,110 min,110,min
s7018,1 Season,1,Seasons
s7019,116 min,116,min
s7020,51 min,51,min
s7021,103 min,103,min
s7022,83 min,83,min
s7023,176 min,176,min
s7024,149 min,149,min
s7025,1 Season,1,Seasons
s7026,79 min,79,min
s7027,97 min,97,min
s7028,91 min,91,min
s7029,1 Season,1,Seasons
s7030,2 Seasons,2,Seasons
s7031,85 min,85,min
s7032,85 min,85,min
s7033,117 min,117,min
s7034,2 Seasons,2,Seasons
s7035,84 min,84,min
s7036,106 min,106,min
s7037,107 min,107,min
s7038,98 min,98,min
s7039,54 min,54,min
s7040,1 Season,1,Seasons
s7041,139 min,139,min
s7042,88 min,88,min
s7043,93 min,93,min
s7044,91 min,91,min
s7045,89 min,89,min
s7046,106 min,106,min
s7047,116 min,116,min
s7048,100 min,100,min
s7049,96 min,96,min
s7050,119 min,119,min
s7051,2 Seasons,2,Seasons
s7052,108 min,108,min
s7053,104 min,104,min
s7054,124 min,124,min
s7055,1 Season,1,Seasons
s7056,87 min,87,min
s7057,75 min,75,min
s7058,108 min,108,min
s7059,103 min,103,min
s7060,1 Season,1,Seasons
s7061,103 min,103,min
s7062,89 min,89,min
s7063,103 min,103,min
s7064,89 min,89,min
s7065,119 min,119,min
s7066,106 min,106,min
s7067,90 min,90,min
s7068,118 min,118,min
s7069,95 min,95,min
s7070,1 Season,1,Seasons
s7071,123 min,123,min
s7072,127 min,127,min
s7073,116 min,116,min
s7074,119 min,119,min
s7075,99 min,99,min
s7076,90 min,90,min
s7077,90 min,90,min
s7078,153 min,153,min
s7079,106 min,106,min
s7080,141 min,141,min
s7081,1 Season,1,Seasons
s7082,1 Season,1,Seasons
s7083,1 Season,1,Seasons
s7084,1 Season,1,Seasons
s7085,122 min,122,min
s7086,2 Seasons,2,Seasons
s7087,87 min,87,min
s7088,102 min,102,min
s7089,88 min,88,min
s7090,99 min,99,min
s7091,99 min,99,min
s7092,134 min,134,min
s7093,91 min,91,min
s7094,88 min,88,min
s7095,127 min,127,min
s7096,137 min,137,min
s7097,77 min,77,min
s7098,71 min,71,min
s7099,2 Seasons,2,Seasons
s7100,130 min,130,min
s7101,1 Season,1,Seasons
s7102,1 Season,1,Seasons
s7103,140 min,140,min
s7104,101 min,101,min
s7105,101 min,101,min
s7106,91 min,91,min
s7107,84 min,84,min
s7108,88 min,88,min
s7109,68 min,68,min
s7110,163 min,163,min
s7111,93 min,93,min
s7112,86 min,86,min
s7113,1 Season,1,Seasons
s7114,154 min,154,min
s7115,92 min,92,min
s7116,132 min,132,min
s7117,22 min,22,min
s7118,132 min,132,min
s7119,94 min,94,min
s7120,132 min,132,min
s7121,1 Season,1,Seasons
s7122,105 min,105,min
s7123,97 min,97,min
s7124,2 Seasons,2,Seasons
s7125,109 min,109,min
s7126,2 Seasons,2,Seasons
s7127,134 min,134,min
s7128,53 min,53,min
s7129,84 min,84,min
s7130,1 Season,1,Seasons
s7131,102 min,102,min
s7132,1 Season,1,Seasons
s7133,79 min,79,min
s7134,181 min,181,min
s7135,90 min,90,min
s7136,79 min,79,min
s7137,133 min,133,min
s7138,125 min,125,min
s7139,80 min,80,min
s7140,101 min,101,min
s7141,1 Season,1,Seasons
s7142,135 min,135,min
s7143,1 Season,1,Seasons
s7144,1 Season,1,Seasons
s7145,133 min,133,min
s7146,91 min,91,min
s7147,52 min,52,min
s7148,123 min,123,min
s7149,2 Seasons,2,Seasons
s7150,113 min,113,min
s7151,107 min,107,min
s7152,128 min,128,min
s7153,94 min,94,min
s7154,95 min,95,min
s7155,106 min,106,min
s7156,1 Season,1,Seasons
s7157,138 min,138,min
s7158,1 Season,1,Seasons
s7159,139 min,139,min
s7160,132 min,132,min
s7161,173 min,173,min
s7162,105 min,105,min
s7163,148 min,148,min
s7164,120 min,120,min
s7165,85 min,85,min
s7166,113 min,113,min
s7167,99 min,99,min
s7168,41 min,41,min
s7169,110 min,110,min
s7170,137 min,137,min
s7171,118 min,118,min
s7172,140 min,140,min
s7173,85 min,85,min
s7174,116 min,116,min
s7175,133 min,133,min
s7176,1 Season,1,Seasons
s7177,1 Season,1,Seasons
s7178,1 Season,1,Seasons
s7179,89 min,89,min
s7180,75 min,75,min
s7181,67 min,67,min
s7182,90 min,90,min
s7183,1 Season,1,Seasons
s7184,170 min,170,min
s7185,1 Season,1,Seasons
s7186,1 Season,1,Seasons
s7187,124 min,124,min
s7188,1 Season,1,Seasons
s7189,120 min,120,min
s7190,157 min,157,min
s7191,124 min,124,min
s7192,110 min,110,min
s7193,90 min,90,min
s7194,97 min,97,min
s7195,108 min,108,min
s7196,95 min,95,min
s7197,2 Seasons,2,Seasons
s7198,111 min,111,min
s7199,137 min,137,min
s7200,100 min,100,min
s7201,53 min,53,min
s7202,87 min,87,min
s7203,106 min,106,min
s7204,86 min,86,min
s7205,100 min,100,min
s7206,103 min,103,min
s7207,109 min,109,min
s7208,81 min,81,min
s7209,98 min,98,min
s7210,1 Season,1,Seasons
s7211,114 min,114,min
s7212,87 min,87,min
s7213,132 min,132,min
s7214,116 min,116,min
s7215,1 Season,1,Seasons
s7216,1 Season,1,Seasons
s7217,92 min,92,min
s7218,2 Seasons,2,Seasons
s7219,99 min,99,min
s7220,63 min,63,min
s7221,121 min,121,min
s7222,56 min,56,min
s7223,1 Season,1,Seasons
s7224,96 min,96,min
s7225,115 min,115,min
s7226,117 min,117,min
s7227,58 min,58,min
s7228,62 min,62,min
s7229,65 min,65,min
s7230,61 min,61,min
s7231,65 min,65,min
s7232,65 min,65,min
s7233,58 min,58,min
s7234,60 min,60,min
s7235,81 min,81,min
s7236,1 Season,1,Seasons
s7237,85 min,85,min
s7238,93 min,93,min
s7239,126 min,126,min
s7240,99 min,99,min
s7241,79 min,79,min
s7242,26 min,26,min
s7243,107 min,107,min
s7244,133 min,133,min
s7245,95 min,95,min
s7246,1 Season,1,Seasons
s7247,100 min,100,min
s7248,149 min,149,min
s7249,52 min,52,min
s7250,165 min,165,min
s7251,104 min,104,min
s7252,114 min,114,min
s7253,109 min,109,min
s7254,88 min,88,min
s7255,3 Seasons,3,Seasons
s7256,1 Season,1,Seasons
s7257,1 Season,1,Seasons
s7258,1 Season,1,Seasons
s7259,1 Season,1,Seasons
s7260,143 min,143,min
s7261,112 min,112,min
s7262,101 min,101,min
s7263,110 min,110,min
s7264,83 min,83,min
s7265,1 Season,1,Seasons
s7266,145 min,145,min
s7267,3 Seasons,3,Seasons
s7268,87 min,87,min
s7269,1 Season,1,Seasons
s7270,86 min,86,min
s7271,115 min,115,min
s7272,93 min,93,min
s7273,121 min,121,min
s7274,54 min,54,min
s7275,100 min,100,min
s7276,37 min,37,min
s7277,33 min,33,min
s7278,35 min,35,min
s7279,32 min,32,min
s7280,1 Season,1,Seasons
s7281,147 min,147,min
s7282,110 min,110,min
s7283,97 min,97,min
s7284,108 min,108,min
s7285,101 min,101,min
s7286,1 Season,1,Seasons
s7287,100 min,100,min
s7288,3 Seasons,3,Seasons
s7289,1 Season,1,Seasons
s7290,48 min,48,min
s7291,44 min,44,min
s7292,1 Season,1,Seasons
s7293,78 min,78,min
s7294,103 min,103,min
s7295,58 min,58,min
s7296,3 Seasons,3,Seasons
s7297,90 min,90,min
s7298,1 Season,1,Seasons
s7299,89 min,89,min
s7300,83 min,83,min
s7301,1 Season,1,Seasons
s7302,1 Season,1,Seasons
s7303,84 min,84,min
s7304,104 min,104,min
s7305,99 min,99,min
s7306,105 min,105,min
s7307,94 min,94,min
s7308,2 Seasons,2,Seasons
s7309,150 min,150,min
s7310,111 min,111,min
s7311,116 min,116,min
s7312,92 min,92,min
s7313,1 Season,1,Seasons
s7314,23 min,23,min
s7315,25 min,25,min
s7316,85 min,85,min
s7317,90 min,90,min
s7318,68 min,68,min
s7319,67 min,67,min
s7320,66 min,66,min
s7321,91 min,91,min
s7322,4 Seasons,4,Seasons
s7323,87 min,87,min
s7324,98 min,98,min
s7325,1 Season,1,Seasons
s7326,1 Season,1,Seasons
s7327,108 min,108,min
s7328,85 min,85,min
s7329,95 min,95,min
s7330,103 min,103,min
s7331,118 min,118,min
s7332,2 Seasons,2,Seasons
s7333,153 min,153,min
s7334,1 Season,1,Seasons
s7335,96 min,96,min
s7336,88 min,88,min
s7337,116 min,116,min
s7338,155 min,155,min
s7339,1 Season,1,Seasons
s7340,88 min,88,min
s7341,1 Season,1,Seasons
s7342,92 min,92,min
s7343,5 Seasons,5,Seasons
s7344,1 Season,1,Seasons
s7345,98 min,98,min
s7346,103 min,103,min
s7347,163 min,163,min
s7348,93 min,93,min
s7349,1 Season,1,Seasons
s7350,1 Season,1,Seasons
s7351,77 min,77,min
s7352,97 min,97,min
s7353,115 min,115,min
s7354,1 Season,1,Seasons
s7355,103 min,103,min
s7356,82 min,82,min
s7357,77 min,77,min
s7358,79 min,79,min
s7359,98 min,98,min
s7360,1 Season,1,Seasons
s7361,131 min,131,min
s7362,110 min,110,min
s7363,100 min,100,min
s7364,117 min,117,min
s7365,107 min,107,min
s7366,76 min,76,min
s7367,118 min,118,min
s7368,93 min,93,min
s7369,7 Seasons,7,Seasons
s7370,99 min,99,min
s7371,84 min,84,min
s7372,102 min,102,min
s7373,134 min,134,min
s7374,78 min,78,min
s7375,95 min,95,min
s7376,1 Season,1,Seasons
s7377,1 Season,1,Seasons
s7378,73 min,73,min
s7379,110 min,110,min
s7380,75 min,75,min
s7381,119 min,119,min
s7382,1 Season,1,Seasons
s7383,1 Season,1,Seasons
s7384,1 Season,1,Seasons
s7385,92 min,92,min
s7386,1 Season,1,Seasons
s7387,137 min,137,min
s7388,192 min,192,min
s7389,132 min,132,min
s7390,91 min,91,min
s7391,105 min,105,min
s7392,88 min,88,min
s7393,1 Season,1,Seasons
s7394,155 min,155,min
s7395,103 min,103,min
s7396,97 min,97,min
s7397,92 min,92,min
s7398,98 min,98,min
s7399,89 min,89,min
s7400,112 min,112,min
s7401,75 min,75,min
s7402,89 min,89,min
s7403,99 min,99,min
s7404,107 min,107,min
s7405,1 Season,1,Seasons
s7406,29 min,29,min
s7407,4 Seasons,4,Seasons
s7408,94 min,94,min
s7409,1 Season,1,Seasons
s7410,2 Seasons,2,Seasons
s7411,90 min,90,min
s7412,104 min,104,min
s7413,55 min,55,min
s7414,83 min,83,min
s7415,77 min,77,min
s7416,72 min,72,min
s7417,103 min,103,min
s7418,131 min,131,min
s7419,1 Season,1,Seasons
s7420,138 min,138,min
s7421,143 min,143,min
s7422,80 min,80,min
s7423,132 min,132,min
s7424,84 min,84,min
s7425,99 min,99,min
s7426,93 min,93,min
s7427,114 min,114,min
s7428,100 min,100,min
s7429,132 min,132,min
s7430,83 min,83,min
s7431,105 min,105,min
s7432,112 min,112,min
s7433,94 min,94,min
s7434,90 min,90,min
s7435,48 min,48,min
s7436,1 Season,1,Seasons
s7437,1 Season,1,Seasons
s7438,110 min,110,min
s7439,1 Season,1,Seasons
s7440,84 min,84,min
s7441,118 min,118,min
s7442,86 min,86,min
s7443,98 min,98,min
s7444,88 min,88,min
s7445,81 min,81,min
s7446,112 min,112,min
s7447,1 Season,1,Seasons
s7448,1 Season,1,Seasons
s7449,106 min,106,min
s7450,1 Season,1,Seasons
s7451,148 min,148,min
s7452,105 min,105,min
s7453,92 min,92,min
s7454,1 Season,1,Seasons
s7455,112 min,112,min
s7456,1 Season,1,Seasons
s7457,128 min,128,min
s7458,2 Seasons,2,Seasons
s7459,128 min,128,min
s7460,1 Season,1,Seasons
s7461,136 min,136,min
s7462,106 min,106,min
s7463,129 min,129,min
s7464,1 Season,1,Seasons
s7465,90 min,90,min
s7466,130 min,130,min
s7467,85 min,85,min
s7468,90 min,90,min
s7469,1 Season,1,Seasons
s7470,94 min,94,min
s7471,86 min,86,min
s7472,100 min,100,min
s7473,107 min,107,min
s7474,93 min,93,min
s7475,109 min,109,min
s7476,109 min,109,min
s7477,92 min,92,min
s7478,93 min,93,min
s7479,100 min,100,min
s7480,141 min,141,min
s7481,1 Season,1,Seasons
s7482,119 min,119,min
s7483,84 min,84,min
s7484,1 Season,1,Seasons
s7485,96 min,96,min
s7486,1 Season,1,Seasons
s7487,83 min,83,min
s7488,117 min,117,min
s7489,93 min,93,min
s7490,73 min,73,min
s7491,72 min,72,min
s7492,46 min,46,min
s7493,74 min,74,min
s7494,46 min,46,min
s7495,46 min,46,min
s7496,74 min,74,min
s7497,71 min,71,min
s7498,72 min,72,min
s7499,76 min,76,min
s7500,23 min,23,min
s7501,60 min,60,min
s7502,46 min,46,min
s7503,2 Seasons,2,Seasons
s7504,101 min,101,min
s7505,1 Season,1,Seasons
s7506,1 Season,1,Seasons
s7507,97 min,97,min
s7508,111 min,111,min
s7509,96 min,96,min
s7510,135 min,135,min
s7511,91 min,91,min
s7512,84 min,84,min
s7513,121 min,121,min
s7514,109 min,109,min
s7515,74 min,74,min
s7516,94 min,94,min
s7517,105 min,105,min
s7518,97 min,97,min
s7519,102 min,102,min
s7520,86 min,86,min
s7521,88 min,88,min
s7522,2 Seasons,2,Seasons
s7523,90 min,90,min
s7524,131 min,131,min
s7525,158 min,158,min
s7526,85 min,85,min
s7527,110 min,110,min
s7528,79 min,79,min
s7529,3 Seasons,3,Seasons
s7530,2 Seasons,2,Seasons
s7531,185 min,185,min
s7532,80 min,80,min
s7533,116 min,116,min
s7534,95 min,95,min
s7535,99 min,99,min
s7536,77 min,77,min
s7537,91 min,91,min
s7538,115 min,115,min
s7539,1 Season,1,Seasons
s7540,68 min,68,min
s7541,1 Season,1,Seasons
s7542,72 min,72,min
s7543,73 min,73,min
s7544,104 min,104,min
s7545,90 min,90,min
s7546,99 min,99,min
s7547,109 min,109,min
s7548,1 Season,1,Seasons
s7549,108 min,108,min
s7550,99 min,99,min
s7551,99 min,99,min
s7552,1 Season,1,Seasons
s7553,88 min,88,min
s7554,92 min,92,min
s7555,73 min,73,min
s7556,85 min,85,min
s7557,91 min,91,min
s7558,171 min,171,min
s7559,80 min,80,min
s7560,102 min,102,min
s7561,76 min,76,min
s7562,92 min,92,min
s7563,82 min,82,min
s7564,42 min,42,min
s7565,131 min,131,min
s7566,165 min,165,min
s7567,91 min,91,min
s7568,101 min,101,min
s7569,1 Season,1,Seasons
s7570,1 Season,1,Seasons
s7571,53 min,53,min
s7572,1 Season,1,Seasons
s7573,1 Season,1,Seasons
s7574,1 Season,1,Seasons
s7575,3 Seasons,3,Seasons
s7576,59 min,59,min
s7577,3 Seasons,3,Seasons
s7578,108 min,108,min
s7579,89 min,89,min
s7580,91 min,91,min
s7581,84 min,84,min
s7582,96 min,96,min
s7583,124 min,124,min
s7584,87 min,87,min
s7585,113 min,113,min
s7586,118 min,118,min
s7587,2 Seasons,2,Seasons
s7588,97 min,97,min
s7589,1 Season,1,Seasons
s7590,1 Season,1,Seasons
s7591,161 min,161,min
s7592,116 min,116,min
s7593,104 min,104,min
s7594,1 Season,1,Seasons
s7595,89 min,89,min
s7596,92 min,92,min
s7597,90 min,90,min
s7598,1 Season,1,Seasons
s7599,50 min,50,min
s7600,53 min,53,min
s7601,113 min,113,min
s7602,53 min,53,min
s7603,54 min,54,min
s7604,53 min,53,min
s7605,54 min,54,min
s7606,113 min,113,min
s7607,53 min,53,min
s7608,53 min,53,min
s7609,53 min,53,min
s7610,54 min,54,min
s7611,54 min,54,min
s7612,52 min,52,min
s7613,54 min,54,min
s7614,54 min,54,min
s7615,53 min,53,min
s7616,53 min,53,min
s7617,53 min,53,min
s7618,113 min,113,min
s7619,53 min,53,min
s7620,86 min,86,min
s7621,102 min,102,min
s7622,114 min,114,min
s7623,99 min,99,min
s7624,1 Season,1,Seasons
s7625,1 Season,1,Seasons
s7626,55 min,55,min
s7627,91 min,91,min
s7628,1 Season,1,Seasons
s7629,7 Seasons,7,Seasons
s7630,1 Season,1,Seasons
s7631,117 min,117,min
s7632,124 min,124,min
s7633,1 Season,1,Seasons
s7634,122 min,122,min
s7635,84 min,84,min
s7636,84 min,84,min
s7637,120 min,120,min
s7638,127 min,127,min
s7639,122 min,122,min
s7640,125 min,125,min
s7641,1 Season,1,Seasons
s7642,107 min,107,min
s7643,91 min,91,min
s7644,103 min,103,min
s7645,103 min,103,min
s7646,106 min,106,min
s7647,2 Seasons,2,Seasons
s7648,102 min,102,min
s7649,1 Season,1,Seasons
s7650,1 Season,1,Seasons
s7651,97 min,97,min
s7652,89 min,89,min
s7653,92 min,92,min
s7654,107 min,107,min
s7655,86 min,86,min
s7656,70 min,70,min
s7657,66 min,66,min
s7658,72 min,72,min
s7659,111 min,111,min
s7660,166 min,166,min
s7661,135 min,135,min
s7662,92 min,92,min
s7663,87 min,87,min
s7664,92 min,92,min
s7665,89 min,89,min
s7666,93 min,93,min
s7667,1 Season,1,Seasons
s7668,90 min,90,min
s7669,76 min,76,min
s7670,86 min,86,min
s7671,111 min,111,min
s7672,1 Season,1,Seasons
s7673,124 min,124,min
s7674,93 min,93,min
s7675,1 Season,1,Seasons
s7676,1 Season,1,Seasons
s7677,139 min,139,min
s7678,91 min,91,min
s7679,86 min,86,min
s7680,3 Seasons,3,Seasons
s7681,122 min,122,min
s7682,96 min,96,min
s7683,88 min,88,min
s7684,93 min,93,min
s7685,90 min,90,min
s7686,103 min,103,min
s7687,102 min,102,min
s7688,105 min,105,min
s7689,117 min,117,min
s7690,1 Season,1,Seasons
s7691,126 min,126,min
s7692,89 min,89,min
s7693,82 min,82,min
s7694,1 Season,1,Seasons
s7695,82 min,82,min
s7696,98 min,98,min
s7697,96 min,96,min
s7698,108 min,108,min
s7699,1 Season,1,Seasons
s7700,91 min,91,min
s7701,163 min,163,min
s7702,112 min,112,min
s7703,137 min,137,min
s7704,89 min,89,min
s7705,86 min,86,min
s7706,2 Seasons,2,Seasons
s7707,187 min,187,min
s7708,109 min,109,min
s7709,77 min,77,min
s7710,7 Seasons,7,Seasons
s7711,1 Season,1,Seasons
s7712,84 min,84,min
s7713,140 min,140,min
s7714,68 min,68,min
s7715,117 min,117,min
s7716,105 min,105,min
s7717,91 min,91,min
s7718,104 min,104,min
s7719,1 Season,1,Seasons
s7720,114 min,114,min
s7721,112 min,112,min
s7722,5 Seasons,5,Seasons
s7723,48 min,48,min
s7724,95 min,95,min
s7725,89 min,89,min
s7726,3 Seasons,3,Seasons
s7727,108 min,108,min
s7728,72 min,72,min
s7729,109 min,109,min
s7730,5 Seasons,5,Seasons
s7731,105 min,105,min
s7732,92 min,92,min
s7733,95 min,95,min
s7734,108 min,108,min
s7735,85 min,85,min
s7736,126 min,126,min
s7737,118 min,118,min
s7738,125 min,125,min
s7739,112 min,112,min
s7740,96 min,96,min
s7741,81 min,81,min
s7742,81 min,81,min
s7743,92 min,92,min
s7744,1 Season,1,Seasons
s7745,127 min,127,min
s7746,81 min,81,min
s7747,133 min,133,min
s7748,1 Season,1,Seasons
s7749,1 Season,1,Seasons
s7750,81 min,81,min
s7751,108 min,108,min
s7752,120 min,120,min
s7753,149 min,149,min
s7754,92 min,92,min
s7755,96 min,96,min
s7756,114 min,114,min
s7757,8 Seasons,8,Seasons
s7758,77 min,77,min
s7759,90 min,90,min
s7760,1 Season,1,Seasons
s7761,1 Season,1,Seasons
s7762,1 Season,1,Seasons
s7763,1 Season,1,Seasons
s7764,1 Season,1,Seasons
s7765,1 Season,1,Seasons
s7766,1 Season,1,Seasons
s7767,1 Season,1,Seasons
s7768,1 Season,1,Seasons
s7769,1 Season,1,Seasons
s7770,1 Season,1,Seasons
s7771,1 Season,1,Seasons
s7772,1 Season,1,Seasons
s7773,1 Season,1,Seasons
s7774,1 Season,1,Seasons
s7775,24 min,24,min
s7776,46 min,46,min
s7777,24 min,24,min
s7778,1 Season,1,Seasons
s7779,55 min,55,min
s7780,1 Season,1,Seasons
s7781,24 min,24,min
s7782,23 min,23,min
s7783,1 Season,1,Seasons
s7784,1 Season,1,Seasons
s7785,1 Season,1,Seasons
s7786,1 Season,1,Seasons
s7787,1 Season,1,Seasons
s7788,24 min,24,min
s7789,24 min,24,min
s7790,106 min,106,min
s7791,52 min,52,min
s7792,127 min,127,min
s7793,86 min,86,min
s7794,131 min,131,min
s7795,93 min,93,min
s7796,1 Season,1,Seasons
s7797,97 min,97,min
s7798,84 min,84,min
s7799,1 Season,1,Seasons
s7800,83 min,83,min
s7801,2 Seasons,2,Seasons
s7802,165 min,165,min
s7803,154 min,154,min
s7804,158 min,158,min
s7805,89 min,89,min
s7806,149 min,149,min
s7807,3 Seasons,3,Seasons
s7808,96 min,96,min
s7809,1 Season,1,Seasons
s7810,106 min,106,min
s7811,1 Season,1,Seasons
s7812,128 min,128,min
s7813,1 Season,1,Seasons
s7814,1 Season,1,Seasons
s7815,98 min,98,min
s7816,1 Season,1,Seasons
s7817,99 min,99,min
s7818,113 min,113,min
s7819,71 min,71,min
s7820,83 min,83,min
s7821,129 min,129,min
s7822,117 min,117,min
s7823,93 min,93,min
s7824,124 min,124,min
s7825,177 min,177,min
s7826,104 min,104,min
s7827,113 min,113,min
s7828,178 min,178,min
s7829,1 Season,1,Seasons
s7830,90 min,90,min
s7831,154 min,154,min
s7832,122 min,122,min
s7833,115 min,115,min
s7834,126 min,126,min
s7835,88 min,88,min
s7836,1 Season,1,Seasons
s7837,99 min,99,min
s7838,144 min,144,min
s7839,1 Season,1,Seasons
s7840,111 min,111,min
s7841,1 Season,1,Seasons
s7842,73 min,73,min
s7843,4 Seasons,4,Seasons
s7844,81 min,81,min
s7845,114 min,114,min
s7846,112 min,112,min
s7847,80 min,80,min
s7848,13 Seasons,13,Seasons
s7849,24 min,24,min
s7850,100 min,100,min
s7851,2 Seasons,2,Seasons
s7852,96 min,96,min
s7853,88 min,88,min
s7854,95 min,95,min
s7855,112 min,112,min
s7856,112 min,112,min
s7857,6 Seasons,6,Seasons
s7858,97 min,97,min
s7859,97 min,97,min
s7860,94 min,94,min
s7861,97 min,97,min
s7862,118 min,118,min
s7863,1 Season,1,Seasons
s7864,95 min,95,min
s7865,1 Season,1,Seasons
s7866,120 min,120,min
s7867,84 min,84,min
s7868,4 Seasons,4,Seasons
s7869,101 min,101,min
s7870,103 min,103,min
s7871,5 Seasons,5,Seasons
s7872,83 min,83,min
s7873,1 Season,1,Seasons
s7874,107 min,107,min
s7875,136 min,136,min
s7876,96 min,96,min
s7877,45 min,45,min
s7878,92 min,92,min
s7879,1 Season,1,Seasons
s7880,120 min,120,min
s7881,119 min,119,min
s7882,100 min,100,min
s7883,92 min,92,min
s7884,104 min,104,min
s7885,93 min,93,min
s7886,98 min,98,min
s7887,80 min,80,min
s7888,79 min,79,min
s7889,122 min,122,min
s7890,118 min,118,min
s7891,89 min,89,min
s7892,26 min,26,min
s7893,3 Seasons,3,Seasons
s7894,62 min,62,min
s7895,137 min,137,min
s7896,121 min,121,min
s7897,8 Seasons,8,Seasons
s7898,1 Season,1,Seasons
s7899,103 min,103,min
s7900,92 min,92,min
s7901,89 min,89,min
s7902,97 min,97,min
s7903,134 min,134,min
s7904,116 min,116,min
s7905,110 min,110,min
s7906,88 min,88,min
s7907,3 Seasons,3,Seasons
s7908,93 min,93,min
s7909,1 Season,1,Seasons
s7910,72 min,72,min
s7911,141 min,141,min
s7912,82 min,82,min
s7913,117 min,117,min
s7914,118 min,118,min
s7915,91 min,91,min
s7916,105 min,105,min
s7917,94 min,94,min
s7918,137 min,137,min
s7919,1 Season,1,Seasons
s7920,61 min,61,min
s7921,86 min,86,min
s7922,118 min,118,min
s7923,173 min,173,min
s7924,152 min,152,min
s7925,99 min,99,min
s7926,110 min,110,min
s7927,116 min,116,min
s7928,107 min,107,min
s7929,109 min,109,min
s7930,65 min,65,min
s7931,32 min,32,min
s7932,122 min,122,min
s7933,228 min,228,min
s7934,86 min,86,min
s7935,72 min,72,min
s7936,102 min,102,min
s7937,140 min,140,min
s7938,145 min,145,min
s7939,126 min,126,min
s7940,133 min,133,min
s7941,141 min,141,min
s7942,78 min,78,min
s7943,1 Season,1,Seasons
s7944,150 min,150,min
s7945,153 min,153,min
s7946,83 min,83,min
s7947,95 min,95,min
s7948,93 min,93,min
s7949,1 Season,1,Seasons
s7950,126 min,126,min
s7951,95 min,95,min
s7952,99 min,99,min
s7953,93 min,93,min
s7954,7 Seasons,7,Seasons
s7955,93 min,93,min
s7956,88 min,88,min
s7957,88 min,88,min
s7958,195 min,195,min
s7959,120 min,120,min
s7960,77 min,77,min
s7961,112 min,112,min
s7962,121 min,121,min
s7963,117 min,117,min
s7964,90 min,90,min
s7965,110 min,110,min
s7966,86 min,86,min
s7967,95 min,95,min
s7968,101 min,101,min
s7969,1 Season,1,Seasons
s7970,111 min,111,min
s7971,54 min,54,min
s7972,54 min,54,min
s7973,54 min,54,min
s7974,55 min,55,min
s7975,54 min,54,min
s7976,55 min,55,min
s7977,55 min,55,min
s7978,55 min,55,min
s7979,55 min,55,min
s7980,55 min,55,min
s7981,102 min,102,min
s7982,106 min,106,min
s7983,1 Season,1,Seasons
s7984,69 min,69,min
s7985,1 Season,1,Seasons
s7986,85 min,85,min
s7987,146 min,146,min
s7988,145 min,145,min
s7989,103 min,103,min
s7990,111 min,111,min
s7991,125 min,125,min
s7992,1 Season,1,Seasons
s7993,115 min,115,min
s7994,1 Season,1,Seasons
s7995,168 min,168,min
s7996,109 min,109,min
s7997,148 min,148,min
s7998,92 min,92,min
s7999,91 min,91,min
s8000,135 min,135,min
s8001,71 min,71,min
s8002,112 min,112,min
s8003,4 Seasons,4,Seasons
s8004,128 min,128,min
s8005,168 min,168,min
s8006,45 min,45,min
s8007,75 min,75,min
s8008,71 min,71,min
s8009,122 min,122,min
s8010,97 min,97,min
s8011,89 min,89,min
s8012,98 min,98,min
s8013,115 min,115,min
s8014,96 min,96,min
s8015,119 min,119,min
s8016,1 Season,1,Seasons
s8017,105 min,105,min
s8018,88 min,88,min
s8019,94 min,94,min
s8020,77 min,77,min
s8021,2 Seasons,2,Seasons
s8022,1 Season,1,Seasons
s8023,3 Seasons,3,Seasons
s8024,143 min,143,min
s8025,127 min,127,min
s8026,92 min,92,min
s8027,87 min,87,min
s8028,83 min,83,min
s8029,95 min,95,min
s8030,96 min,96,min
s8031,3 Seasons,3,Seasons
s8032,1 Season,1,Seasons
s8033,107 min,107,min
s8034,100 min,100,min
s8035,49 min,49,min
s8036,94 min,94,min
s8037,101 min,101,min
s8038,89 min,89,min
s8039,135 min,135,min
s8040,107 min,107,min
s8041,1 Season,1,Seasons
s8042,84 min,84,min
s8043,110 min,110,min
s8044,95 min,95,min
s8045,66 min,66,min
s8046,83 min,83,min
s8047,86 min,86,min
s8048,137 min,137,min
s8049,87 min,87,min
s8050,142 min,142,min
s8051,94 min,94,min
s8052,135 min,135,min
s8053,135 min,135,min
s8054,104 min,104,min
s8055,97 min,97,min
s8056,128 min,128,min
s8057,109 min,109,min
s8058,73 min,73,min
s8059,1 Season,1,Seasons
s8060,106 min,106,min
s8061,94 min,94,min
s8062,85 min,85,min
s8063,1 Season,1,Seasons
s8064,98 min,98,min
s8065,4 Seasons,4,Seasons
s8066,96 min,96,min
s8067,75 min,75,min
s8068,139 min,139,min
s8069,117 min,117,min
s8070,95 min,95,min
s8071,2 Seasons,2,Seasons
s8072,129 min,129,min
s8073,94 min,94,min
s8074,112 min,112,min
s8075,88 min,88,min
s8076,100 min,100,min
s8077,83 min,83,min
s8078,93 min,93,min
s8079,103 min,103,min
s8080,88 min,88,min
s8081,86 min,86,min
s8082,88 min,88,min
s8083,152 min,152,min
s8084,1 Season,1,Seasons
s8085,106 min,106,min
s8086,1 Season,1,Seasons
s8087,52 min,52,min
s8088,98 min,98,min
s8089,89 min,89,min
s8090,86 min,86,min
s8091,106 min,106,min
s8092,100 min,100,min
s8093,91 min,91,min
s8094,1 Season,1,Seasons
s8095,1 Season,1,Seasons
s8096,113 min,113,min
s8097,100 min,100,min
s8098,1 Season,1,Seasons
s8099,132 min,132,min
s8100,96 min,96,min
s8101,96 min,96,min
s8102,113 min,113,min
s8103,1 Season,1,Seasons
s8104,95 min,95,min
s8105,85 min,85,min
s8106,106 min,106,min
s8107,117 min,117,min
s8108,1 Season,1,Seasons
s8109,123 min,123,min
s8110,1 Season,1,Seasons
s8111,78 min,78,min
s8112,95 min,95,min
s8113,135 min,135,min
s8114,130 min,130,min
s8115,115 min,115,min
s8116,114 min,114,min
s8117,107 min,107,min
s8118,1 Season,1,Seasons
s8119,93 min,93,min
s8120,94 min,94,min
s8121,85 min,85,min
s8122,1 Season,1,Seasons
s8123,63 min,63,min
s8124,104 min,104,min
s8125,127 min,127,min
s8126,3 Seasons,3,Seasons
s8127,113 min,113,min
s8128,91 min,91,min
s8129,154 min,154,min
s8130,1 Season,1,Seasons
s8131,82 min,82,min
s8132,98 min,98,min
s8133,1 Season,1,Seasons
s8134,103 min,103,min
s8135,86 min,86,min
s8136,92 min,92,min
s8137,123 min,123,min
s8138,1 Season,1,Seasons
s8139,116 min,116,min
s8140,93 min,93,min
s8141,97 min,97,min
s8142,108 min,108,min
s8143,101 min,101,min
s8144,1 Season,1,Seasons
s8145,177 min,177,min
s8146,95 min,95,min
s8147,97 min,97,min
s8148,2 Seasons,2,Seasons
s8149,1 Season,1,Seasons
s8150,111 min,111,min
s8151,81 min,81,min
s8152,89 min,89,min
s8153,72 min,72,min
s8154,112 min,112,min
s8155,48 min,48,min
s8156,81 min,81,min
s8157,137 min,137,min
s8158,89 min,89,min
s8159,87 min,87,min
s8160,88 min,88,min
s8161,94 min,94,min
s8162,125 min,125,min
s8163,67 min,67,min
s8164,108 min,108,min
s8165,102 min,102,min
s8166,1 Season,1,Seasons
s8167,109 min,109,min
s8168,115 min,115,min
s8169,98 min,98,min
s8170,84 min,84,min
s8171,133 min,133,min
s8172,121 min,121,min
s8173,1 Season,1,Seasons
s8174,1 Season,1,Seasons
s8175,8 Seasons,8,Seasons
s8176,1 Season,1,Seasons
s8177,100 min,100,min
s8178,117 min,117,min
s8179,78 min,78,min
s8180,87 min,87,min
s8181,2 Seasons,2,Seasons
s8182,88 min,88,min
s8183,2 Seasons,2,Seasons
s8184,93 min,93,min
s8185,107 min,107,min
s8186,99 min,99,min
s8187,140 min,140,min
s8188,113 min,113,min
s8189,89 min,89,min
s8190,8 Seasons,8,Seasons
s8191,97 min,97,min
s8192,97 min,97,min
s8193,108 min,108,min
s8194,2 Seasons,2,Seasons
s8195,80 min,80,min
s8196,90 min,90,min
s8197,117 min,117,min
s8198,95 min,95,min
s8199,86 min,86,min
s8200,1 Season,1,Seasons
s8201,100 min,100,min
s8202,87 min,87,min
s8203,101 min,101,min
s8204,83 min,83,min
s8205,89 min,89,min
s8206,18 min,18,min
s8207,1 Season,1,Seasons
s8208,1 Season,1,Seasons
s8209,1 Season,1,Seasons
s8210,1 Season,1,Seasons
s8211,72 min,72,min
s8212,95 min,95,min
s8213,95 min,95,min
s8214,98 min,98,min
s8215,1 Season,1,Seasons
s8216,59 min,59,min
s8217,1 Season,1,Seasons
s8218,118 min,118,min
s8219,98 min,98,min
s8220,111 min,111,min
s8221,116 min,116,min
s8222,97 min,97,min
s8223,95 min,95,min
s8224,122 min,122,min
s8225,95 min,95,min
s8226,93 min,93,min
s8227,107 min,107,min
s8228,119 min,119,min
s8229,119 min,119,min
s8230,97 min,97,min
s8231,96 min,96,min
s8232,103 min,103,min
s8233,96 min,96,min
s8234,106 min,106,min
s8235,109 min,109,min
s8236,1 Season,1,Seasons
s8237,112 min,112,min
s8238,96 min,96,min
s8239,60 min,60,min
s8240,113 min,113,min
s8241,126 min,126,min
s8242,109 min,109,min
s8243,93 min,93,min
s8244,1 Season,1,Seasons
s8245,101 min,101,min
s8246,111 min,111,min
s8247,107 min,107,min
s8248,100 min,100,min
s8249,92 min,92,min
s8250,103 min,103,min
s8251,1 Season,1,Seasons
s8252,105 min,105,min
s8253,103 min,103,min
s8254,101 min,101,min
s8255,123 min,123,min
s8256,114 min,114,min
s8257,101 min,101,min
s8258,2 Seasons,2,Seasons
s8259,99 min,99,min
s8260,102 min,102,min
s8261,66 min,66,min
s8262,112 min,112,min
s8263,1 Season,1,Seasons
s8264,101 min,101,min
s8265,99 min,99,min
s8266,105 min,105,min
s8267,93 min,93,min
s8268,121 min,121,min
s8269,75 min,75,min
s8270,95 min,95,min
s8271,100 min,100,min
s8272,2 Seasons,2,Seasons
s8273,151 min,151,min
s8274,78 min,78,min
s8275,85 min,85,min
s8276,69 min,69,min
s8277,84 min,84,min
s8278,1 Season,1,Seasons
s8279,88 min,88,min
s8280,86 min,86,min
s8281,121 min,121,min
s8282,99 min,99,min
s8283,1 Season,1,Seasons
s8284,110 min,110,min
s8285,104 min,104,min
s8286,95 min,95,min
s8287,96 min,96,min
s8288,1 Season,1,Seasons
s8289,106 min,106,min
s8290,112 min,112,min
s8291,85 min,85,min
s8292,107 min,107,min
s8293,76 min,76,min
s8294,1 Season,1,Seasons
s8295,95 min,95,min
s8296,88 min,88,min
s8297,116 min,116,min
s8298,121 min,121,min
s8299,82 min,82,min
s8300,87 min,87,min
s8301,46 min,46,min
s8302,103 min,103,min
s8303,1 Season,1,Seasons
s8304,97 min,97,min
s8305,91 min,91,min
s8306,91 min,91,min
s8307,101 min,101,min
s8308,104 min,104,min
s8309,92 min,92,min
s8310,113 min,113,min
s8311,89 min,89,min
s8312,5 Seasons,5,Seasons
s8313,115 min,115,min
s8314,84 min,84,min
s8315,106 min,106,min
s8316,2 Seasons,2,Seasons
s8317,1 Season,1,Seasons
s8318,124 min,124,min
s8319,83 min,83,min
s8320,107 min,107,min
s8321,158 min,158,min
s8322,1 Season,1,Seasons
s8323,95 min,95,min
s8324,97 min,97,min
s8325,97 min,97,min
s8326,89 min,89,min
s8327,161 min,161,min
s8328,205 min,205,min
s8329,123 min,123,min
s8330,190 min,190,min
s8331,136 min,136,min
s8332,4 Seasons,4,Seasons
s8333,161 min,161,min
s8334,133 min,133,min
s8335,1 Season,1,Seasons
s8336,119 min,119,min
s8337,1 Season,1,Seasons
s8338,94 min,94,min
s8339,85 min,85,min
s8340,108 min,108,min
s8341,71 min,71,min
s8342,147 min,147,min
s8343,88 min,88,min
s8344,99 min,99,min
s8345,96 min,96,min
s8346,97 min,97,min
s8347,92 min,92,min
s8348,1 Season,1,Seasons
s8349,79 min,79,min
s8350,3 Seasons,3,Seasons
s8351,53 min,53,min
s8352,94 min,94,min
s8353,123 min,123,min
s8354,1 Season,1,Seasons
s8355,103 min,103,min
s8356,111 min,111,min
s8357,123 min,123,min
s8358,3 Seasons,3,Seasons
s8359,100 min,100,min
s8360,75 min,75,min
s8361,118 min,118,min
s8362,96 min,96,min
s8363,108 min,108,min
s8364,99 min,99,min
s8365,103 min,103,min
s8366,99 min,99,min
s8367,2 Seasons,2,Seasons
s8368,100 min,100,min
s8369,1 Season,1,Seasons
s8370,105 min,105,min
s8371,52 min,52,min
s8372,1 Season,1,Seasons
s8373,106 min,106,min
s8374,1 Season,1,Seasons
s8375,90 min,90,min
s8376,95 min,95,min
s8377,1 Season,1,Seasons
s8378,118 min,118,min
s8379,6 Seasons,6,Seasons
s8380,1 Season,1,Seasons
s8381,98 min,98,min
s8382,86 min,86,min
s8383,84 min,84,min
s8384,93 min,93,min
s8385,88 min,88,min
s8386,131 min,131,min
s8387,44 min,44,min
s8388,96 min,96,min
s8389,70 min,70,min
s8390,88 min,88,min
s8391,87 min,87,min
s8392,118 min,118,min
s8393,1 Season,1,Seasons
s8394,89 min,89,min
s8395,85 min,85,min
s8396,107 min,107,min
s8397,138 min,138,min
s8398,1 Season,1,Seasons
s8399,119 min,119,min
s8400,93 min,93,min
s8401,87 min,87,min
s8402,121 min,121,min
s8403,95 min,95,min
s8404,103 min,103,min
s8405,201 min,201,min
s8406,179 min,179,min
s8407,87 min,87,min
s8408,98 min,98,min
s8409,82 min,82,min
s8410,85 min,85,min
s8411,90 min,90,min
s8412,1 Season,1,Seasons
s8413,68 min,68,min
s8414,138 min,138,min
s8415,136 min,136,min
s8416,138 min,138,min
s8417,129 min,129,min
s8418,116 min,116,min
s8419,130 min,130,min
s8420,40 min,40,min
s8421,94 min,94,min
s8422,1 Season,1,Seasons
s8423,5 Seasons,5,Seasons
s8424,2 Seasons,2,Seasons
s8425,3 Seasons,3,Seasons
s8426,104 min,104,min
s8427,91 min,91,min
s8428,70 min,70,min
s8429,1 Season,1,Seasons
s8430,1 Season,1,Seasons
s8431,104 min,104,min
s8432,1 Season,1,Seasons
s8433,115 min,115,min
s8434,85 min,85,min
s8435,85 min,85,min
s8436,138 min,138,min
s8437,40 min,40,min
s8438,1 Season,1,Seasons
s8439,82 min,82,min
s8440,1 Season,1,Seasons
s8441,90 min,90,min
s8442,99 min,99,min
s8443,9 Seasons,9,Seasons
s8444,91 min,91,min
s8445,106 min,106,min
s8446,108 min,108,min
s8447,94 min,94,min
s8448,87 min,87,min
s8449,124 min,124,min
s8450,141 min,141,min
s8451,93 min,93,min
s8452,103 min,103,min
s8453,141 min,141,min
s8454,155 min,155,min
s8455,93 min,93,min
s8456,78 min,78,min
s8457,118 min,118,min
s8458,88 min,88,min
s8459,140 min,140,min
s8460,124 min,124,min
s8461,110 min,110,min
s8462,100 min,100,min
s8463,96 min,96,min
s8464,116 min,116,min
s8465,91 min,91,min
s8466,111 min,111,min
s8467,98 min,98,min
s8468,125 min,125,min
s8469,76 min,76,min
s8470,117 min,117,min
s8471,90 min,90,min
s8472,1 Season,1,Seasons
s8473,119 min,119,min
s8474,136 min,136,min
s8475,1 Season,1,Seasons
s8476,52 min,52,min
s8477,1 Season,1,Seasons
s8478,81 min,81,min
s8479,77 min,77,min
s8480,120 min,120,min
s8481,102 min,102,min
s8482,90 min,90,min
s8483,1 Season,1,Seasons
s8484,90 min,90,min
s8485,92 min,92,min
s8486,93 min,93,min
s8487,116 min,116,min
s8488,107 min,107,min
s8489,87 min,87,min
s8490,111 min,111,min
s8491,1 Season,1,Seasons
s8492,101 min,101,min
s8493,91 min,91,min
s8494,103 min,103,min
s8495,120 min,120,min
s8496,90 min,90,min
s8497,92 min,92,min
s8498,99 min,99,min
s8499,124 min,124,min
s8500,111 min,111,min
s8501,32 min,32,min
s8502,86 min,86,min
s8503,104 min,104,min
s8504,1 Season,1,Seasons
s8505,123 min,123,min
s8506,105 min,105,min
s8507,97 min,97,min
s8508,97 min,97,min
s8509,90 min,90,min
s8510,163 min,163,min
s8511,3 Seasons,3,Seasons
s8512,121 min,121,min
s8513,120 min,120,min
s8514,95 min,95,min
s8515,84 min,84,min
s8516,94 min,94,min
s8517,94 min,94,min
s8518,122 min,122,min
s8519,2 Seasons,2,Seasons
s8520,1 Season,1,Seasons
s8521,90 min,90,min
s8522,91 min,91,min
s8523,89 min,89,min
s8524,1 Season,1,Seasons
s8525,98 min,98,min
s8526,106 min,106,min
s8527,139 min,139,min
s8528,83 min,83,min
s8529,96 min,96,min
s8530,94 min,94,min
s8531,58 min,58,min
s8532,96 min,96,min
s8533,107 min,107,min
s8534,1 Season,1,Seasons
s8535,104 min,104,min
s8536,94 min,94,min
s8537,108 min,108,min
s8538,91 min,91,min
s8539,58 min,58,min
s8540,4 Seasons,4,Seasons
s8541,99 min,99,min
s8542,4 Seasons,4,Seasons
s8543,96 min,96,min
s8544,93 min,93,min
s8545,1 Season,1,Seasons
s8546,1 Season,1,Seasons
s8547,106 min,106,min
s8548,103 min,103,min
s8549,91 min,91,min
s8550,1 Season,1,Seasons
s8551,98 min,98,min
s8552,1 Season,1,Seasons
s8553,111 min,111,min
s8554,112 min,112,min
s8555,90 min,90,min
s8556,101 min,101,min
s8557,98 min,98,min
s8558,7 Seasons,7,Seasons
s8559,92 min,92,min
s8560,88 min,88,min
s8561,1 Season,1,Seasons
s8562,47 min,47,min
s8563,100 min,100,min
s8564,114 min,114,min
s8565,128 min,128,min
s8566,53 min,53,min
s8567,89 min,89,min
s8568,1 Season,1,Seasons
s8569,83 min,83,min
s8570,85 min,85,min
s8571,94 min,94,min
s8572,104 min,104,min
s8573,89 min,89,min
s8574,86 min,86,min
s8575,1 Season,1,Seasons
s8576,1 Season,1,Seasons
s8577,107 min,107,min
s8578,77 min,77,min
s8579,123 min,123,min
s8580,122 min,122,min
s8581,131 min,131,min
s8582,77 min,77,min
s8583,125 min,125,min
s8584,125 min,125,min
s8585,88 min,88,min
s8586,96 min,96,min
s8587,93 min,93,min
s8588,42 min,42,min
s8589,1 Season,1,Seasons
s8590,108 min,108,min
s8591,151 min,151,min
s8592,125 min,125,min
s8593,1 Season,1,Seasons
s8594,1 Season,1,Seasons
s8595,78 min,78,min
s8596,97 min,97,min
s8597,1 Season,1,Seasons
s8598,84 min,84,min
s8599,108 min,108,min
s8600,3 Seasons,3,Seasons
s8601,2 Seasons,2,Seasons
s8602,89 min,89,min
s8603,60 min,60,min
s8604,119 min,119,min
s8605,1 Season,1,Seasons
s8606,3 Seasons,3,Seasons
s8607,87 min,87,min
s8608,104 min,104,min
s8609,94 min,94,min
s8610,1 Season,1,Seasons
s8611,94 min,94,min
s8612,130 min,130,min
s8613,88 min,88,min
s8614,118 min,118,min
s8615,94 min,94,min
s8616,114 min,114,min
s8617,119 min,119,min
s8618,114 min,114,min
s8619,94 min,94,min
s8620,82 min,82,min
s8621,82 min,82,min
s8622,96 min,96,min
s8623,100 min,100,min
s8624,104 min,104,min
s8625,101 min,101,min
s8626,99 min,99,min
s8627,98 min,98,min
s8628,100 min,100,min
s8629,134 min,134,min
s8630,173 min,173,min
s8631,113 min,113,min
s8632,91 min,91,min
s8633,110 min,110,min
s8634,1 Season,1,Seasons
s8635,90 min,90,min
s8636,128 min,128,min
s8637,108 min,108,min
s8638,124 min,124,min
s8639,89 min,89,min
s8640,162 min,162,min
s8641,76 min,76,min
s8642,96 min,96,min
s8643,102 min,102,min
s8644,53 min,53,min
s8645,2 Seasons,2,Seasons
s8646,86 min,86,min
s8647,2 Seasons,2,Seasons
s8648,89 min,89,min
s8649,80 min,80,min
s8650,95 min,95,min
s8651,78 min,78,min
s8652,90 min,90,min
s8653,125 min,125,min
s8654,4 Seasons,4,Seasons
s8655,94 min,94,min
s8656,90 min,90,min
s8657,104 min,104,min
s8658,40 min,40,min
s8659,108 min,108,min
s8660,94 min,94,min
s8661,61 min,61,min
s8662,94 min,94,min
s8663,105 min,105,min
s8664,83 min,83,min
s8665,110 min,110,min
s8666,121 min,121,min
s8667,95 min,95,min
s8668,130 min,130,min
s8669,132 min,132,min
s8670,2 Seasons,2,Seasons
s8671,90 min,90,min
s8672,117 min,117,min
s8673,130 min,130,min
s8674,78 min,78,min
s8675,106 min,106,min
s8676,110 min,110,min
s8677,91 min,91,min
s8678,113 min,113,min
s8679,101 min,101,min
s8680,2 Seasons,2,Seasons
s8681,125 min,125,min
s8682,116 min,116,min
s8683,106 min,106,min
s8684,113 min,113,min
s8685,3 Seasons,3,Seasons
s8686,99 min,99,min
s8687,130 min,130,min
s8688,120 min,120,min
s8689,94 min,94,min
s8690,94 min,94,min
s8691,2 Seasons,2,Seasons
s8692,109 min,109,min
s8693,94 min,94,min
s8694,96 min,96,min
s8695,103 min,103,min
s8696,109 min,109,min
s8697,147 min,147,min
s8698,98 min,98,min
s8699,73 min,73,min
s8700,92 min,92,min
s8701,1 Season,1,Seasons
s8702,78 min,78,min
s8703,68 min,68,min
s8704,96 min,96,min
s8705,83 min,83,min
s8706,91 min,91,min
s8707,93 min,93,min
s8708,38 min,38,min
s8709,94 min,94,min
s8710,91 min,91,min
s8711,8 Seasons,8,Seasons
s8712,95 min,95,min
s8713,2 Seasons,2,Seasons
s8714,124 min,124,min
s8715,73 min,73,min
s8716,108 min,108,min
s8717,84 min,84,min
s8718,93 min,93,min
s8719,96 min,96,min
s8720,102 min,102,min
s8721,1 Season,1,Seasons
s8722,1 Season,1,Seasons
s8723,130 min,130,min
s8724,52 min,52,min
s8725,91 min,91,min
s8726,110 min,110,min
s8727,5 Seasons,5,Seasons
s8728,75 min,75,min
s8729,103 min,103,min
s8730,89 min,89,min
s8731,86 min,86,min
s8732,97 min,97,min
s8733,89 min,89,min
s8734,91 min,91,min
s8735,78 min,78,min
s8736,90 min,90,min
s8737,1 Season,1,Seasons
s8738,50 min,50,min
s8739,84 min,84,min
s8740,82 min,82,min
s8741,1 Season,1,Seasons
s8742,1 Season,1,Seasons
s8743,106 min,106,min
s8744,105 min,105,min
s8745,105 min,105,min
s8746,100 min,100,min
s8747,85 min,85,min
s8748,1 Season,1,Seasons
s8749,86 min,86,min
s8750,1 Season,1,Seasons
s8751,100 min,100,min
s8752,106 min,106,min
s8753,108 min,108,min
s8754,74 min,74,min
s8755,109 min,109,min
s8756,3 Seasons,3,Seasons
s8757,97 min,97,min
s8758,129 min,129,min
s8759,1 Season,1,Seasons
s8760,49 min,49,min
s8761,93 min,93,min
s8762,133 min,133,min
s8763,140 min,140,min
s8764,45 min,45,min
s8765,191 min,191,min
s8766,81 min,81,min
s8767,124 min,124,min
s8768,101 min,101,min
s8769,106 min,106,min
s8770,137 min,137,min
s8771,171 min,171,min
s8772,132 min,132,min
s8773,147 min,147,min
s8774,151 min,151,min
s8775,97 min,97,min
s8776,1 Season,1,Seasons
s8777,90 min,90,min
s8778,111 min,111,min
s8779,112 min,112,min
s8780,107 min,107,min
s8781,1 Season,1,Seasons
s8782,96 min,96,min
s8783,88 min,88,min
s8784,1 Season,1,Seasons
s8785,78 min,78,min
s8786,1 Season,1,Seasons
s8787,87 min,87,min
s8788,85 min,85,min
s8789,157 min,157,min
s8790,116 min,116,min
s8791,113 min,113,min
s8792,94 min,94,min
s8793,81 min,81,min
s8794,88 min,88,min
s8795,98 min,98,min
s8796,2 Seasons,2,Seasons
s8797,2 Seasons,2,Seasons
s8798,3 Seasons,3,Seasons
s8799,131 min,131,min
s8800,120 min,120,min
s8801,1 Season,1,Seasons
s8802,96 min,96,min
s8803,158 min,158,min
s8804,2 Seasons,2,Seasons
s8805,88 min,88,min
s8806,88 min,88,min
s8807,111 min,111,min
