show_id,genre_id
s1,11
s2,18
s2,13
s2,32
s3,9
s3,18
s3,1
s4,12
s4,23
s5,18
s5,25
s5,8
s6,13
s6,31
s6,32
s7,5
s8,13
s8,16
s8,17
s9,4
s9,23
s10,8
s10,13
s11,9
s11,12
s11,18
s12,9
s12,18
s12,1
s13,13
s13,17
s14,5
s14,8
s15,4
s15,9
s15,12
s16,8
s16,13
s17,11
s17,17
s18,9
s18,28
s18,13
s19,33
s20,18
s20,28
s20,1
s21,9
s21,12
s21,18
s22,18
s22,1
s22,13
s23,8
s23,17
s24,5
s25,8
s25,17
s25,24
s26,12
s26,18
s26,23
s27,8
s27,17
s27,22
s28,8
s29,15
s29,26
s30,33
s31,13
s31,16
s31,17
s32,8
s33,4
s33,18
s33,8
s34,18
s34,13
s34,33
s35,19
s36,13
s36,17
s36,33
s37,1
s37,13
s37,17
s38,19
s38,8
s39,1
s39,13
s40,19
s41,19
s41,26
s42,1
s42,7
s42,13
s43,13
s43,15
s43,33
s44,1
s44,15
s44,33
s45,1
s45,15
s45,33
s46,11
s47,1
s48,18
s48,25
s48,8
s49,13
s49,33
s50,18
s50,13
s51,18
s51,13
s51,26
s52,1
s52,2
s52,17
s53,1
s53,2
s53,17
s54,1
s54,2
s54,17
s55,1
s55,2
s55,17
s56,23
s57,1
s57,2
s57,17
s58,1
s58,2
s58,17
s59,1
s59,2
s59,17
s60,1
s60,2
s60,17
s61,1
s61,2
s61,17
s62,1
s62,2
s62,17
s63,1
s63,2
s63,17
s64,1
s64,2
s64,17
s65,5
s66,19
s67,12
s67,18
s68,19
s68,8
s69,11
s69,17
s69,29
s70,18
s70,13
s71,18
s71,23
s71,25
s72,5
s73,4
s73,12
s73,18
s74,13
s74,17
s75,23
s76,5
s77,3
s77,18
s78,5
s78,8
s79,8
s79,13
s79,17
s80,8
s80,13
s80,17
s81,5
s82,1
s83,9
s83,8
s83,13
s84,23
s85,1
s85,8
s85,13
s86,3
s86,19
s87,17
s87,33
s88,19
s88,20
s89,11
s89,29
s90,19
s91,26
s91,33
s92,11
s92,17
s93,18
s93,13
s93,32
s94,13
s94,17
s94,24
s95,5
s95,8
s96,23
s97,11
s97,22
s98,19
s98,8
s98,26
s99,4
s99,19
s100,8
s100,13
s101,19
s102,11
s102,29
s103,12
s103,27
s104,13
s104,17
s104,33
s105,19
s105,20
s106,1
s106,8
s106,13
s107,19
s107,8
s108,5
s108,13
s109,19
s109,13
s109,34
s110,9
s110,18
s110,28
s111,12
s111,18
s111,28
s112,19
s113,13
s114,8
s114,24
s115,13
s115,17
s115,33
s116,13
s116,24
s117,8
s117,13
s117,16
s118,11
s119,13
s119,17
s119,33
s120,13
s120,17
s120,24
s121,19
s121,8
s122,18
s122,25
s122,8
s123,33
s124,19
s125,19
s125,20
s126,9
s126,1
s126,8
s127,13
s127,17
s127,24
s128,5
s128,8
s129,13
s129,17
s129,33
s130,13
s131,5
s131,22
s132,1
s132,7
s132,10
s133,18
s133,1
s133,8
s134,1
s134,26
s135,1
s135,13
s136,1
s137,13
s137,24
s138,1
s138,8
s139,13
s139,24
s140,7
s140,8
s140,13
s141,13
s141,17
s141,33
s142,1
s143,13
s144,1
s144,26
s145,8
s145,10
s146,8
s146,10
s146,22
s147,8
s147,22
s148,23
s149,4
s150,1
s150,8
s151,33
s152,1
s152,17
s153,8
s154,19
s155,3
s155,18
s155,34
s156,1
s156,5
s156,10
s157,8
s157,13
s157,24
s158,26
s158,33
s159,8
s159,24
s160,8
s160,13
s160,17
s161,8
s162,8
s162,10
s162,26
s163,13
s164,8
s164,24
s165,1
s165,8
s166,9
s166,18
s166,28
s167,7
s167,13
s168,5
s168,8
s169,1
s169,5
s169,8
s170,1
s170,13
s171,11
s171,22
s172,13
s172,14
s173,8
s173,22
s174,11
s174,21
s175,1
s175,13
s176,13
s176,24
s177,1
s177,8
s178,1
s178,7
s179,1
s179,8
s180,8
s180,24
s181,8
s181,24
s182,12
s183,8
s184,1
s184,7
s185,23
s186,11
s186,29
s187,18
s187,25
s187,8
s188,18
s188,8
s189,8
s189,17
s190,19
s190,8
s191,13
s191,17
s192,13
s192,16
s193,1
s193,8
s193,17
s194,18
s194,13
s195,18
s195,28
s195,13
s196,8
s196,13
s196,17
s197,8
s197,24
s198,19
s198,8
s199,9
s199,18
s199,13
s200,8
s200,13
s200,17
s201,1
s201,15
s201,17
s202,13
s202,17
s202,33
s203,8
s203,17
s203,22
s204,8
s204,17
s205,8
s205,17
s206,8
s206,17
s206,26
s207,13
s207,16
s207,17
s208,1
s208,17
s208,22
s209,13
s209,17
s209,22
s210,13
s210,17
s210,22
s211,15
s211,17
s212,15
s212,17
s213,18
s213,13
s214,12
s214,18
s215,1
s215,17
s216,1
s216,13
s216,17
s217,8
s217,13
s217,16
s218,8
s218,13
s218,17
s219,23
s219,34
s220,3
s220,18
s221,19
s221,8
s222,11
s223,9
s223,13
s223,32
s224,9
s224,12
s224,18
s225,18
s225,23
s226,18
s226,13
s226,32
s227,18
s227,8
s227,13
s228,13
s228,16
s228,24
s229,1
s230,15
s231,11
s231,29
s232,5
s232,13
s233,23
s234,11
s234,22
s235,19
s235,8
s236,11
s236,21
s236,29
s237,15
s237,17
s237,33
s238,15
s238,17
s238,33
s239,15
s239,17
s239,33
s240,15
s240,17
s240,33
s241,1
s241,2
s242,13
s242,32
s242,26
s243,18
s243,8
s244,18
s244,28
s244,8
s245,13
s245,17
s245,33
s246,12
s246,18
s247,13
s247,17
s247,24
s248,1
s248,13
s249,8
s249,13
s250,5
s250,8
s250,22
s251,13
s251,17
s251,24
s252,13
s252,16
s252,24
s253,17
s253,33
s254,13
s254,17
s254,24
s255,19
s256,11
s256,17
s257,13
s257,17
s258,13
s258,17
s258,24
s259,8
s259,13
s259,17
s260,8
s260,13
s260,17
s261,9
s261,18
s261,13
s262,8
s262,17
s262,24
s263,11
s263,21
s263,29
s264,19
s265,8
s265,16
s266,3
s266,18
s266,25
s267,12
s267,18
s268,7
s268,13
s268,16
s269,13
s269,17
s270,19
s271,1
s272,13
s272,31
s272,32
s273,19
s274,9
s274,18
s274,13
s275,8
s275,13
s276,9
s276,18
s276,28
s277,18
s277,25
s277,28
s278,18
s278,13
s278,34
s279,30
s280,1
s280,2
s280,5
s281,23
s282,8
s282,17
s283,13
s283,16
s283,17
s284,11
s284,17
s285,8
s285,24
s286,13
s286,17
s287,19
s288,18
s288,25
s288,8
s289,9
s289,18
s289,28
s290,18
s290,25
s290,13
s291,11
s291,29
s292,3
s292,18
s293,8
s293,13
s293,16
s294,8
s294,17
s294,24
s295,17
s295,22
s296,1
s296,8
s297,1
s297,13
s297,32
s298,4
s299,8
s299,13
s299,17
s300,15
s300,16
s300,17
s301,5
s301,22
s302,1
s302,8
s302,17
s303,11
s303,17
s304,8
s304,10
s304,17
s305,11
s306,7
s306,13
s306,17
s307,13
s307,17
s308,15
s309,5
s310,23
s311,9
s311,12
s312,18
s312,28
s312,13
s313,23
s314,18
s314,25
s314,13
s315,13
s315,16
s315,24
s316,13
s316,17
s317,18
s317,25
s317,8
s318,11
s318,21
s319,11
s319,17
s320,18
s320,25
s320,8
s321,12
s322,18
s322,25
s322,8
s323,18
s323,25
s323,8
s324,8
s325,19
s326,5
s326,8
s327,5
s327,8
s328,1
s328,26
s329,1
s330,13
s331,5
s331,8
s331,26
s332,3
s332,18
s332,33
s333,1
s333,15
s333,26
s334,7
s334,8
s334,10
s335,13
s335,24
s336,13
s336,33
s337,13
s337,34
s338,8
s338,24
s339,3
s339,18
s340,13
s340,16
s340,17
s341,1
s341,26
s341,33
s342,13
s342,16
s343,8
s344,13
s345,5
s345,8
s345,13
s346,5
s346,8
s347,1
s347,8
s348,5
s348,8
s348,26
s349,8
s350,13
s350,29
s351,1
s351,13
s351,26
s352,1
s352,8
s352,10
s353,8
s353,13
s354,15
s355,1
s355,8
s356,13
s356,33
s357,1
s358,13
s358,16
s358,33
s359,33
s360,30
s361,8
s361,24
s362,13
s362,26
s363,13
s363,17
s364,1
s364,17
s364,33
s365,19
s365,8
s366,13
s366,16
s366,17
s367,4
s367,18
s367,23
s368,11
s368,17
s369,18
s369,23
s370,4
s370,9
s370,12
s371,1
s371,13
s371,34
s372,13
s372,16
s372,17
s373,1
s373,17
s374,1
s374,8
s374,17
s375,8
s375,17
s375,24
s376,8
s376,24
s377,3
s378,1
s378,17
s379,11
s380,23
s381,9
s381,1
s381,26
s382,9
s382,18
s382,28
s383,13
s383,34
s384,1
s384,17
s385,33
s386,9
s386,18
s386,8
s387,19
s388,8
s388,13
s388,17
s389,30
s389,8
s390,13
s390,17
s390,33
s391,6
s391,1
s391,13
s392,18
s392,1
s392,13
s393,1
s393,13
s394,5
s394,29
s395,13
s395,16
s395,17
s396,8
s396,17
s397,1
s397,15
s397,17
s398,18
s398,25
s398,8
s399,15
s399,17
s399,33
s400,1
s400,26
s401,3
s401,30
s402,18
s402,28
s402,1
s403,13
s403,24
s404,12
s405,11
s406,5
s407,5
s408,5
s409,5
s410,5
s411,5
s412,5
s413,5
s414,5
s415,5
s416,5
s417,5
s418,5
s419,5
s420,5
s420,29
s421,5
s422,5
s423,5
s424,5
s425,5
s426,13
s427,13
s428,8
s428,17
s429,2
s429,5
s429,17
s430,13
s430,17
s430,33
s431,4
s431,18
s431,23
s432,18
s432,23
s432,25
s433,5
s434,8
s434,13
s434,16
s435,6
s435,9
s435,18
s436,9
s436,18
s436,25
s437,13
s437,17
s437,24
s438,1
s439,13
s439,17
s439,24
s440,13
s440,17
s440,33
s441,12
s441,27
s442,15
s442,21
s443,19
s443,8
s444,8
s444,17
s445,12
s446,13
s446,16
s446,33
s447,13
s448,13
s448,24
s449,13
s449,24
s450,13
s450,24
s451,13
s451,24
s452,1
s452,13
s452,24
s453,8
s453,13
s453,17
s454,3
s454,18
s455,8
s455,10
s456,11
s456,17
s456,22
s457,18
s457,25
s457,8
s458,11
s458,17
s458,29
s459,13
s459,17
s459,24
s460,8
s460,13
s460,34
s461,5
s461,8
s461,29
s462,8
s462,13
s462,16
s463,11
s464,15
s464,17
s465,1
s465,8
s466,9
s466,12
s467,23
s468,11
s468,17
s469,8
s469,13
s469,17
s470,13
s470,16
s471,5
s472,5
s472,13
s472,17
s473,19
s474,11
s474,29
s475,1
s475,8
s476,30
s477,8
s477,11
s477,17
s478,8
s478,13
s478,34
s479,18
s479,13
s479,26
s480,15
s481,8
s481,13
s481,17
s482,1
s482,13
s482,17
s483,12
s484,13
s484,17
s484,24
s485,30
s486,33
s487,5
s487,8
s487,26
s488,18
s488,25
s488,28
s489,25
s489,13
s490,8
s490,17
s491,9
s491,12
s491,18
s492,8
s492,13
s492,24
s493,13
s493,24
s494,3
s494,31
s494,33
s495,8
s495,22
s496,11
s496,17
s497,1
s497,17
s498,12
s499,13
s499,17
s500,12
s501,1
s501,17
s502,13
s502,17
s503,13
s503,17
s503,24
s504,9
s504,18
s504,13
s505,18
s505,28
s505,8
s506,13
s506,17
s507,17
s507,24
s508,8
s508,17
s509,13
s509,17
s510,19
s511,18
s511,13
s511,32
s512,30
s512,8
s513,19
s514,1
s514,13
s514,26
s515,4
s515,18
s515,8
s516,4
s516,18
s516,8
s517,18
s517,13
s517,32
s518,18
s518,25
s518,8
s519,13
s519,17
s520,4
s520,9
s520,12
s521,8
s522,18
s522,8
s523,19
s523,20
s523,8
s524,4
s524,9
s524,18
s525,18
s525,13
s526,19
s527,8
s527,13
s528,19
s529,13
s529,17
s529,24
s530,13
s530,17
s531,19
s531,8
s532,13
s532,17
s533,9
s533,31
s533,32
s534,18
s534,13
s535,13
s535,17
s536,19
s536,8
s537,12
s537,18
s537,27
s538,18
s538,23
s539,4
s539,18
s539,13
s540,19
s540,1
s540,26
s541,4
s541,19
s542,8
s542,13
s542,17
s543,13
s543,17
s544,9
s544,18
s544,1
s545,18
s545,8
s546,19
s546,20
s547,18
s547,25
s547,13
s548,19
s549,25
s549,13
s550,18
s550,23
s551,15
s551,21
s552,17
s552,24
s552,33
s553,8
s553,17
s554,9
s554,18
s554,13
s555,13
s555,17
s555,33
s556,1
s556,10
s556,17
s557,15
s557,17
s557,33
s558,15
s558,26
s559,1
s560,1
s561,11
s561,29
s562,1
s562,8
s563,8
s564,1
s564,8
s564,26
s565,8
s565,13
s565,16
s566,18
s566,19
s566,32
s567,1
s567,8
s568,1
s568,33
s569,5
s569,8
s570,13
s570,17
s570,24
s571,1
s571,17
s572,18
s572,25
s572,8
s573,8
s573,13
s573,17
s574,5
s574,8
s575,5
s575,8
s576,8
s576,13
s576,24
s577,13
s577,14
s577,17
s578,18
s578,8
s579,13
s579,24
s580,1
s580,7
s580,8
s581,1
s581,2
s581,17
s582,1
s582,26
s583,8
s583,13
s584,8
s584,24
s585,8
s586,13
s586,24
s587,15
s588,18
s588,8
s588,13
s589,19
s590,13
s590,17
s591,3
s591,19
s592,13
s592,24
s593,8
s593,24
s594,5
s594,8
s595,1
s595,26
s596,5
s596,8
s597,8
s597,13
s597,16
s598,1
s598,8
s598,29
s599,13
s599,33
s600,13
s601,33
s602,1
s602,5
s602,7
s603,1
s603,5
s603,13
s604,5
s604,13
s605,13
s606,1
s607,13
s607,17
s608,15
s608,33
s609,1
s610,1
s610,24
s611,1
s611,15
s611,26
s612,1
s612,15
s612,26
s613,1
s613,15
s613,26
s614,13
s614,17
s614,33
s615,13
s615,24
s615,26
s616,13
s616,22
s616,24
s617,13
s618,18
s618,25
s618,13
s619,1
s619,8
s620,13
s620,17
s621,23
s622,3
s622,9
s622,18
s623,33
s624,8
s624,13
s624,17
s625,13
s625,17
s625,33
s626,9
s626,18
s626,28
s627,4
s627,9
s627,12
s628,3
s628,18
s628,34
s629,19
s630,13
s630,17
s631,13
s632,3
s632,18
s633,8
s633,17
s634,13
s634,16
s634,17
s635,11
s635,17
s636,13
s636,17
s637,1
s638,18
s638,13
s638,32
s639,25
s639,13
s640,3
s640,18
s641,18
s641,13
s642,11
s642,29
s643,18
s643,13
s644,15
s645,8
s645,24
s646,11
s646,17
s647,8
s647,17
s647,22
s648,18
s648,23
s649,23
s649,25
s650,13
s650,17
s650,24
s651,13
s651,17
s652,8
s652,13
s652,17
s653,8
s653,13
s653,17
s654,12
s654,18
s655,8
s655,13
s655,17
s656,8
s656,13
s656,17
s657,17
s657,22
s657,24
s658,23
s658,1
s658,32
s659,18
s659,25
s659,13
s660,18
s660,25
s660,13
s661,1
s661,13
s661,26
s662,18
s662,8
s662,13
s663,8
s664,18
s664,13
s665,19
s666,9
s666,18
s666,13
s667,18
s667,25
s667,8
s668,8
s668,13
s668,34
s669,9
s669,13
s670,9
s670,18
s670,28
s671,1
s671,2
s671,17
s672,1
s672,2
s672,17
s673,1
s673,2
s673,17
s674,18
s674,23
s674,28
s675,13
s676,18
s676,23
s676,25
s677,9
s677,13
s677,32
s678,8
s679,9
s679,13
s679,33
s680,9
s680,18
s680,13
s681,12
s682,4
s682,12
s683,18
s683,8
s684,13
s684,17
s685,9
s685,18
s685,28
s686,13
s687,18
s687,20
s687,8
s688,1
s688,13
s688,17
s689,8
s689,17
s689,24
s690,1
s690,2
s690,7
s691,1
s691,17
s692,18
s692,8
s693,18
s693,25
s693,13
s694,8
s694,13
s694,17
s695,8
s695,13
s695,16
s696,13
s696,17
s697,1
s697,13
s697,31
s698,18
s698,25
s698,28
s699,13
s699,16
s699,17
s700,18
s700,13
s700,32
s701,3
s701,18
s702,13
s703,8
s703,13
s703,16
s704,18
s704,13
s704,32
s705,8
s705,13
s705,17
s706,11
s706,17
s706,29
s707,18
s707,28
s707,13
s708,18
s708,25
s708,8
s709,13
s709,16
s710,18
s710,25
s710,28
s711,12
s711,27
s712,13
s712,17
s712,33
s713,1
s713,13
s713,17
s714,19
s714,8
s715,9
s715,18
s715,33
s716,18
s716,25
s716,28
s717,11
s718,11
s719,8
s719,16
s720,19
s721,19
s722,1
s723,11
s724,23
s725,11
s726,18
s726,28
s726,13
s727,4
s728,11
s729,15
s730,5
s731,5
s732,18
s732,13
s733,5
s734,19
s735,9
s735,18
s735,1
s736,8
s736,13
s736,17
s737,5
s737,13
s737,17
s738,3
s738,9
s738,31
s739,2
s739,11
s740,5
s740,8
s741,8
s741,15
s742,13
s742,17
s743,13
s743,17
s744,13
s744,16
s744,24
s745,18
s745,28
s745,30
s746,17
s746,33
s747,13
s747,33
s748,8
s748,13
s748,17
s749,23
s750,9
s750,1
s750,8
s751,13
s751,16
s751,17
s752,19
s752,8
s753,1
s753,8
s753,26
s754,18
s754,25
s754,28
s755,13
s755,16
s756,5
s756,11
s756,17
s757,13
s757,17
s757,24
s758,11
s759,25
s759,8
s759,13
s760,5
s761,5
s762,12
s762,27
s763,8
s763,17
s763,24
s764,1
s764,13
s764,26
s765,8
s765,17
s765,24
s766,1
s766,17
s767,30
s768,18
s768,8
s769,8
s769,13
s769,17
s770,11
s770,17
s771,11
s771,17
s771,22
s772,4
s773,18
s773,25
s773,13
s774,13
s774,17
s774,33
s775,13
s775,14
s775,24
s776,13
s776,16
s776,21
s777,1
s778,8
s778,16
s778,21
s779,3
s779,18
s780,1
s780,10
s780,26
s781,19
s782,11
s783,13
s783,24
s784,8
s784,17
s784,22
s785,8
s785,13
s785,16
s786,19
s787,1
s787,13
s788,1
s789,33
s790,4
s790,18
s790,13
s791,11
s792,1
s792,13
s793,8
s793,13
s793,24
s794,8
s794,24
s795,8
s795,13
s795,17
s796,8
s797,10
s797,15
s798,13
s799,8
s799,13
s799,16
s800,13
s800,29
s801,13
s801,16
s801,21
s802,1
s802,13
s802,29
s803,1
s804,3
s804,25
s804,34
s805,15
s805,33
s806,18
s806,8
s806,13
s807,1
s807,13
s807,17
s808,1
s808,13
s808,17
s809,1
s810,1
s810,8
s811,1
s811,7
s811,10
s812,5
s813,1
s814,19
s815,8
s815,24
s816,13
s816,17
s816,21
s817,33
s818,8
s818,13
s818,16
s819,8
s819,13
s819,24
s820,1
s820,7
s821,18
s821,13
s821,32
s822,13
s822,24
s822,33
s823,15
s824,8
s824,13
s824,16
s825,33
s826,9
s826,13
s826,32
s827,30
s828,8
s828,17
s829,13
s830,5
s830,8
s831,8
s831,13
s832,12
s832,18
s832,28
s833,18
s833,1
s833,13
s834,9
s834,18
s834,13
s835,5
s835,13
s835,14
s836,3
s836,18
s837,15
s837,17
s837,33
s838,18
s838,1
s838,13
s839,30
s840,13
s840,16
s840,17
s841,13
s841,17
s841,29
s842,1
s842,13
s842,17
s843,12
s844,3
s844,18
s845,11
s845,17
s846,13
s846,17
s846,33
s847,5
s847,8
s847,26
s848,18
s848,25
s848,8
s849,8
s849,13
s850,17
s850,22
s851,13
s851,17
s851,22
s852,13
s852,17
s852,22
s853,13
s853,17
s853,22
s854,1
s854,15
s855,11
s856,19
s856,1
s856,26
s857,13
s857,17
s858,18
s858,28
s858,8
s859,13
s859,16
s859,17
s860,13
s860,17
s861,11
s861,17
s861,21
s862,5
s862,8
s863,8
s864,5
s864,8
s865,13
s865,17
s865,33
s866,1
s866,13
s867,33
s868,11
s869,19
s870,9
s870,18
s870,28
s871,11
s872,8
s872,13
s872,17
s873,13
s873,16
s873,26
s874,13
s874,16
s874,17
s875,19
s876,13
s876,17
s876,24
s877,12
s877,18
s878,8
s878,16
s878,17
s879,13
s879,17
s879,33
s880,13
s881,23
s881,31
s881,33
s882,13
s882,17
s882,33
s883,5
s883,8
s884,1
s884,31
s884,26
s885,18
s885,13
s886,8
s886,13
s886,17
s887,18
s887,31
s887,26
s888,15
s888,17
s888,33
s889,8
s890,13
s890,33
s891,3
s891,31
s891,33
s892,16
s892,17
s892,33
s893,13
s893,16
s893,17
s894,11
s894,17
s894,22
s895,13
s895,16
s895,17
s896,13
s896,17
s896,33
s897,8
s898,18
s898,25
s898,8
s899,8
s899,13
s899,17
s900,13
s900,17
s901,12
s902,16
s902,33
s903,18
s903,13
s904,13
s904,17
s904,33
s905,1
s906,1
s906,13
s906,17
s907,13
s907,17
s908,11
s909,1
s909,26
s910,13
s910,16
s910,17
s911,13
s912,19
s912,8
s913,8
s914,13
s914,17
s914,24
s915,11
s916,13
s916,17
s916,33
s917,1
s918,11
s918,13
s919,23
s920,9
s920,12
s921,13
s922,9
s922,13
s923,13
s923,16
s923,33
s924,19
s925,5
s925,8
s926,4
s926,19
s927,1
s927,13
s928,19
s929,1
s929,29
s930,1
s930,15
s931,1
s931,8
s932,8
s933,1
s934,5
s934,13
s935,13
s935,16
s936,5
s936,8
s937,19
s938,5
s938,8
s939,5
s939,8
s939,22
s940,5
s940,22
s941,5
s941,8
s942,5
s942,8
s943,13
s943,33
s944,1
s944,13
s944,29
s945,1
s946,13
s946,17
s947,1
s947,26
s948,13
s948,33
s949,8
s950,1
s950,26
s951,13
s951,17
s951,26
s952,8
s952,24
s953,1
s953,8
s954,13
s954,33
s955,5
s955,8
s956,1
s957,8
s957,16
s957,24
s958,23
s959,13
s959,17
s960,13
s960,16
s960,17
s961,9
s961,18
s961,28
s962,5
s962,8
s963,15
s964,18
s964,28
s964,8
s965,15
s965,33
s966,3
s966,18
s967,8
s967,17
s968,12
s968,27
s969,18
s969,8
s969,13
s970,13
s971,1
s971,26
s972,33
s973,18
s973,13
s973,33
s974,13
s974,17
s975,13
s975,16
s975,17
s976,1
s976,8
s976,13
s977,8
s977,17
s978,8
s978,17
s979,8
s979,17
s979,24
s980,8
s980,17
s981,8
s981,17
s982,1
s982,8
s982,17
s983,8
s983,13
s983,17
s984,11
s984,17
s984,22
s985,8
s985,17
s986,8
s986,17
s986,24
s987,8
s987,17
s987,24
s988,8
s988,17
s989,18
s989,25
s989,8
s990,8
s990,17
s991,8
s991,17
s992,13
s992,16
s992,17
s993,17
s993,22
s994,1
s994,13
s994,26
s995,13
s995,17
s995,24
s996,8
s996,13
s996,17
s997,15
s997,17
s997,33
s998,4
s998,12
s998,18
s999,11
s999,17
s1000,13
s1000,17
s1000,33
s1001,1
s1001,17
s1002,13
s1002,17
s1002,33
s1003,8
s1003,17
s1004,18
s1004,8
s1004,13
s1005,19
s1006,5
s1006,8
s1007,5
s1007,8
s1008,5
s1008,8
s1009,5
s1010,5
s1011,5
s1012,11
s1013,18
s1013,28
s1013,13
s1014,33
s1015,19
s1016,13
s1017,1
s1017,8
s1017,17
s1018,13
s1018,17
s1019,8
s1019,17
s1019,22
s1020,13
s1020,17
s1020,22
s1021,11
s1021,17
s1022,8
s1022,13
s1022,16
s1023,13
s1023,17
s1024,13
s1024,16
s1024,17
s1025,5
s1025,8
s1025,22
s1026,3
s1026,19
s1027,5
s1028,15
s1028,24
s1028,26
s1029,8
s1030,13
s1030,17
s1031,5
s1031,8
s1031,13
s1032,13
s1032,17
s1032,24
s1033,18
s1033,30
s1034,1
s1034,13
s1034,17
s1035,33
s1036,13
s1037,1
s1037,26
s1038,8
s1038,13
s1038,17
s1039,18
s1039,25
s1039,8
s1040,11
s1040,22
s1041,3
s1041,9
s1041,18
s1042,1
s1042,2
s1042,15
s1043,12
s1044,25
s1044,8
s1044,13
s1045,3
s1045,18
s1045,33
s1046,23
s1047,33
s1048,18
s1048,13
s1049,19
s1050,4
s1050,19
s1051,13
s1051,17
s1051,21
s1052,3
s1052,19
s1053,13
s1053,16
s1054,11
s1054,22
s1055,11
s1055,17
s1055,22
s1056,10
s1056,13
s1056,22
s1057,18
s1057,13
s1058,8
s1059,4
s1059,18
s1059,13
s1060,13
s1060,33
s1061,23
s1061,25
s1062,9
s1062,12
s1063,9
s1063,18
s1063,13
s1064,8
s1064,13
s1065,9
s1065,18
s1065,20
s1066,31
s1066,32
s1066,33
s1067,13
s1067,17
s1067,33
s1068,18
s1068,13
s1068,34
s1069,12
s1069,27
s1070,13
s1070,17
s1070,24
s1071,11
s1072,5
s1072,22
s1073,5
s1073,8
s1073,22
s1074,5
s1074,22
s1075,5
s1076,12
s1077,5
s1078,5
s1079,5
s1080,25
s1080,8
s1080,13
s1081,1
s1081,2
s1081,17
s1082,19
s1082,8
s1083,18
s1083,23
s1084,8
s1085,3
s1085,18
s1085,25
s1086,13
s1086,17
s1087,13
s1087,17
s1087,33
s1088,8
s1088,15
s1088,17
s1089,1
s1089,8
s1090,13
s1091,13
s1091,17
s1091,24
s1092,3
s1092,18
s1093,11
s1093,22
s1094,18
s1094,23
s1094,25
s1095,23
s1095,25
s1096,9
s1096,12
s1096,32
s1097,5
s1097,8
s1098,11
s1099,8
s1099,13
s1099,17
s1100,13
s1100,17
s1101,15
s1101,33
s1102,5
s1102,8
s1102,26
s1103,8
s1104,1
s1104,13
s1104,17
s1105,5
s1105,8
s1105,13
s1106,13
s1106,16
s1107,1
s1108,13
s1108,14
s1108,17
s1109,17
s1109,33
s1110,8
s1110,17
s1110,24
s1111,13
s1111,17
s1112,8
s1112,24
s1113,5
s1113,8
s1114,1
s1114,26
s1115,8
s1115,13
s1115,17
s1116,8
s1116,17
s1116,29
s1117,12
s1117,18
s1118,11
s1118,17
s1119,15
s1119,33
s1120,1
s1120,15
s1121,1
s1121,26
s1122,8
s1122,24
s1123,13
s1123,17
s1124,12
s1124,18
s1124,27
s1125,1
s1126,4
s1126,9
s1126,12
s1127,7
s1127,22
s1128,23
s1128,8
s1128,31
s1129,1
s1129,17
s1130,4
s1130,12
s1130,18
s1131,1
s1131,13
s1131,17
s1132,1
s1132,13
s1132,17
s1133,1
s1133,13
s1133,17
s1134,1
s1135,1
s1135,26
s1136,1
s1137,13
s1137,17
s1137,24
s1138,1
s1138,17
s1138,22
s1139,13
s1139,16
s1139,17
s1140,15
s1140,33
s1141,1
s1142,13
s1142,17
s1142,33
s1143,11
s1144,12
s1144,23
s1145,8
s1145,24
s1146,13
s1147,18
s1147,23
s1147,28
s1148,11
s1148,17
s1148,29
s1149,19
s1149,20
s1150,3
s1150,19
s1151,11
s1152,5
s1153,19
s1154,13
s1154,17
s1155,13
s1156,11
s1156,17
s1157,5
s1157,14
s1157,22
s1158,8
s1159,19
s1160,13
s1160,17
s1161,13
s1161,16
s1161,33
s1162,11
s1163,13
s1163,17
s1164,18
s1164,23
s1164,28
s1165,8
s1165,17
s1166,8
s1166,13
s1166,17
s1167,4
s1167,9
s1167,18
s1168,13
s1168,17
s1168,24
s1169,3
s1170,19
s1171,5
s1171,8
s1172,11
s1173,30
s1174,18
s1174,20
s1174,30
s1175,18
s1175,13
s1176,13
s1176,16
s1176,17
s1177,13
s1177,17
s1178,15
s1178,17
s1179,1
s1180,19
s1181,19
s1181,8
s1182,8
s1183,12
s1184,17
s1184,22
s1185,1
s1185,17
s1186,8
s1186,17
s1186,24
s1187,3
s1187,9
s1187,18
s1188,33
s1189,1
s1189,8
s1189,17
s1190,30
s1191,1
s1192,30
s1193,13
s1193,17
s1194,11
s1194,17
s1194,22
s1195,13
s1195,17
s1195,33
s1196,11
s1197,9
s1197,12
s1197,18
s1198,13
s1198,22
s1199,30
s1200,13
s1200,33
s1201,19
s1202,9
s1202,18
s1202,8
s1203,13
s1203,17
s1203,24
s1204,5
s1204,13
s1205,11
s1206,12
s1206,27
s1206,1
s1207,4
s1207,19
s1207,13
s1208,11
s1209,8
s1209,17
s1210,8
s1210,13
s1210,17
s1211,18
s1211,20
s1211,25
s1212,13
s1212,17
s1213,13
s1213,17
s1214,8
s1215,13
s1215,17
s1215,22
s1216,8
s1216,17
s1216,24
s1217,8
s1217,17
s1217,24
s1218,4
s1218,9
s1218,18
s1219,5
s1219,8
s1220,8
s1220,13
s1220,16
s1221,13
s1221,16
s1221,17
s1222,13
s1222,17
s1223,15
s1223,16
s1224,9
s1224,18
s1224,1
s1225,12
s1226,23
s1226,25
s1227,12
s1227,18
s1228,18
s1228,13
s1229,13
s1229,16
s1229,17
s1230,18
s1230,13
s1231,8
s1231,13
s1231,16
s1232,19
s1233,8
s1233,13
s1233,17
s1234,8
s1234,17
s1235,12
s1235,18
s1235,28
s1236,3
s1236,19
s1236,1
s1237,1
s1237,13
s1237,17
s1238,8
s1238,17
s1238,24
s1239,3
s1240,1
s1241,13
s1241,24
s1242,8
s1242,13
s1242,22
s1243,9
s1243,12
s1244,13
s1245,1
s1245,8
s1245,17
s1246,19
s1247,6
s1247,9
s1247,18
s1248,1
s1248,13
s1248,17
s1249,11
s1249,22
s1250,30
s1251,11
s1251,17
s1251,22
s1252,1
s1252,7
s1252,13
s1253,8
s1253,17
s1254,5
s1254,8
s1255,7
s1255,13
s1256,1
s1256,13
s1256,17
s1257,8
s1257,10
s1257,22
s1258,3
s1258,18
s1259,5
s1259,8
s1260,8
s1260,13
s1260,16
s1261,8
s1261,17
s1261,24
s1262,13
s1262,16
s1262,17
s1263,8
s1263,13
s1264,1
s1265,8
s1265,13
s1265,16
s1266,17
s1266,33
s1267,13
s1267,16
s1267,17
s1268,17
s1268,33
s1269,9
s1269,18
s1269,28
s1270,13
s1270,17
s1270,24
s1271,18
s1271,28
s1271,13
s1272,18
s1272,28
s1272,13
s1273,12
s1273,18
s1274,17
s1274,33
s1275,23
s1276,25
s1276,8
s1276,13
s1277,13
s1277,17
s1278,31
s1278,34
s1279,30
s1280,11
s1280,17
s1281,11
s1281,17
s1281,29
s1282,13
s1282,17
s1283,18
s1283,13
s1284,15
s1284,33
s1285,15
s1286,18
s1286,8
s1286,13
s1287,8
s1287,13
s1287,16
s1288,8
s1288,13
s1289,13
s1289,33
s1290,11
s1290,17
s1290,22
s1291,8
s1291,21
s1291,33
s1292,13
s1292,16
s1292,17
s1293,11
s1293,17
s1294,18
s1294,13
s1295,18
s1295,1
s1295,13
s1296,8
s1296,13
s1296,16
s1297,18
s1297,25
s1297,8
s1298,15
s1299,18
s1299,1
s1299,13
s1300,3
s1300,18
s1301,12
s1302,4
s1302,18
s1302,13
s1303,12
s1303,23
s1303,27
s1304,11
s1305,5
s1306,1
s1306,8
s1306,13
s1307,9
s1307,8
s1307,13
s1308,5
s1308,8
s1308,13
s1309,19
s1309,8
s1310,33
s1311,8
s1312,8
s1312,13
s1312,17
s1313,13
s1313,16
s1313,21
s1314,23
s1315,8
s1316,30
s1317,13
s1317,17
s1317,24
s1318,4
s1318,18
s1318,23
s1319,8
s1319,24
s1320,5
s1321,9
s1321,18
s1321,13
s1322,9
s1322,28
s1322,1
s1323,8
s1323,13
s1323,17
s1324,13
s1324,17
s1324,24
s1325,13
s1325,16
s1325,24
s1326,17
s1326,33
s1327,8
s1327,17
s1327,24
s1328,11
s1328,22
s1329,9
s1329,12
s1330,8
s1330,17
s1331,13
s1331,24
s1332,4
s1333,19
s1333,8
s1334,8
s1334,13
s1335,1
s1335,17
s1336,9
s1336,13
s1336,32
s1337,30
s1338,13
s1338,16
s1338,17
s1339,9
s1339,18
s1339,28
s1340,9
s1340,18
s1340,13
s1341,13
s1341,17
s1342,13
s1342,16
s1343,1
s1343,13
s1343,17
s1344,11
s1345,13
s1345,17
s1345,24
s1346,1
s1346,17
s1347,8
s1347,13
s1347,17
s1348,1
s1348,17
s1349,25
s1349,13
s1350,9
s1350,18
s1350,28
s1351,19
s1352,13
s1352,14
s1352,17
s1353,30
s1353,8
s1354,1
s1354,8
s1355,13
s1356,25
s1356,34
s1357,8
s1357,34
s1358,13
s1359,33
s1360,13
s1360,17
s1360,33
s1361,18
s1361,25
s1361,8
s1362,31
s1362,34
s1363,19
s1363,8
s1364,25
s1364,13
s1364,34
s1365,5
s1365,26
s1366,19
s1366,8
s1367,13
s1367,14
s1368,15
s1369,1
s1369,17
s1370,5
s1370,8
s1371,13
s1371,17
s1372,12
s1373,5
s1373,13
s1373,17
s1374,18
s1374,13
s1374,33
s1375,11
s1375,17
s1375,29
s1376,8
s1376,13
s1377,8
s1377,13
s1377,16
s1378,25
s1378,1
s1378,13
s1379,5
s1379,13
s1380,13
s1380,17
s1381,19
s1382,8
s1382,17
s1382,24
s1383,13
s1383,17
s1383,24
s1384,18
s1384,23
s1385,9
s1385,18
s1385,20
s1386,3
s1386,18
s1387,8
s1387,17
s1387,21
s1388,13
s1388,33
s1389,13
s1390,8
s1391,13
s1392,13
s1393,18
s1393,28
s1393,8
s1394,33
s1395,12
s1395,27
s1396,19
s1397,1
s1398,13
s1398,26
s1399,15
s1400,13
s1400,16
s1401,23
s1402,19
s1402,33
s1403,1
s1403,8
s1403,26
s1404,5
s1404,8
s1404,13
s1405,19
s1405,8
s1406,1
s1407,5
s1407,8
s1408,5
s1409,13
s1409,26
s1410,33
s1411,13
s1411,17
s1412,11
s1413,13
s1413,17
s1413,21
s1414,13
s1414,17
s1415,8
s1415,13
s1415,17
s1416,13
s1416,33
s1417,9
s1417,12
s1418,17
s1418,33
s1419,30
s1420,4
s1420,25
s1420,13
s1421,11
s1422,8
s1422,13
s1422,17
s1423,13
s1423,17
s1424,8
s1424,17
s1424,24
s1425,5
s1425,8
s1426,11
s1427,13
s1427,17
s1428,4
s1428,9
s1428,12
s1429,13
s1429,16
s1429,17
s1430,19
s1430,8
s1431,12
s1432,8
s1432,13
s1432,17
s1433,3
s1433,18
s1433,28
s1434,13
s1434,17
s1435,5
s1435,8
s1436,13
s1437,11
s1437,17
s1437,22
s1438,12
s1438,23
s1439,11
s1439,17
s1439,29
s1440,12
s1440,8
s1441,18
s1441,23
s1441,28
s1442,1
s1442,8
s1442,17
s1443,12
s1443,18
s1444,12
s1445,8
s1445,24
s1445,29
s1446,1
s1446,8
s1446,17
s1447,8
s1448,15
s1448,33
s1449,1
s1449,8
s1449,13
s1450,23
s1451,30
s1452,5
s1452,13
s1452,29
s1453,13
s1453,16
s1454,5
s1454,8
s1455,11
s1456,12
s1456,27
s1457,1
s1457,13
s1457,16
s1458,28
s1458,13
s1459,1
s1460,8
s1461,18
s1461,28
s1461,13
s1462,8
s1462,13
s1462,16
s1463,19
s1463,8
s1464,19
s1465,11
s1466,19
s1466,8
s1466,26
s1467,11
s1468,1
s1468,33
s1469,8
s1469,17
s1470,7
s1470,13
s1470,16
s1471,13
s1471,21
s1472,30
s1473,8
s1473,13
s1473,17
s1474,31
s1474,32
s1474,26
s1475,1
s1475,13
s1475,14
s1476,8
s1476,13
s1476,17
s1477,23
s1478,9
s1478,13
s1478,33
s1479,18
s1479,32
s1479,33
s1480,9
s1480,12
s1480,18
s1481,4
s1481,6
s1481,18
s1482,15
s1482,17
s1483,3
s1484,18
s1484,25
s1484,8
s1485,13
s1486,5
s1486,8
s1487,8
s1488,9
s1488,18
s1488,13
s1489,13
s1489,17
s1490,12
s1490,18
s1491,5
s1492,8
s1492,13
s1492,17
s1493,25
s1493,13
s1494,17
s1494,24
s1495,5
s1495,8
s1496,8
s1496,13
s1496,17
s1497,5
s1497,13
s1497,17
s1498,13
s1498,17
s1498,24
s1499,1
s1499,8
s1499,16
s1500,13
s1501,13
s1501,17
s1501,21
s1502,13
s1502,24
s1503,30
s1504,18
s1504,25
s1504,8
s1505,22
s1506,19
s1507,4
s1507,19
s1507,8
s1508,5
s1508,8
s1509,4
s1509,19
s1510,11
s1510,22
s1511,8
s1512,8
s1512,17
s1513,30
s1514,13
s1515,9
s1515,18
s1515,13
s1516,8
s1517,18
s1517,25
s1517,8
s1518,13
s1518,22
s1519,11
s1519,22
s1520,5
s1520,8
s1520,13
s1521,18
s1521,13
s1522,13
s1522,16
s1522,17
s1523,13
s1523,17
s1523,24
s1524,8
s1524,13
s1524,17
s1525,1
s1526,13
s1526,17
s1526,24
s1527,8
s1527,17
s1527,24
s1528,4
s1528,19
s1529,18
s1529,25
s1529,8
s1530,17
s1530,24
s1531,30
s1531,8
s1532,13
s1532,17
s1532,24
s1533,12
s1533,18
s1534,12
s1534,28
s1535,13
s1535,17
s1535,21
s1536,18
s1536,8
s1536,13
s1537,15
s1537,33
s1538,13
s1539,3
s1539,18
s1540,3
s1540,18
s1541,13
s1541,33
s1542,4
s1542,9
s1542,12
s1543,30
s1544,23
s1545,13
s1545,16
s1545,29
s1546,19
s1546,8
s1547,12
s1548,23
s1549,23
s1550,13
s1550,16
s1551,8
s1551,24
s1552,19
s1553,13
s1553,32
s1553,33
s1554,8
s1555,18
s1555,13
s1555,33
s1556,19
s1556,8
s1557,5
s1558,5
s1558,13
s1559,11
s1560,18
s1560,28
s1560,13
s1561,8
s1561,21
s1561,22
s1562,13
s1562,17
s1562,29
s1563,18
s1563,1
s1563,32
s1564,13
s1564,21
s1565,9
s1565,18
s1565,13
s1566,17
s1566,24
s1567,13
s1567,17
s1567,24
s1568,8
s1568,17
s1568,21
s1569,13
s1569,16
s1569,17
s1570,18
s1570,8
s1571,18
s1571,25
s1571,13
s1572,8
s1572,13
s1572,17
s1573,19
s1573,8
s1574,19
s1574,8
s1574,34
s1575,12
s1575,27
s1576,11
s1576,17
s1577,5
s1577,8
s1578,11
s1578,17
s1578,22
s1579,18
s1579,25
s1579,13
s1580,8
s1580,34
s1581,5
s1582,5
s1583,13
s1583,33
s1584,18
s1584,25
s1584,13
s1585,1
s1585,13
s1586,9
s1586,13
s1586,32
s1587,9
s1587,12
s1587,18
s1588,18
s1588,13
s1588,31
s1589,5
s1590,18
s1590,25
s1590,8
s1591,8
s1592,5
s1592,8
s1593,8
s1593,17
s1593,33
s1594,9
s1594,18
s1594,13
s1595,8
s1595,17
s1596,13
s1596,16
s1597,4
s1597,23
s1598,5
s1598,13
s1599,13
s1599,17
s1599,24
s1600,8
s1600,13
s1600,17
s1601,5
s1602,8
s1602,17
s1603,8
s1603,13
s1603,17
s1604,4
s1604,12
s1604,18
s1605,30
s1606,18
s1606,8
s1606,13
s1607,8
s1607,13
s1607,17
s1608,30
s1609,1
s1610,5
s1611,33
s1612,23
s1613,8
s1613,16
s1614,13
s1614,17
s1614,24
s1615,19
s1616,23
s1617,5
s1617,8
s1618,8
s1619,4
s1619,19
s1620,19
s1620,8
s1621,1
s1622,1
s1623,6
s1623,1
s1623,26
s1624,23
s1624,25
s1625,33
s1626,18
s1626,31
s1626,32
s1627,1
s1627,8
s1628,12
s1629,4
s1629,23
s1630,15
s1630,17
s1631,13
s1631,17
s1632,33
s1633,5
s1634,1
s1635,18
s1635,1
s1635,13
s1636,5
s1637,5
s1637,11
s1638,15
s1638,17
s1639,18
s1639,23
s1640,18
s1640,13
s1640,34
s1641,18
s1641,25
s1641,8
s1642,23
s1643,1
s1643,17
s1644,17
s1644,33
s1645,8
s1645,17
s1645,21
s1646,30
s1647,1
s1647,13
s1647,17
s1648,8
s1648,17
s1648,24
s1649,15
s1650,3
s1650,9
s1650,18
s1651,22
s1652,5
s1652,8
s1653,15
s1653,17
s1653,33
s1654,15
s1654,17
s1654,33
s1655,18
s1655,25
s1655,8
s1656,5
s1656,8
s1657,13
s1658,13
s1658,17
s1659,18
s1659,8
s1659,13
s1660,1
s1661,11
s1661,22
s1662,18
s1662,25
s1662,13
s1663,1
s1663,8
s1663,17
s1664,5
s1664,22
s1665,1
s1666,17
s1666,33
s1667,5
s1668,12
s1668,18
s1669,18
s1669,13
s1670,13
s1671,18
s1671,25
s1671,8
s1672,5
s1672,8
s1673,12
s1673,23
s1674,13
s1674,17
s1675,1
s1675,8
s1675,17
s1676,8
s1676,17
s1676,22
s1677,13
s1677,17
s1677,24
s1678,17
s1678,24
s1679,17
s1679,33
s1680,1
s1680,13
s1680,17
s1681,13
s1681,17
s1681,33
s1682,5
s1682,8
s1682,13
s1683,8
s1683,13
s1683,17
s1684,8
s1684,17
s1685,23
s1686,13
s1686,17
s1687,30
s1688,19
s1688,8
s1689,12
s1689,23
s1690,13
s1690,24
s1691,11
s1692,22
s1692,24
s1693,23
s1694,3
s1694,19
s1695,5
s1695,8
s1696,24
s1697,19
s1698,23
s1699,4
s1699,18
s1699,13
s1700,5
s1700,7
s1700,8
s1701,33
s1702,31
s1702,32
s1702,33
s1703,5
s1703,8
s1704,5
s1704,22
s1705,11
s1705,17
s1706,13
s1706,17
s1707,9
s1707,18
s1707,28
s1708,17
s1708,24
s1709,18
s1709,13
s1710,13
s1710,17
s1710,24
s1711,13
s1711,16
s1712,9
s1712,18
s1712,13
s1713,8
s1713,13
s1713,17
s1714,13
s1714,17
s1714,21
s1715,15
s1716,18
s1716,23
s1717,8
s1718,1
s1718,13
s1719,9
s1719,12
s1720,11
s1720,17
s1721,13
s1721,17
s1722,4
s1723,25
s1723,8
s1723,13
s1724,3
s1724,19
s1725,3
s1725,19
s1726,13
s1726,17
s1727,23
s1728,13
s1728,17
s1729,13
s1729,16
s1729,17
s1730,8
s1731,18
s1731,8
s1731,13
s1732,13
s1732,21
s1732,24
s1733,13
s1733,17
s1733,24
s1734,9
s1734,12
s1734,18
s1735,8
s1735,24
s1736,13
s1736,17
s1736,24
s1737,5
s1737,8
s1737,24
s1738,18
s1738,13
s1738,31
s1739,13
s1739,24
s1740,8
s1740,13
s1740,24
s1741,18
s1741,25
s1741,8
s1742,13
s1742,17
s1743,30
s1744,13
s1744,17
s1745,11
s1745,17
s1746,11
s1747,18
s1747,8
s1747,13
s1748,26
s1748,33
s1749,23
s1750,5
s1750,8
s1751,25
s1751,13
s1751,34
s1752,5
s1753,5
s1754,5
s1755,23
s1756,12
s1757,19
s1758,19
s1759,19
s1760,19
s1761,19
s1761,8
s1762,5
s1762,8
s1763,1
s1764,13
s1764,16
s1764,33
s1765,13
s1765,33
s1766,19
s1766,8
s1767,9
s1767,18
s1767,13
s1768,13
s1769,1
s1769,13
s1769,29
s1770,9
s1770,18
s1770,20
s1771,8
s1771,29
s1772,12
s1772,18
s1773,1
s1773,13
s1773,17
s1774,18
s1774,23
s1775,13
s1775,16
s1775,33
s1776,15
s1776,16
s1777,13
s1777,17
s1778,15
s1778,17
s1779,19
s1779,20
s1780,1
s1780,26
s1781,13
s1781,17
s1781,33
s1782,12
s1782,23
s1783,9
s1783,18
s1783,13
s1784,15
s1784,17
s1785,15
s1785,17
s1786,8
s1786,24
s1787,17
s1788,22
s1789,15
s1789,17
s1790,11
s1791,3
s1792,19
s1793,11
s1793,17
s1793,29
s1794,8
s1795,18
s1795,25
s1795,32
s1796,8
s1796,17
s1796,22
s1797,1
s1797,13
s1797,16
s1798,13
s1798,22
s1799,8
s1799,17
s1799,21
s1800,18
s1800,1
s1800,13
s1801,12
s1801,18
s1802,5
s1802,22
s1803,13
s1803,33
s1804,9
s1804,18
s1804,28
s1805,13
s1806,11
s1807,15
s1807,17
s1808,13
s1808,17
s1808,24
s1809,8
s1809,13
s1809,22
s1810,13
s1810,17
s1810,24
s1811,13
s1811,16
s1812,8
s1812,13
s1812,16
s1813,11
s1813,17
s1814,30
s1815,13
s1815,24
s1815,33
s1816,5
s1817,1
s1817,15
s1818,7
s1818,13
s1818,17
s1819,13
s1819,17
s1819,22
s1820,8
s1820,13
s1820,17
s1821,11
s1821,17
s1822,13
s1822,16
s1822,17
s1823,7
s1823,13
s1823,16
s1824,11
s1824,17
s1825,13
s1825,17
s1826,13
s1826,17
s1826,24
s1827,13
s1827,16
s1827,17
s1828,13
s1828,16
s1828,17
s1829,9
s1829,12
s1830,13
s1830,17
s1831,8
s1831,17
s1831,24
s1832,11
s1832,17
s1833,13
s1833,17
s1834,5
s1834,8
s1835,18
s1835,25
s1835,8
s1836,1
s1837,8
s1837,17
s1837,24
s1838,13
s1838,34
s1839,1
s1840,18
s1840,1
s1840,13
s1841,9
s1841,18
s1841,28
s1842,19
s1842,8
s1843,13
s1844,15
s1844,33
s1845,5
s1846,1
s1847,1
s1847,8
s1847,17
s1848,4
s1848,19
s1849,8
s1850,13
s1850,17
s1851,13
s1851,17
s1851,24
s1852,8
s1852,34
s1853,19
s1854,11
s1854,17
s1855,8
s1855,13
s1856,1
s1856,17
s1856,24
s1857,11
s1857,22
s1858,11
s1858,17
s1859,17
s1859,24
s1859,33
s1860,5
s1861,23
s1861,8
s1862,8
s1862,13
s1862,17
s1863,10
s1863,13
s1863,17
s1864,8
s1864,17
s1864,24
s1865,19
s1865,8
s1866,8
s1866,17
s1867,13
s1867,17
s1868,15
s1869,12
s1870,8
s1870,17
s1870,24
s1871,8
s1871,17
s1872,5
s1873,8
s1873,13
s1873,16
s1874,13
s1874,31
s1874,32
s1875,11
s1875,17
s1875,22
s1876,18
s1876,25
s1876,8
s1877,13
s1877,17
s1878,9
s1878,18
s1878,13
s1879,1
s1879,13
s1879,26
s1880,8
s1880,15
s1881,18
s1881,13
s1881,32
s1882,8
s1883,11
s1883,22
s1884,5
s1885,13
s1885,24
s1886,4
s1886,12
s1886,18
s1887,11
s1888,11
s1888,21
s1889,13
s1889,17
s1889,29
s1890,19
s1891,19
s1892,8
s1892,17
s1892,24
s1893,5
s1894,19
s1894,8
s1895,25
s1895,8
s1895,13
s1896,19
s1896,13
s1897,13
s1897,17
s1898,8
s1898,13
s1898,17
s1899,15
s1899,17
s1899,33
s1900,8
s1900,17
s1900,24
s1901,8
s1901,15
s1902,8
s1902,17
s1902,24
s1903,1
s1903,8
s1903,17
s1904,13
s1904,33
s1905,11
s1905,21
s1906,1
s1906,13
s1906,17
s1907,13
s1908,18
s1908,25
s1908,13
s1909,3
s1909,18
s1909,34
s1910,1
s1910,13
s1911,9
s1911,18
s1911,32
s1912,11
s1913,1
s1913,8
s1913,13
s1914,11
s1914,17
s1915,12
s1915,18
s1916,18
s1916,13
s1917,11
s1917,22
s1918,18
s1918,25
s1918,28
s1919,3
s1919,18
s1920,8
s1920,17
s1920,24
s1921,8
s1921,16
s1921,17
s1922,1
s1922,13
s1923,8
s1924,8
s1924,13
s1925,13
s1925,33
s1926,9
s1926,18
s1926,28
s1927,11
s1928,13
s1928,17
s1929,3
s1929,18
s1930,8
s1931,13
s1931,17
s1931,33
s1932,13
s1932,21
s1933,11
s1933,21
s1934,9
s1934,13
s1935,11
s1936,30
s1937,1
s1938,11
s1938,17
s1938,22
s1939,13
s1939,16
s1939,17
s1940,8
s1940,13
s1940,17
s1941,8
s1941,17
s1941,22
s1942,8
s1942,17
s1942,22
s1943,8
s1943,17
s1943,24
s1944,8
s1944,17
s1944,22
s1945,13
s1945,17
s1945,24
s1946,13
s1946,17
s1946,33
s1947,8
s1947,17
s1947,22
s1948,12
s1949,18
s1949,1
s1949,13
s1950,8
s1951,13
s1951,16
s1951,17
s1952,9
s1952,12
s1952,18
s1953,19
s1953,8
s1954,13
s1954,17
s1955,8
s1956,18
s1956,13
s1956,32
s1957,11
s1957,17
s1957,22
s1958,1
s1958,26
s1958,29
s1959,12
s1960,1
s1960,5
s1960,13
s1961,11
s1962,12
s1963,11
s1964,13
s1964,17
s1965,1
s1965,17
s1966,1
s1966,17
s1967,1
s1967,17
s1968,1
s1968,17
s1969,1
s1969,17
s1970,1
s1970,17
s1971,15
s1971,17
s1971,33
s1972,8
s1972,17
s1973,1
s1973,17
s1974,19
s1974,8
s1975,13
s1975,17
s1975,24
s1976,8
s1976,17
s1977,13
s1977,17
s1977,33
s1978,13
s1978,16
s1978,17
s1979,13
s1979,31
s1979,32
s1980,23
s1981,9
s1981,13
s1981,33
s1982,8
s1982,17
s1982,24
s1983,17
s1983,33
s1984,3
s1984,18
s1985,11
s1985,17
s1985,22
s1986,5
s1986,8
s1987,17
s1987,33
s1988,13
s1988,16
s1989,18
s1989,8
s1989,13
s1990,18
s1990,13
s1990,34
s1991,12
s1991,27
s1992,4
s1992,9
s1992,18
s1993,30
s1994,9
s1994,18
s1994,13
s1995,23
s1996,13
s1996,33
s1997,13
s1997,17
s1997,33
s1998,1
s1998,17
s1999,4
s1999,18
s1999,13
s2000,11
s2000,17
s2001,30
s2002,13
s2002,16
s2002,24
s2003,12
s2003,18
s2003,23
s2004,5
s2004,8
s2005,5
s2006,13
s2006,17
s2006,22
s2007,4
s2007,19
s2008,5
s2008,8
s2008,13
s2009,18
s2009,8
s2009,13
s2010,8
s2011,5
s2012,5
s2012,8
s2013,18
s2013,28
s2013,13
s2014,4
s2014,18
s2014,8
s2015,30
s2016,13
s2016,17
s2016,33
s2017,13
s2017,17
s2018,13
s2018,17
s2019,13
s2019,17
s2020,8
s2020,13
s2020,17
s2021,5
s2021,13
s2021,17
s2022,13
s2023,19
s2023,8
s2024,13
s2024,17
s2024,24
s2025,8
s2025,17
s2025,24
s2026,8
s2026,13
s2026,17
s2027,8
s2027,13
s2027,17
s2028,5
s2029,13
s2029,17
s2029,33
s2030,8
s2030,15
s2031,8
s2031,13
s2031,16
s2032,13
s2032,17
s2033,23
s2034,9
s2034,12
s2034,18
s2035,8
s2035,17
s2035,22
s2036,11
s2037,15
s2037,17
s2037,33
s2038,18
s2038,25
s2038,13
s2039,5
s2039,11
s2039,17
s2040,13
s2040,16
s2040,17
s2041,19
s2042,11
s2043,13
s2043,26
s2043,33
s2044,13
s2045,25
s2045,13
s2045,26
s2046,13
s2046,16
s2047,8
s2047,13
s2047,17
s2048,19
s2049,8
s2049,13
s2049,16
s2050,8
s2050,17
s2050,24
s2051,30
s2052,13
s2052,16
s2052,17
s2053,8
s2053,16
s2053,24
s2054,9
s2054,18
s2054,13
s2055,12
s2055,23
s2056,13
s2056,16
s2056,17
s2057,5
s2057,8
s2058,11
s2058,17
s2058,22
s2059,12
s2059,26
s2060,1
s2060,13
s2060,24
s2061,17
s2061,24
s2062,5
s2062,22
s2063,3
s2063,18
s2064,19
s2065,18
s2065,13
s2066,2
s2066,17
s2067,3
s2067,18
s2067,33
s2068,1
s2068,2
s2068,17
s2069,30
s2069,8
s2070,18
s2070,8
s2071,19
s2072,5
s2072,8
s2073,8
s2074,8
s2074,34
s2075,8
s2075,13
s2075,17
s2076,11
s2076,17
s2076,29
s2077,5
s2077,8
s2078,13
s2078,17
s2078,29
s2079,3
s2079,18
s2079,33
s2080,5
s2080,8
s2081,4
s2081,6
s2081,19
s2082,5
s2083,8
s2083,17
s2083,24
s2084,1
s2085,13
s2086,4
s2086,9
s2086,12
s2087,18
s2087,8
s2087,13
s2088,1
s2088,17
s2089,17
s2089,33
s2090,3
s2090,18
s2091,8
s2091,13
s2091,16
s2092,15
s2092,17
s2092,33
s2093,13
s2093,14
s2094,18
s2094,28
s2094,13
s2095,13
s2095,17
s2095,21
s2096,11
s2097,23
s2098,11
s2098,17
s2098,29
s2099,19
s2100,13
s2100,34
s2101,13
s2101,33
s2102,4
s2102,23
s2102,25
s2103,18
s2103,8
s2104,13
s2104,17
s2104,33
s2105,15
s2105,16
s2105,17
s2106,8
s2107,18
s2107,23
s2108,1
s2108,5
s2108,8
s2109,18
s2109,31
s2109,32
s2110,11
s2110,21
s2111,8
s2111,17
s2112,13
s2112,17
s2113,23
s2114,12
s2114,27
s2115,5
s2115,8
s2116,8
s2117,8
s2117,13
s2117,17
s2118,8
s2118,13
s2118,17
s2119,19
s2120,11
s2120,14
s2120,17
s2121,13
s2121,17
s2121,22
s2122,1
s2122,26
s2123,9
s2123,18
s2123,20
s2124,18
s2124,25
s2124,13
s2125,18
s2125,8
s2125,13
s2126,18
s2126,13
s2127,8
s2127,17
s2127,22
s2128,18
s2128,13
s2128,26
s2129,11
s2129,17
s2129,29
s2130,5
s2130,8
s2131,13
s2131,16
s2132,5
s2133,1
s2134,9
s2134,8
s2134,13
s2135,9
s2135,18
s2135,28
s2136,19
s2136,1
s2136,26
s2137,3
s2137,19
s2138,8
s2138,13
s2138,17
s2139,13
s2139,16
s2140,13
s2140,16
s2140,33
s2141,23
s2142,1
s2142,13
s2142,17
s2143,5
s2143,8
s2143,26
s2144,30
s2145,19
s2145,8
s2146,18
s2146,23
s2147,13
s2147,24
s2148,13
s2148,17
s2149,18
s2149,13
s2150,15
s2150,33
s2151,8
s2151,17
s2152,9
s2152,18
s2152,28
s2153,23
s2154,18
s2154,23
s2155,11
s2156,5
s2157,12
s2157,27
s2157,1
s2158,19
s2158,1
s2158,26
s2159,19
s2160,8
s2161,19
s2162,11
s2162,17
s2162,22
s2163,18
s2163,13
s2163,32
s2164,11
s2164,17
s2164,29
s2165,17
s2165,33
s2166,9
s2166,12
s2166,18
s2167,5
s2168,5
s2168,8
s2169,12
s2169,18
s2169,27
s2170,30
s2171,12
s2172,8
s2172,13
s2172,16
s2173,8
s2174,8
s2174,34
s2175,19
s2176,3
s2176,25
s2176,34
s2177,1
s2178,5
s2179,19
s2179,23
s2179,13
s2180,13
s2180,24
s2181,3
s2181,18
s2181,25
s2182,19
s2183,30
s2184,21
s2184,33
s2185,4
s2185,9
s2185,18
s2186,5
s2186,8
s2187,13
s2187,17
s2187,33
s2188,8
s2188,17
s2188,24
s2189,5
s2190,23
s2191,1
s2191,32
s2191,26
s2192,13
s2192,17
s2193,3
s2194,8
s2194,13
s2194,16
s2195,18
s2195,25
s2195,8
s2196,8
s2196,17
s2196,24
s2197,13
s2197,17
s2197,33
s2198,13
s2198,16
s2198,17
s2199,13
s2199,17
s2199,33
s2200,11
s2201,11
s2202,12
s2203,8
s2203,13
s2203,16
s2204,8
s2204,13
s2205,8
s2205,17
s2206,1
s2206,17
s2207,13
s2207,16
s2207,17
s2208,5
s2208,8
s2209,5
s2209,8
s2210,13
s2210,17
s2211,17
s2211,33
s2212,13
s2212,17
s2212,24
s2213,18
s2213,23
s2213,28
s2214,8
s2214,24
s2215,12
s2216,5
s2216,8
s2217,13
s2217,17
s2218,9
s2218,12
s2219,18
s2219,8
s2220,11
s2220,22
s2221,1
s2221,13
s2221,17
s2222,30
s2223,12
s2223,28
s2224,4
s2224,9
s2224,12
s2225,13
s2225,17
s2226,19
s2227,23
s2227,25
s2228,1
s2228,13
s2228,26
s2229,11
s2230,9
s2230,13
s2231,18
s2231,13
s2231,32
s2232,8
s2232,17
s2233,33
s2234,8
s2234,17
s2234,24
s2235,13
s2235,17
s2235,24
s2236,9
s2236,18
s2236,28
s2237,5
s2237,8
s2238,23
s2238,27
s2239,4
s2239,19
s2239,8
s2240,13
s2240,17
s2240,33
s2241,8
s2241,17
s2242,12
s2243,30
s2244,11
s2244,17
s2244,22
s2245,13
s2245,17
s2246,18
s2246,23
s2246,25
s2247,12
s2247,23
s2247,27
s2248,8
s2248,17
s2249,11
s2250,19
s2250,1
s2250,8
s2251,1
s2252,9
s2252,18
s2252,13
s2253,8
s2253,17
s2254,3
s2254,18
s2255,18
s2255,25
s2255,1
s2256,18
s2256,20
s2256,25
s2257,11
s2257,29
s2258,11
s2258,21
s2259,18
s2259,13
s2260,8
s2260,16
s2261,5
s2262,30
s2263,11
s2263,29
s2264,17
s2264,22
s2265,8
s2265,17
s2265,22
s2266,1
s2266,8
s2266,13
s2267,13
s2267,17
s2267,24
s2268,13
s2268,17
s2269,1
s2269,8
s2269,13
s2270,13
s2270,16
s2270,17
s2271,8
s2271,17
s2271,22
s2272,8
s2272,13
s2272,17
s2273,13
s2273,17
s2273,33
s2274,1
s2274,13
s2274,17
s2275,1
s2275,8
s2275,17
s2276,18
s2276,25
s2276,8
s2277,13
s2277,17
s2277,24
s2278,13
s2278,17
s2278,33
s2279,13
s2279,17
s2279,29
s2280,13
s2280,16
s2280,17
s2281,8
s2281,17
s2281,24
s2282,8
s2282,13
s2282,17
s2283,8
s2283,13
s2283,17
s2284,13
s2284,16
s2284,24
s2285,13
s2285,16
s2285,17
s2286,1
s2286,17
s2287,8
s2287,13
s2287,17
s2288,8
s2288,13
s2288,17
s2289,1
s2289,13
s2289,16
s2290,13
s2290,17
s2290,33
s2291,8
s2291,13
s2291,17
s2292,8
s2292,17
s2293,19
s2293,8
s2294,18
s2294,25
s2294,28
s2295,8
s2295,24
s2296,13
s2296,17
s2297,11
s2298,18
s2298,31
s2298,32
s2299,23
s2300,19
s2300,13
s2301,8
s2301,13
s2301,17
s2302,23
s2303,30
s2304,1
s2304,32
s2304,26
s2305,11
s2305,17
s2306,4
s2306,23
s2307,18
s2307,13
s2308,19
s2309,13
s2309,17
s2310,1
s2310,8
s2310,17
s2311,11
s2311,22
s2312,33
s2313,8
s2313,17
s2314,23
s2314,25
s2315,1
s2315,17
s2315,24
s2316,8
s2317,11
s2317,17
s2318,1
s2318,26
s2319,19
s2320,8
s2320,17
s2320,24
s2321,3
s2321,18
s2322,30
s2323,18
s2323,13
s2324,1
s2324,13
s2324,17
s2325,13
s2325,17
s2325,24
s2326,11
s2326,17
s2327,13
s2327,17
s2328,9
s2328,18
s2328,13
s2329,5
s2329,13
s2329,16
s2330,18
s2330,25
s2330,28
s2331,8
s2331,22
s2331,24
s2332,12
s2333,8
s2333,17
s2333,24
s2334,13
s2334,16
s2334,17
s2335,13
s2335,17
s2335,24
s2336,13
s2336,17
s2336,24
s2337,13
s2337,17
s2338,18
s2338,20
s2338,23
s2339,17
s2339,24
s2340,1
s2340,13
s2340,17
s2341,13
s2341,17
s2341,24
s2342,11
s2342,29
s2343,15
s2343,17
s2344,4
s2344,18
s2344,23
s2345,13
s2345,16
s2345,17
s2346,30
s2347,6
s2347,13
s2347,26
s2348,13
s2348,16
s2348,17
s2349,8
s2349,17
s2349,24
s2350,18
s2350,20
s2350,25
s2351,13
s2351,16
s2351,33
s2352,13
s2352,17
s2353,12
s2353,27
s2354,8
s2354,13
s2354,17
s2355,13
s2355,17
s2356,11
s2356,21
s2357,5
s2357,8
s2357,13
s2358,23
s2359,1
s2359,13
s2359,17
s2360,18
s2360,25
s2360,13
s2361,13
s2361,17
s2361,24
s2362,13
s2362,17
s2363,8
s2363,13
s2363,34
s2364,13
s2364,17
s2364,33
s2365,2
s2365,5
s2365,17
s2366,7
s2366,13
s2366,17
s2367,7
s2367,13
s2367,17
s2368,7
s2368,13
s2368,16
s2369,7
s2369,13
s2369,17
s2370,7
s2370,13
s2370,17
s2371,11
s2371,17
s2371,29
s2372,8
s2372,17
s2373,11
s2373,17
s2373,22
s2374,1
s2374,7
s2374,13
s2375,13
s2375,17
s2375,24
s2376,7
s2376,13
s2376,17
s2377,7
s2377,13
s2377,17
s2378,5
s2378,8
s2379,18
s2379,13
s2379,31
s2380,8
s2380,16
s2381,5
s2381,13
s2381,14
s2382,13
s2382,17
s2383,15
s2383,33
s2384,23
s2385,11
s2385,22
s2386,5
s2386,29
s2387,1
s2387,13
s2387,17
s2388,13
s2388,17
s2388,33
s2389,19
s2389,8
s2390,13
s2390,17
s2391,9
s2391,13
s2391,32
s2392,13
s2392,17
s2392,24
s2393,8
s2393,13
s2393,16
s2394,1
s2394,13
s2395,23
s2395,25
s2396,8
s2397,18
s2397,30
s2398,30
s2399,2
s2399,5
s2400,3
s2401,9
s2401,18
s2401,28
s2402,9
s2402,18
s2402,13
s2403,8
s2403,13
s2403,17
s2404,8
s2404,17
s2405,18
s2405,13
s2405,31
s2406,1
s2406,26
s2407,12
s2407,23
s2407,27
s2408,8
s2408,13
s2408,16
s2409,9
s2409,18
s2409,20
s2410,18
s2410,31
s2410,32
s2411,1
s2411,17
s2411,26
s2412,13
s2412,24
s2413,13
s2413,17
s2413,24
s2414,17
s2414,33
s2415,13
s2415,16
s2415,17
s2416,9
s2416,1
s2416,13
s2417,13
s2417,16
s2418,9
s2418,13
s2418,32
s2419,13
s2419,17
s2420,8
s2420,24
s2421,13
s2421,17
s2422,8
s2422,17
s2423,23
s2424,6
s2424,1
s2424,31
s2425,1
s2425,13
s2425,16
s2426,13
s2426,17
s2426,24
s2427,3
s2427,18
s2428,13
s2428,17
s2428,24
s2429,8
s2429,17
s2430,8
s2430,17
s2430,24
s2431,8
s2431,13
s2431,16
s2432,5
s2432,11
s2433,23
s2434,8
s2434,17
s2435,8
s2435,13
s2435,17
s2436,8
s2436,17
s2437,8
s2437,17
s2437,24
s2438,8
s2438,13
s2438,17
s2439,13
s2439,17
s2440,1
s2440,8
s2440,17
s2441,5
s2442,8
s2442,13
s2442,17
s2443,8
s2443,17
s2443,24
s2444,15
s2444,17
s2445,3
s2445,18
s2446,8
s2446,13
s2446,16
s2447,8
s2447,17
s2447,24
s2448,18
s2448,20
s2448,13
s2449,8
s2449,17
s2450,3
s2450,18
s2451,18
s2451,13
s2452,1
s2452,2
s2452,5
s2453,18
s2453,20
s2453,25
s2454,18
s2454,20
s2454,25
s2455,8
s2455,13
s2456,13
s2457,13
s2457,22
s2457,24
s2458,8
s2458,13
s2458,17
s2459,30
s2460,8
s2461,13
s2461,17
s2461,24
s2462,8
s2462,13
s2463,3
s2463,18
s2464,8
s2464,15
s2464,17
s2465,8
s2465,15
s2465,17
s2466,13
s2466,17
s2466,33
s2467,19
s2467,8
s2468,13
s2468,16
s2468,17
s2469,30
s2470,1
s2470,8
s2470,17
s2471,1
s2471,26
s2472,13
s2472,33
s2473,18
s2473,1
s2473,31
s2474,13
s2475,13
s2475,17
s2476,13
s2476,17
s2476,22
s2477,4
s2477,12
s2477,18
s2478,15
s2478,17
s2478,33
s2479,2
s2479,5
s2480,1
s2480,8
s2480,24
s2481,8
s2482,13
s2482,17
s2482,24
s2483,8
s2483,13
s2483,17
s2484,8
s2484,17
s2485,8
s2485,17
s2485,24
s2486,8
s2486,17
s2486,24
s2487,18
s2487,20
s2487,8
s2488,8
s2488,13
s2488,17
s2489,8
s2489,13
s2489,17
s2490,8
s2490,17
s2491,8
s2491,17
s2491,24
s2492,8
s2492,13
s2492,17
s2493,8
s2493,17
s2494,13
s2494,17
s2495,22
s2496,12
s2496,18
s2496,28
s2497,13
s2497,16
s2498,13
s2498,16
s2498,24
s2499,8
s2499,17
s2500,18
s2500,28
s2500,13
s2501,8
s2501,13
s2501,16
s2502,8
s2502,17
s2503,1
s2503,17
s2504,8
s2504,17
s2504,24
s2505,8
s2505,17
s2506,8
s2506,17
s2507,8
s2507,17
s2508,30
s2508,8
s2509,25
s2509,13
s2510,8
s2510,17
s2510,24
s2511,8
s2511,17
s2512,13
s2512,16
s2512,17
s2513,8
s2513,17
s2513,24
s2514,13
s2514,17
s2515,4
s2515,18
s2515,23
s2516,30
s2516,8
s2517,1
s2517,8
s2517,17
s2518,18
s2518,20
s2518,25
s2519,18
s2519,20
s2519,1
s2520,6
s2520,19
s2520,1
s2521,13
s2521,17
s2522,8
s2522,17
s2522,24
s2523,9
s2523,18
s2523,13
s2524,13
s2525,23
s2525,8
s2526,3
s2526,18
s2526,31
s2527,19
s2527,1
s2527,26
s2528,9
s2528,18
s2528,13
s2529,18
s2529,20
s2529,31
s2530,19
s2531,4
s2531,9
s2531,18
s2532,13
s2532,17
s2532,24
s2533,13
s2533,17
s2533,24
s2534,5
s2534,13
s2534,17
s2535,1
s2535,17
s2535,24
s2536,13
s2536,17
s2537,13
s2537,16
s2537,17
s2538,17
s2538,33
s2539,8
s2539,13
s2539,17
s2540,11
s2540,17
s2541,8
s2541,24
s2542,13
s2542,17
s2542,24
s2543,19
s2544,8
s2545,5
s2545,8
s2545,17
s2546,1
s2546,8
s2546,10
s2547,9
s2547,18
s2547,13
s2548,11
s2549,9
s2549,12
s2550,13
s2550,33
s2551,13
s2551,16
s2551,17
s2552,8
s2552,13
s2553,18
s2553,23
s2554,18
s2554,13
s2555,19
s2555,33
s2556,17
s2556,26
s2557,17
s2557,26
s2557,33
s2558,18
s2558,1
s2558,8
s2559,13
s2559,17
s2560,11
s2561,8
s2561,17
s2561,24
s2562,30
s2563,5
s2563,8
s2564,5
s2564,8
s2564,22
s2565,13
s2565,17
s2566,18
s2566,28
s2566,8
s2567,13
s2567,29
s2568,8
s2568,17
s2569,12
s2570,23
s2571,13
s2571,29
s2572,30
s2573,5
s2573,13
s2573,24
s2574,13
s2574,16
s2574,33
s2575,12
s2575,27
s2576,12
s2577,13
s2577,16
s2578,11
s2579,17
s2579,33
s2580,5
s2581,13
s2582,11
s2582,21
s2583,5
s2583,8
s2584,19
s2585,8
s2585,13
s2585,17
s2586,18
s2586,13
s2587,3
s2587,25
s2588,17
s2588,33
s2589,19
s2589,8
s2590,15
s2590,17
s2590,33
s2591,9
s2591,13
s2591,32
s2592,8
s2592,13
s2592,21
s2593,8
s2593,24
s2594,5
s2595,5
s2596,5
s2597,5
s2597,8
s2598,33
s2599,3
s2599,18
s2600,9
s2600,18
s2600,28
s2601,13
s2601,26
s2602,8
s2602,17
s2602,24
s2603,9
s2603,18
s2603,13
s2604,9
s2604,18
s2604,13
s2605,11
s2605,21
s2606,13
s2606,17
s2607,9
s2607,18
s2607,20
s2608,8
s2608,13
s2608,17
s2609,11
s2610,4
s2610,18
s2610,23
s2611,1
s2611,8
s2611,13
s2612,18
s2612,13
s2613,8
s2613,13
s2613,17
s2614,1
s2614,8
s2614,17
s2615,8
s2615,17
s2616,8
s2616,13
s2616,17
s2617,8
s2617,17
s2617,22
s2618,13
s2618,16
s2618,17
s2619,8
s2619,17
s2620,8
s2620,17
s2621,8
s2621,17
s2622,1
s2622,8
s2622,17
s2623,13
s2623,14
s2624,1
s2624,8
s2624,17
s2625,8
s2625,17
s2626,13
s2626,17
s2626,24
s2627,13
s2627,16
s2627,17
s2628,12
s2628,27
s2629,4
s2629,18
s2629,1
s2630,1
s2630,8
s2630,17
s2631,8
s2631,13
s2631,17
s2632,18
s2632,20
s2632,25
s2633,11
s2633,22
s2634,8
s2634,17
s2635,8
s2635,13
s2635,16
s2636,1
s2636,17
s2637,13
s2637,17
s2637,29
s2638,13
s2638,17
s2639,8
s2639,13
s2639,17
s2640,18
s2640,13
s2641,4
s2641,18
s2641,8
s2642,19
s2642,8
s2643,17
s2643,33
s2644,18
s2644,13
s2644,34
s2645,30
s2646,3
s2646,9
s2646,18
s2647,8
s2647,17
s2648,8
s2648,17
s2649,18
s2649,28
s2649,8
s2650,13
s2650,17
s2651,17
s2651,33
s2652,12
s2652,27
s2652,8
s2653,11
s2653,21
s2654,17
s2654,33
s2655,13
s2655,17
s2656,17
s2656,33
s2657,5
s2657,8
s2658,4
s2658,18
s2658,23
s2659,3
s2659,18
s2660,8
s2661,9
s2661,18
s2661,28
s2662,23
s2663,8
s2664,8
s2664,13
s2664,17
s2665,19
s2666,9
s2666,18
s2666,20
s2667,8
s2668,8
s2668,17
s2669,13
s2669,17
s2669,33
s2670,9
s2670,18
s2670,28
s2671,9
s2671,18
s2671,8
s2672,13
s2672,17
s2673,13
s2673,16
s2674,17
s2674,33
s2675,8
s2675,13
s2675,17
s2676,18
s2676,30
s2676,8
s2677,9
s2677,18
s2677,1
s2678,8
s2679,5
s2679,13
s2679,22
s2680,30
s2681,8
s2682,5
s2682,8
s2682,17
s2683,13
s2683,17
s2683,24
s2684,8
s2684,13
s2684,16
s2685,9
s2685,12
s2686,13
s2686,17
s2686,24
s2687,30
s2688,13
s2688,17
s2689,8
s2689,13
s2689,17
s2690,11
s2691,1
s2691,16
s2691,17
s2692,8
s2693,11
s2693,17
s2693,22
s2694,8
s2694,17
s2694,24
s2695,8
s2695,13
s2695,17
s2696,5
s2696,8
s2696,29
s2697,9
s2697,18
s2697,13
s2698,13
s2699,3
s2699,18
s2699,25
s2700,18
s2700,23
s2701,8
s2701,13
s2701,17
s2702,1
s2702,5
s2702,26
s2703,30
s2704,13
s2704,16
s2705,13
s2705,16
s2706,15
s2706,16
s2706,26
s2707,13
s2707,16
s2707,33
s2708,1
s2709,18
s2709,28
s2709,13
s2710,1
s2710,8
s2711,13
s2711,26
s2711,34
s2712,11
s2712,17
s2713,8
s2713,13
s2713,16
s2714,1
s2714,2
s2714,17
s2715,2
s2715,17
s2715,26
s2716,13
s2716,17
s2717,1
s2717,13
s2717,17
s2718,5
s2719,8
s2720,30
s2721,8
s2721,13
s2721,17
s2722,1
s2722,13
s2722,17
s2723,8
s2723,13
s2723,17
s2724,1
s2724,13
s2724,17
s2725,8
s2725,13
s2725,17
s2726,1
s2726,13
s2726,17
s2727,8
s2727,13
s2727,17
s2728,9
s2728,12
s2729,8
s2729,17
s2729,24
s2730,15
s2730,17
s2730,33
s2731,13
s2731,17
s2731,24
s2732,13
s2732,17
s2733,8
s2733,13
s2733,17
s2734,8
s2734,13
s2734,17
s2735,8
s2735,13
s2735,17
s2736,8
s2736,17
s2736,24
s2737,4
s2737,18
s2737,8
s2738,5
s2738,29
s2739,1
s2739,8
s2739,13
s2740,3
s2740,19
s2741,3
s2742,13
s2742,16
s2742,17
s2743,4
s2743,12
s2743,18
s2744,8
s2745,5
s2746,13
s2746,16
s2746,22
s2747,4
s2747,18
s2747,8
s2748,8
s2748,13
s2748,17
s2749,18
s2749,25
s2749,8
s2750,15
s2750,16
s2750,26
s2751,5
s2752,19
s2752,8
s2752,13
s2753,19
s2754,30
s2755,5
s2755,13
s2755,29
s2756,13
s2756,16
s2756,29
s2757,13
s2757,16
s2757,17
s2758,33
s2759,11
s2759,29
s2760,19
s2761,8
s2761,13
s2761,17
s2762,9
s2762,18
s2762,20
s2763,1
s2764,5
s2764,8
s2765,9
s2765,1
s2765,8
s2766,18
s2766,30
s2766,8
s2767,8
s2767,13
s2767,17
s2768,9
s2768,13
s2768,33
s2769,1
s2769,17
s2770,11
s2770,17
s2771,5
s2772,13
s2772,16
s2773,18
s2773,20
s2773,23
s2774,5
s2775,3
s2775,18
s2776,13
s2776,17
s2776,24
s2777,11
s2777,17
s2778,18
s2778,13
s2779,5
s2779,11
s2779,29
s2780,11
s2781,13
s2781,17
s2782,16
s2782,17
s2782,33
s2783,30
s2784,9
s2784,18
s2784,13
s2785,18
s2785,23
s2786,19
s2787,11
s2787,17
s2787,29
s2788,19
s2788,8
s2789,3
s2789,19
s2790,13
s2790,16
s2790,17
s2791,19
s2791,13
s2791,34
s2792,13
s2793,9
s2793,18
s2793,13
s2794,4
s2794,18
s2794,13
s2795,4
s2795,18
s2795,1
s2796,9
s2796,12
s2797,13
s2797,17
s2797,29
s2798,18
s2798,13
s2798,31
s2799,16
s2799,26
s2799,33
s2800,1
s2800,2
s2800,17
s2801,8
s2801,17
s2802,13
s2802,24
s2803,18
s2803,13
s2804,2
s2804,22
s2804,26
s2805,9
s2805,18
s2805,13
s2806,11
s2806,29
s2807,30
s2808,4
s2808,19
s2808,8
s2809,12
s2810,8
s2811,17
s2811,33
s2812,5
s2813,5
s2814,12
s2815,5
s2816,8
s2816,17
s2816,24
s2817,12
s2817,27
s2818,8
s2818,13
s2818,17
s2819,18
s2819,31
s2819,32
s2820,5
s2820,13
s2821,13
s2821,16
s2822,18
s2822,20
s2822,1
s2823,13
s2824,13
s2824,17
s2825,9
s2825,18
s2825,13
s2826,9
s2826,12
s2827,25
s2827,8
s2827,13
s2828,18
s2828,23
s2829,5
s2830,30
s2831,5
s2831,13
s2832,8
s2832,17
s2833,13
s2833,17
s2833,24
s2834,13
s2834,17
s2835,13
s2835,16
s2835,17
s2836,11
s2836,22
s2837,1
s2837,8
s2838,17
s2838,33
s2839,12
s2840,13
s2840,17
s2840,33
s2841,1
s2841,8
s2841,13
s2842,19
s2842,8
s2843,8
s2843,17
s2843,21
s2844,13
s2844,17
s2845,11
s2845,22
s2846,13
s2846,17
s2847,18
s2847,25
s2847,28
s2848,16
s2848,26
s2848,33
s2849,5
s2849,8
s2849,22
s2850,30
s2851,13
s2851,16
s2851,17
s2852,13
s2852,17
s2853,13
s2853,24
s2854,30
s2855,3
s2855,9
s2855,18
s2856,9
s2856,18
s2856,13
s2857,8
s2857,13
s2857,17
s2858,19
s2859,5
s2860,13
s2860,33
s2861,5
s2861,13
s2862,8
s2862,13
s2862,22
s2863,13
s2863,17
s2863,24
s2864,13
s2864,16
s2865,13
s2865,17
s2865,24
s2866,11
s2866,17
s2867,11
s2867,22
s2868,13
s2868,24
s2869,18
s2869,28
s2869,8
s2870,30
s2871,18
s2871,1
s2871,13
s2872,9
s2872,18
s2872,28
s2873,18
s2873,28
s2873,13
s2874,1
s2874,8
s2874,13
s2875,9
s2875,1
s2875,13
s2876,18
s2876,13
s2877,2
s2877,5
s2878,4
s2879,13
s2879,17
s2879,24
s2880,13
s2880,17
s2881,8
s2881,13
s2881,26
s2882,8
s2882,13
s2882,16
s2883,13
s2883,17
s2884,9
s2884,12
s2885,13
s2885,16
s2885,17
s2886,17
s2886,24
s2887,30
s2888,5
s2888,13
s2888,14
s2889,18
s2889,20
s2889,25
s2890,15
s2891,9
s2891,12
s2892,8
s2892,13
s2893,18
s2893,20
s2893,25
s2894,18
s2894,23
s2895,9
s2895,18
s2895,28
s2896,13
s2896,16
s2896,17
s2897,17
s2897,33
s2898,13
s2898,33
s2899,13
s2899,17
s2900,8
s2900,17
s2900,22
s2901,18
s2901,31
s2901,32
s2902,5
s2902,11
s2902,17
s2903,19
s2903,1
s2903,8
s2904,13
s2904,24
s2905,13
s2905,16
s2906,1
s2906,8
s2906,24
s2907,18
s2907,13
s2908,13
s2908,33
s2909,15
s2909,16
s2910,5
s2911,19
s2911,8
s2912,5
s2912,8
s2913,13
s2913,17
s2913,24
s2914,8
s2914,13
s2914,16
s2915,8
s2915,17
s2915,24
s2916,8
s2916,17
s2916,22
s2917,13
s2917,17
s2917,24
s2918,18
s2918,25
s2918,8
s2919,8
s2919,17
s2920,1
s2920,2
s2920,5
s2921,23
s2921,25
s2922,9
s2922,1
s2922,13
s2923,18
s2923,23
s2923,28
s2924,9
s2924,18
s2924,13
s2925,8
s2925,17
s2925,24
s2926,8
s2926,24
s2927,19
s2927,8
s2928,5
s2928,8
s2929,13
s2929,16
s2929,33
s2930,11
s2930,17
s2931,13
s2931,17
s2931,24
s2932,9
s2932,8
s2932,13
s2933,13
s2933,16
s2933,33
s2934,15
s2935,13
s2935,17
s2935,33
s2936,8
s2936,13
s2936,17
s2937,13
s2937,17
s2938,19
s2938,8
s2939,18
s2939,25
s2939,13
s2940,13
s2940,16
s2941,13
s2941,17
s2941,29
s2942,1
s2942,13
s2942,32
s2943,18
s2943,20
s2943,25
s2944,13
s2945,9
s2945,12
s2946,3
s2946,18
s2947,11
s2948,9
s2948,1
s2949,9
s2949,12
s2950,11
s2950,29
s2951,1
s2951,26
s2952,8
s2952,14
s2952,24
s2953,30
s2954,19
s2954,8
s2955,17
s2955,33
s2956,13
s2956,17
s2956,33
s2957,8
s2957,13
s2957,16
s2958,7
s2958,13
s2958,17
s2959,3
s2959,18
s2960,18
s2960,20
s2960,13
s2961,5
s2962,8
s2962,17
s2962,24
s2963,19
s2963,1
s2964,5
s2964,8
s2964,17
s2965,5
s2966,3
s2966,18
s2967,3
s2967,18
s2968,19
s2969,1
s2969,15
s2969,26
s2970,13
s2970,17
s2970,22
s2971,13
s2971,17
s2972,18
s2972,28
s2972,1
s2973,13
s2973,17
s2974,8
s2974,13
s2974,16
s2975,18
s2975,25
s2975,13
s2976,11
s2976,22
s2977,9
s2977,18
s2977,28
s2978,18
s2978,23
s2978,25
s2979,30
s2980,4
s2980,9
s2980,18
s2981,18
s2981,23
s2981,25
s2982,13
s2982,17
s2983,18
s2983,25
s2983,8
s2984,12
s2984,27
s2985,18
s2985,13
s2985,26
s2986,8
s2986,17
s2986,24
s2987,8
s2987,13
s2987,16
s2988,30
s2989,13
s2989,16
s2990,13
s2990,16
s2990,17
s2991,17
s2991,33
s2992,12
s2993,18
s2993,13
s2994,23
s2995,8
s2995,13
s2996,8
s2996,17
s2996,24
s2997,30
s2998,1
s2998,13
s2998,31
s2999,3
s2999,18
s3000,18
s3000,13
s3000,32
s3001,12
s3001,27
s3002,18
s3002,25
s3002,28
s3003,8
s3003,13
s3003,17
s3004,30
s3005,8
s3005,13
s3005,16
s3006,19
s3006,1
s3006,26
s3007,8
s3007,13
s3007,17
s3008,13
s3008,16
s3009,13
s3009,16
s3010,13
s3010,33
s3011,18
s3011,13
s3011,31
s3012,12
s3012,18
s3013,18
s3013,23
s3014,23
s3015,15
s3016,18
s3016,13
s3016,26
s3017,5
s3017,8
s3018,13
s3018,16
s3019,13
s3019,17
s3019,33
s3020,1
s3020,2
s3020,5
s3021,3
s3021,18
s3022,13
s3023,13
s3023,16
s3023,17
s3024,13
s3024,17
s3024,33
s3025,9
s3025,12
s3026,17
s3026,26
s3026,33
s3027,1
s3027,16
s3028,30
s3029,19
s3030,1
s3030,13
s3030,17
s3031,19
s3031,8
s3031,13
s3032,11
s3033,8
s3033,13
s3033,17
s3034,8
s3034,13
s3035,4
s3035,9
s3035,18
s3036,19
s3036,8
s3037,9
s3037,18
s3037,13
s3038,9
s3038,1
s3038,8
s3039,1
s3039,13
s3039,16
s3040,19
s3040,8
s3041,18
s3041,23
s3041,8
s3042,1
s3042,8
s3043,12
s3043,23
s3043,34
s3044,13
s3044,16
s3045,8
s3045,13
s3045,17
s3046,4
s3046,18
s3046,13
s3047,8
s3047,17
s3047,24
s3048,18
s3048,13
s3048,34
s3049,13
s3049,17
s3049,24
s3050,12
s3050,27
s3051,18
s3051,1
s3051,13
s3052,13
s3052,17
s3053,18
s3053,20
s3053,25
s3054,9
s3054,18
s3054,23
s3055,8
s3055,17
s3056,3
s3056,34
s3057,19
s3058,5
s3058,8
s3059,5
s3059,8
s3060,5
s3060,8
s3061,15
s3061,17
s3061,33
s3062,30
s3063,5
s3063,8
s3063,26
s3064,18
s3064,20
s3064,25
s3065,5
s3065,8
s3065,22
s3066,13
s3066,33
s3067,19
s3068,9
s3068,12
s3068,18
s3069,13
s3069,17
s3069,26
s3070,2
s3070,5
s3071,13
s3071,17
s3071,24
s3072,18
s3072,20
s3072,25
s3073,1
s3074,8
s3075,18
s3075,20
s3075,13
s3076,13
s3077,18
s3077,20
s3077,25
s3078,15
s3078,17
s3078,33
s3079,13
s3079,16
s3079,17
s3080,12
s3080,18
s3081,8
s3081,29
s3082,8
s3083,18
s3083,13
s3083,33
s3084,19
s3084,20
s3085,19
s3086,19
s3086,20
s3087,30
s3087,8
s3088,18
s3088,13
s3089,3
s3089,18
s3090,13
s3090,17
s3091,1
s3091,8
s3091,17
s3092,11
s3092,17
s3093,12
s3094,8
s3094,17
s3095,13
s3095,16
s3095,17
s3096,18
s3096,13
s3097,9
s3097,25
s3097,13
s3098,1
s3098,15
s3098,26
s3099,2
s3099,24
s3100,5
s3100,8
s3101,1
s3101,13
s3102,1
s3102,8
s3102,17
s3103,15
s3103,26
s3103,33
s3104,3
s3104,18
s3104,34
s3105,8
s3105,17
s3105,22
s3106,5
s3106,8
s3107,1
s3107,13
s3107,26
s3108,33
s3109,8
s3109,13
s3110,5
s3110,29
s3111,8
s3111,17
s3112,18
s3112,13
s3113,13
s3113,17
s3113,24
s3114,17
s3114,22
s3115,13
s3115,17
s3115,24
s3116,13
s3116,17
s3117,13
s3118,18
s3118,1
s3118,13
s3119,11
s3119,17
s3120,18
s3120,25
s3120,13
s3121,9
s3121,18
s3121,13
s3122,9
s3122,12
s3123,25
s3123,13
s3124,30
s3125,8
s3125,13
s3125,16
s3126,13
s3126,16
s3126,17
s3127,8
s3127,13
s3127,17
s3128,18
s3128,20
s3128,25
s3129,19
s3129,20
s3130,18
s3130,20
s3130,25
s3131,18
s3131,13
s3132,8
s3132,13
s3132,17
s3133,8
s3133,13
s3133,17
s3134,1
s3134,17
s3135,1
s3135,17
s3135,22
s3136,1
s3136,8
s3136,13
s3137,17
s3137,33
s3138,3
s3138,18
s3139,5
s3139,8
s3139,17
s3140,8
s3140,13
s3140,17
s3141,8
s3141,17
s3141,24
s3142,13
s3142,17
s3142,33
s3143,1
s3143,13
s3143,17
s3144,13
s3144,17
s3144,24
s3145,8
s3145,13
s3145,17
s3146,13
s3146,17
s3146,22
s3147,19
s3147,8
s3148,13
s3148,17
s3148,33
s3149,19
s3149,8
s3150,8
s3150,13
s3150,17
s3151,1
s3151,13
s3152,8
s3152,17
s3153,8
s3153,17
s3153,24
s3154,8
s3154,17
s3154,24
s3155,13
s3155,17
s3155,24
s3156,17
s3156,33
s3157,17
s3157,33
s3158,30
s3159,13
s3159,17
s3160,8
s3160,17
s3161,30
s3162,5
s3162,8
s3163,15
s3163,16
s3164,1
s3164,17
s3165,13
s3165,14
s3165,17
s3166,8
s3167,8
s3167,17
s3168,13
s3168,17
s3169,8
s3170,13
s3171,1
s3171,2
s3171,17
s3172,13
s3172,17
s3173,5
s3174,3
s3174,18
s3174,25
s3175,18
s3175,13
s3175,32
s3176,9
s3176,12
s3177,18
s3177,28
s3177,13
s3178,9
s3178,18
s3178,25
s3179,8
s3179,13
s3179,17
s3180,8
s3180,13
s3180,17
s3181,5
s3181,13
s3181,24
s3182,11
s3183,1
s3183,13
s3183,31
s3184,8
s3185,18
s3185,13
s3185,34
s3186,18
s3186,25
s3186,28
s3187,30
s3188,31
s3188,32
s3188,26
s3189,5
s3189,8
s3189,22
s3190,8
s3190,17
s3190,24
s3191,13
s3191,33
s3192,13
s3192,17
s3192,33
s3193,8
s3193,13
s3194,8
s3194,17
s3194,24
s3195,11
s3195,17
s3196,13
s3196,17
s3196,24
s3197,13
s3197,17
s3197,24
s3198,8
s3198,13
s3198,17
s3199,13
s3199,17
s3199,24
s3200,19
s3200,20
s3200,8
s3201,5
s3201,13
s3201,17
s3202,8
s3202,13
s3202,17
s3203,11
s3203,17
s3203,22
s3204,13
s3204,17
s3204,33
s3205,18
s3205,20
s3205,25
s3206,11
s3206,17
s3207,8
s3207,13
s3207,17
s3208,13
s3208,16
s3208,17
s3209,19
s3210,8
s3210,17
s3210,33
s3211,13
s3211,16
s3211,17
s3212,13
s3212,17
s3213,9
s3213,18
s3213,28
s3214,8
s3214,17
s3215,8
s3215,16
s3215,17
s3216,1
s3216,8
s3216,17
s3217,18
s3217,25
s3217,8
s3218,13
s3218,17
s3218,33
s3219,5
s3219,13
s3220,3
s3220,18
s3221,18
s3221,30
s3221,8
s3222,8
s3223,18
s3223,8
s3223,13
s3224,1
s3224,13
s3225,8
s3225,17
s3225,24
s3226,5
s3226,8
s3227,13
s3227,16
s3228,13
s3229,30
s3230,5
s3231,9
s3231,18
s3231,13
s3232,5
s3233,18
s3233,28
s3233,30
s3234,1
s3234,13
s3234,17
s3235,11
s3235,17
s3236,13
s3236,33
s3237,18
s3237,8
s3237,26
s3238,13
s3238,16
s3238,17
s3239,13
s3240,1
s3240,2
s3240,17
s3241,30
s3242,23
s3243,9
s3243,12
s3244,18
s3244,8
s3244,13
s3245,11
s3245,29
s3246,18
s3246,23
s3247,19
s3247,1
s3247,26
s3248,19
s3248,8
s3249,5
s3249,8
s3249,24
s3250,18
s3250,8
s3250,13
s3251,11
s3252,13
s3252,17
s3252,24
s3253,18
s3253,13
s3254,11
s3254,17
s3254,29
s3255,13
s3255,16
s3255,17
s3256,9
s3256,12
s3256,18
s3257,30
s3258,18
s3258,25
s3258,8
s3259,18
s3259,13
s3259,34
s3260,1
s3260,8
s3260,17
s3261,30
s3262,13
s3262,17
s3263,15
s3263,16
s3264,18
s3264,25
s3265,13
s3265,24
s3266,11
s3266,17
s3267,5
s3267,22
s3268,1
s3268,13
s3268,17
s3269,8
s3269,16
s3269,17
s3270,23
s3271,18
s3271,20
s3271,25
s3272,3
s3272,34
s3273,2
s3273,22
s3274,5
s3274,8
s3275,18
s3275,25
s3276,19
s3277,18
s3277,25
s3277,13
s3278,18
s3278,20
s3278,25
s3279,11
s3279,17
s3280,9
s3280,18
s3280,28
s3281,2
s3281,17
s3281,24
s3282,18
s3282,1
s3282,13
s3283,12
s3283,23
s3284,9
s3284,18
s3284,13
s3285,18
s3285,25
s3285,1
s3286,30
s3287,18
s3287,25
s3287,8
s3288,12
s3288,28
s3289,18
s3289,20
s3289,13
s3290,30
s3291,13
s3291,16
s3291,21
s3292,18
s3292,25
s3292,34
s3293,11
s3294,18
s3294,25
s3294,8
s3295,4
s3295,12
s3295,18
s3296,19
s3296,1
s3296,8
s3297,8
s3297,13
s3297,21
s3298,1
s3298,13
s3298,17
s3299,9
s3299,18
s3299,28
s3300,17
s3300,33
s3301,13
s3302,9
s3302,18
s3302,13
s3303,1
s3303,13
s3303,17
s3304,5
s3304,8
s3304,22
s3305,19
s3305,8
s3306,30
s3307,4
s3307,18
s3307,8
s3308,8
s3308,13
s3308,16
s3309,13
s3309,17
s3309,24
s3310,8
s3311,4
s3311,18
s3311,8
s3312,11
s3313,13
s3313,17
s3313,33
s3314,9
s3314,12
s3315,5
s3316,5
s3316,8
s3317,19
s3317,8
s3318,5
s3318,8
s3318,22
s3319,5
s3320,5
s3320,8
s3321,5
s3321,8
s3322,5
s3323,5
s3323,8
s3324,5
s3324,8
s3325,5
s3325,8
s3326,19
s3326,8
s3327,8
s3327,17
s3328,12
s3328,18
s3328,27
s3329,9
s3329,18
s3329,13
s3330,13
s3331,18
s3331,23
s3331,8
s3332,13
s3333,8
s3334,3
s3334,34
s3335,1
s3335,17
s3336,11
s3337,3
s3337,18
s3337,34
s3338,5
s3338,13
s3338,24
s3339,5
s3339,8
s3339,24
s3340,3
s3340,25
s3340,34
s3341,3
s3341,25
s3342,3
s3342,18
s3343,18
s3343,23
s3344,5
s3344,8
s3344,24
s3345,23
s3346,19
s3347,5
s3348,13
s3349,13
s3349,17
s3350,11
s3350,17
s3351,5
s3352,18
s3352,28
s3352,13
s3353,18
s3353,13
s3353,32
s3354,11
s3354,17
s3354,22
s3355,30
s3356,3
s3356,18
s3357,9
s3357,18
s3357,1
s3358,9
s3358,18
s3358,13
s3359,18
s3359,20
s3359,25
s3360,13
s3360,17
s3360,24
s3361,18
s3361,20
s3361,25
s3362,9
s3362,18
s3362,13
s3363,30
s3364,12
s3364,30
s3365,11
s3365,17
s3366,11
s3366,17
s3367,11
s3367,17
s3367,29
s3368,18
s3368,25
s3368,34
s3369,18
s3369,25
s3369,34
s3370,8
s3371,9
s3371,18
s3371,13
s3372,13
s3372,17
s3372,33
s3373,8
s3373,13
s3374,9
s3374,18
s3374,28
s3375,11
s3376,9
s3376,18
s3376,28
s3377,17
s3378,18
s3378,23
s3379,18
s3379,23
s3379,28
s3380,15
s3380,16
s3380,33
s3381,8
s3381,13
s3381,17
s3382,18
s3382,1
s3382,32
s3383,1
s3383,8
s3383,31
s3384,11
s3384,22
s3385,15
s3385,17
s3386,12
s3387,11
s3388,1
s3388,17
s3389,11
s3389,30
s3390,1
s3390,8
s3390,16
s3391,5
s3391,8
s3392,13
s3392,17
s3392,33
s3393,8
s3393,17
s3393,24
s3394,19
s3395,5
s3396,5
s3397,5
s3398,5
s3399,15
s3400,13
s3400,17
s3401,4
s3401,18
s3401,23
s3402,4
s3402,19
s3403,8
s3403,17
s3403,24
s3404,19
s3404,8
s3405,19
s3405,20
s3406,8
s3406,13
s3406,17
s3407,19
s3408,1
s3408,13
s3408,17
s3409,11
s3410,8
s3410,13
s3411,18
s3411,8
s3412,13
s3412,17
s3413,8
s3413,13
s3413,17
s3414,13
s3414,14
s3414,17
s3415,9
s3415,18
s3415,1
s3416,19
s3416,33
s3417,18
s3417,20
s3417,25
s3418,11
s3419,11
s3420,30
s3421,18
s3421,20
s3421,25
s3422,15
s3423,11
s3423,29
s3424,9
s3424,18
s3424,13
s3425,30
s3426,13
s3426,17
s3427,9
s3427,18
s3427,20
s3428,8
s3428,17
s3428,24
s3429,13
s3429,33
s3430,33
s3431,8
s3431,13
s3431,34
s3432,13
s3432,17
s3433,13
s3433,17
s3433,33
s3434,18
s3434,25
s3434,8
s3435,15
s3435,17
s3436,3
s3436,19
s3437,17
s3437,22
s3438,3
s3438,18
s3439,13
s3439,24
s3440,13
s3440,33
s3441,23
s3442,30
s3443,5
s3443,8
s3444,13
s3444,17
s3444,24
s3445,19
s3445,28
s3446,18
s3446,20
s3446,1
s3447,13
s3447,16
s3447,17
s3448,11
s3449,8
s3449,17
s3449,24
s3450,4
s3450,19
s3450,33
s3451,15
s3451,33
s3452,5
s3452,8
s3453,4
s3453,9
s3453,18
s3454,19
s3454,1
s3454,13
s3455,12
s3455,27
s3456,19
s3457,5
s3458,3
s3458,9
s3459,12
s3460,8
s3460,17
s3460,24
s3461,11
s3462,18
s3462,20
s3462,25
s3463,18
s3463,20
s3463,25
s3464,18
s3464,25
s3464,8
s3465,18
s3465,8
s3466,13
s3466,17
s3466,24
s3467,18
s3467,8
s3467,13
s3468,18
s3468,8
s3469,11
s3469,17
s3469,29
s3470,5
s3471,19
s3471,20
s3472,30
s3473,5
s3473,8
s3474,18
s3474,20
s3474,25
s3475,18
s3475,20
s3475,25
s3476,5
s3476,8
s3477,8
s3477,13
s3477,16
s3478,9
s3478,1
s3478,13
s3479,30
s3480,11
s3480,17
s3481,13
s3481,17
s3482,18
s3482,1
s3482,13
s3483,8
s3483,17
s3484,9
s3484,18
s3484,28
s3485,13
s3485,26
s3485,33
s3486,2
s3486,22
s3486,26
s3487,13
s3487,17
s3487,24
s3488,1
s3488,13
s3488,17
s3489,9
s3489,18
s3489,28
s3490,12
s3491,11
s3491,17
s3492,18
s3492,13
s3492,31
s3493,8
s3493,17
s3493,22
s3494,8
s3494,17
s3494,22
s3495,1
s3496,30
s3497,8
s3497,13
s3497,17
s3498,8
s3498,16
s3498,17
s3499,13
s3499,16
s3499,17
s3500,18
s3500,20
s3500,1
s3501,8
s3502,9
s3502,18
s3502,13
s3503,4
s3503,9
s3503,18
s3504,4
s3504,9
s3504,18
s3505,23
s3506,12
s3506,27
s3507,18
s3507,8
s3507,13
s3508,8
s3508,17
s3509,5
s3510,13
s3510,17
s3510,24
s3511,18
s3511,20
s3511,25
s3512,1
s3513,30
s3514,11
s3514,17
s3514,22
s3515,11
s3516,9
s3516,12
s3517,8
s3517,17
s3517,22
s3518,11
s3518,17
s3519,11
s3520,3
s3520,18
s3520,31
s3521,8
s3521,17
s3522,18
s3522,13
s3522,31
s3523,13
s3523,17
s3523,24
s3524,5
s3524,8
s3524,24
s3525,4
s3525,9
s3525,18
s3526,9
s3526,13
s3527,1
s3527,13
s3527,26
s3528,12
s3528,27
s3529,30
s3530,11
s3530,17
s3531,13
s3531,17
s3531,33
s3532,8
s3532,13
s3532,16
s3533,8
s3533,16
s3533,17
s3534,8
s3534,17
s3534,24
s3535,18
s3535,13
s3535,33
s3536,11
s3537,13
s3537,16
s3537,17
s3538,8
s3538,13
s3538,17
s3539,11
s3539,17
s3540,19
s3541,12
s3541,27
s3542,3
s3542,18
s3543,13
s3543,16
s3543,17
s3544,4
s3544,9
s3544,12
s3545,5
s3546,8
s3546,17
s3547,4
s3547,19
s3548,8
s3548,17
s3549,8
s3549,17
s3550,5
s3550,8
s3550,13
s3551,23
s3552,1
s3552,13
s3552,26
s3553,9
s3553,18
s3553,28
s3554,19
s3555,17
s3555,33
s3556,8
s3556,24
s3557,13
s3557,14
s3557,17
s3558,11
s3558,22
s3559,4
s3559,18
s3559,23
s3560,30
s3561,8
s3561,17
s3562,9
s3562,12
s3563,3
s3563,9
s3563,18
s3564,8
s3564,13
s3564,17
s3565,8
s3565,17
s3566,17
s3566,22
s3567,13
s3567,16
s3567,17
s3568,11
s3569,15
s3569,17
s3569,33
s3570,15
s3570,17
s3570,33
s3571,15
s3571,17
s3571,33
s3572,23
s3573,17
s3573,24
s3574,11
s3575,30
s3576,18
s3576,25
s3576,28
s3577,9
s3577,18
s3577,28
s3578,9
s3578,18
s3578,13
s3579,12
s3579,27
s3580,9
s3580,18
s3580,28
s3581,5
s3581,8
s3581,26
s3582,9
s3582,13
s3582,32
s3583,26
s3583,33
s3584,8
s3585,5
s3586,18
s3586,1
s3586,13
s3587,8
s3587,17
s3588,18
s3588,28
s3588,1
s3589,3
s3589,18
s3590,9
s3590,18
s3590,13
s3591,18
s3591,13
s3591,33
s3592,30
s3593,9
s3593,12
s3594,13
s3594,17
s3595,8
s3595,17
s3595,22
s3596,11
s3596,29
s3597,11
s3597,17
s3598,13
s3599,19
s3600,30
s3601,8
s3601,13
s3602,8
s3602,13
s3602,31
s3603,13
s3603,16
s3603,17
s3604,5
s3604,8
s3604,21
s3605,9
s3605,18
s3605,13
s3606,12
s3607,9
s3607,18
s3607,20
s3608,18
s3608,13
s3609,25
s3609,8
s3609,13
s3610,18
s3610,20
s3610,25
s3611,18
s3611,20
s3611,25
s3612,18
s3612,20
s3612,13
s3613,18
s3613,20
s3613,25
s3614,18
s3614,20
s3614,25
s3615,18
s3615,20
s3615,25
s3616,1
s3616,26
s3617,17
s3617,33
s3618,30
s3619,8
s3619,13
s3619,17
s3620,30
s3621,30
s3622,11
s3622,29
s3623,30
s3624,11
s3624,17
s3625,19
s3625,8
s3625,13
s3626,13
s3626,17
s3627,5
s3627,8
s3627,17
s3628,12
s3628,23
s3629,11
s3630,8
s3631,13
s3631,17
s3632,13
s3632,16
s3632,17
s3633,18
s3633,32
s3633,33
s3634,18
s3634,8
s3634,13
s3635,13
s3635,33
s3636,30
s3637,19
s3638,13
s3638,16
s3638,17
s3639,15
s3639,17
s3640,8
s3640,15
s3640,17
s3641,18
s3641,20
s3641,25
s3642,13
s3642,16
s3642,17
s3643,4
s3643,18
s3643,1
s3644,11
s3645,19
s3646,30
s3647,30
s3648,1
s3648,10
s3648,17
s3649,8
s3649,17
s3650,1
s3650,8
s3650,17
s3651,1
s3651,17
s3652,18
s3652,25
s3652,13
s3653,8
s3653,17
s3654,30
s3654,8
s3655,19
s3655,8
s3656,18
s3656,31
s3656,32
s3657,18
s3657,20
s3657,25
s3658,33
s3659,1
s3659,13
s3659,17
s3660,19
s3660,8
s3661,18
s3661,25
s3661,13
s3662,13
s3662,17
s3663,8
s3664,3
s3664,18
s3665,3
s3665,18
s3665,34
s3666,3
s3666,18
s3667,3
s3667,18
s3668,19
s3668,1
s3668,26
s3669,8
s3669,13
s3669,16
s3670,18
s3670,13
s3671,13
s3671,16
s3671,17
s3672,18
s3672,23
s3673,13
s3673,17
s3673,33
s3674,18
s3674,20
s3674,25
s3675,18
s3675,1
s3675,26
s3676,1
s3677,11
s3677,17
s3678,19
s3679,11
s3679,17
s3679,22
s3680,30
s3681,4
s3681,19
s3681,13
s3682,11
s3682,17
s3682,29
s3683,18
s3683,25
s3683,13
s3684,11
s3685,18
s3685,13
s3685,33
s3686,31
s3686,32
s3686,26
s3687,12
s3687,13
s3688,18
s3688,23
s3689,18
s3689,25
s3689,13
s3690,18
s3690,25
s3690,13
s3691,18
s3691,20
s3691,13
s3692,19
s3692,1
s3692,8
s3693,19
s3694,30
s3695,19
s3696,19
s3696,8
s3697,3
s3697,18
s3698,11
s3698,17
s3699,15
s3699,17
s3699,24
s3700,13
s3700,17
s3700,33
s3701,23
s3701,8
s3701,31
s3702,8
s3702,13
s3702,17
s3703,9
s3703,12
s3704,11
s3704,17
s3705,9
s3705,12
s3705,27
s3706,18
s3706,23
s3707,1
s3707,17
s3707,26
s3708,19
s3708,26
s3709,18
s3709,28
s3709,8
s3710,13
s3710,16
s3710,22
s3711,9
s3711,18
s3711,8
s3712,30
s3713,17
s3713,22
s3714,17
s3714,22
s3714,33
s3715,11
s3715,17
s3716,30
s3717,3
s3717,18
s3718,1
s3718,17
s3719,13
s3719,16
s3719,17
s3720,18
s3720,25
s3720,28
s3721,1
s3721,2
s3721,17
s3722,12
s3722,23
s3723,19
s3723,28
s3723,34
s3724,3
s3724,18
s3725,3
s3725,18
s3726,9
s3726,1
s3726,13
s3727,18
s3727,23
s3728,9
s3728,12
s3729,1
s3729,2
s3729,17
s3730,15
s3730,16
s3730,17
s3731,13
s3731,17
s3731,33
s3732,13
s3732,16
s3732,22
s3733,11
s3733,17
s3734,30
s3735,33
s3736,8
s3736,13
s3736,16
s3737,3
s3737,18
s3738,3
s3738,18
s3739,11
s3740,8
s3740,17
s3740,24
s3741,13
s3741,16
s3741,17
s3742,3
s3742,18
s3743,18
s3743,25
s3743,8
s3744,9
s3744,12
s3744,18
s3745,9
s3745,18
s3745,13
s3746,23
s3747,9
s3747,18
s3747,13
s3748,5
s3748,8
s3749,9
s3749,18
s3749,28
s3750,8
s3750,13
s3751,4
s3751,18
s3751,13
s3752,8
s3753,9
s3753,1
s3753,13
s3754,8
s3755,9
s3755,18
s3755,28
s3756,18
s3756,13
s3756,32
s3757,11
s3758,15
s3758,17
s3759,30
s3760,11
s3760,22
s3761,19
s3762,13
s3762,16
s3762,17
s3763,9
s3763,13
s3763,33
s3764,13
s3764,17
s3764,21
s3765,17
s3765,26
s3765,33
s3766,8
s3766,17
s3766,24
s3767,5
s3768,5
s3768,13
s3768,17
s3769,8
s3769,15
s3769,16
s3770,19
s3771,13
s3772,11
s3772,22
s3773,13
s3773,17
s3774,2
s3774,17
s3775,4
s3775,18
s3775,13
s3776,13
s3776,17
s3776,26
s3777,30
s3778,5
s3778,26
s3779,8
s3780,19
s3780,1
s3780,8
s3781,18
s3781,20
s3781,1
s3782,13
s3782,17
s3783,18
s3783,13
s3784,13
s3784,16
s3784,17
s3785,3
s3785,18
s3785,34
s3786,8
s3786,17
s3787,1
s3787,17
s3787,29
s3788,9
s3788,13
s3789,8
s3789,13
s3789,16
s3790,9
s3790,12
s3790,18
s3791,13
s3791,17
s3792,8
s3792,13
s3792,17
s3793,9
s3793,13
s3794,17
s3794,33
s3795,30
s3795,8
s3796,11
s3797,12
s3797,18
s3798,13
s3798,16
s3798,17
s3799,1
s3799,16
s3799,26
s3800,25
s3800,8
s3800,13
s3801,15
s3801,21
s3801,22
s3802,13
s3802,33
s3803,8
s3803,22
s3803,29
s3804,11
s3804,17
s3805,1
s3805,8
s3805,17
s3806,30
s3807,19
s3807,8
s3808,9
s3808,18
s3808,28
s3809,9
s3809,12
s3809,18
s3810,11
s3810,17
s3811,11
s3811,17
s3812,11
s3812,17
s3813,8
s3814,1
s3814,17
s3815,11
s3815,22
s3816,30
s3817,13
s3817,26
s3817,33
s3818,4
s3818,18
s3818,8
s3819,5
s3819,13
s3820,13
s3820,16
s3820,17
s3821,5
s3821,8
s3822,4
s3822,19
s3822,8
s3823,13
s3823,16
s3823,17
s3824,19
s3824,28
s3825,18
s3825,25
s3825,13
s3826,1
s3826,13
s3827,3
s3827,18
s3828,8
s3829,11
s3830,5
s3830,8
s3831,11
s3832,9
s3832,18
s3832,13
s3833,13
s3833,16
s3833,17
s3834,13
s3834,16
s3834,17
s3835,1
s3835,8
s3835,13
s3836,8
s3836,13
s3837,8
s3837,13
s3837,17
s3838,12
s3838,23
s3839,9
s3839,18
s3839,13
s3840,18
s3840,25
s3840,13
s3841,13
s3841,34
s3842,8
s3843,1
s3843,13
s3843,17
s3844,18
s3844,13
s3845,18
s3845,8
s3846,18
s3846,25
s3846,13
s3847,18
s3847,25
s3847,13
s3848,18
s3848,25
s3848,13
s3849,18
s3849,13
s3850,18
s3850,25
s3850,8
s3851,18
s3851,13
s3852,18
s3852,13
s3852,26
s3853,9
s3853,18
s3853,20
s3854,18
s3854,8
s3854,13
s3855,18
s3855,13
s3856,9
s3856,18
s3856,13
s3857,18
s3857,13
s3858,11
s3858,17
s3859,17
s3859,26
s3860,11
s3860,21
s3861,9
s3861,18
s3861,28
s3862,19
s3862,8
s3863,8
s3863,17
s3863,24
s3864,13
s3864,16
s3865,23
s3866,13
s3866,17
s3866,33
s3867,8
s3867,24
s3868,8
s3869,8
s3869,13
s3869,17
s3870,1
s3871,3
s3871,18
s3872,11
s3872,22
s3873,11
s3874,15
s3874,17
s3875,8
s3875,13
s3875,17
s3876,8
s3876,17
s3877,18
s3877,1
s3877,8
s3878,30
s3879,18
s3879,8
s3879,13
s3880,3
s3880,9
s3880,18
s3881,18
s3881,8
s3881,13
s3882,18
s3882,8
s3882,26
s3883,18
s3883,8
s3883,13
s3884,9
s3884,18
s3884,25
s3885,1
s3885,8
s3885,31
s3886,13
s3886,16
s3886,17
s3887,9
s3887,18
s3887,28
s3888,31
s3888,32
s3888,34
s3889,8
s3889,17
s3889,24
s3890,8
s3890,13
s3890,17
s3891,8
s3891,13
s3891,17
s3892,11
s3892,22
s3893,12
s3894,4
s3895,13
s3895,17
s3896,11
s3896,22
s3897,11
s3898,18
s3898,1
s3898,8
s3899,18
s3899,8
s3900,13
s3900,16
s3900,17
s3901,18
s3901,25
s3902,3
s3902,18
s3903,18
s3903,8
s3904,8
s3904,24
s3905,13
s3905,17
s3906,13
s3906,16
s3906,17
s3907,30
s3908,11
s3908,22
s3909,8
s3909,13
s3909,17
s3910,5
s3911,8
s3911,13
s3911,17
s3912,17
s3912,22
s3912,33
s3913,11
s3913,29
s3914,13
s3914,17
s3914,24
s3915,8
s3915,17
s3915,22
s3916,8
s3916,17
s3916,24
s3917,13
s3917,17
s3917,26
s3918,13
s3918,17
s3918,24
s3919,1
s3919,8
s3919,13
s3920,15
s3921,25
s3921,8
s3922,13
s3922,17
s3923,15
s3923,17
s3924,15
s3924,17
s3925,30
s3926,8
s3927,8
s3927,24
s3928,25
s3928,8
s3929,18
s3929,20
s3929,13
s3930,30
s3931,15
s3931,33
s3932,19
s3932,23
s3932,27
s3933,13
s3933,17
s3933,22
s3934,1
s3934,8
s3934,13
s3935,12
s3936,1
s3936,26
s3937,4
s3937,18
s3937,8
s3938,9
s3938,18
s3938,8
s3939,12
s3939,27
s3940,1
s3940,8
s3940,13
s3941,9
s3941,18
s3941,13
s3942,19
s3943,12
s3944,19
s3945,9
s3945,18
s3945,28
s3946,8
s3946,13
s3946,16
s3947,9
s3947,18
s3947,20
s3948,30
s3949,15
s3949,17
s3950,18
s3950,25
s3950,13
s3951,8
s3951,13
s3951,17
s3952,13
s3952,17
s3953,30
s3954,19
s3954,8
s3955,17
s3955,24
s3955,26
s3956,13
s3956,16
s3956,17
s3957,18
s3957,20
s3957,25
s3958,8
s3959,3
s3959,18
s3960,15
s3961,13
s3961,16
s3961,17
s3962,4
s3962,19
s3963,8
s3963,13
s3963,16
s3964,13
s3964,17
s3964,29
s3965,18
s3965,13
s3965,32
s3966,8
s3966,31
s3966,33
s3967,13
s3968,11
s3969,18
s3969,13
s3970,4
s3970,18
s3970,13
s3971,18
s3971,13
s3972,18
s3972,23
s3972,25
s3973,15
s3973,17
s3974,13
s3974,17
s3974,24
s3975,30
s3976,1
s3976,8
s3976,13
s3977,9
s3977,18
s3977,1
s3978,1
s3978,8
s3978,17
s3979,1
s3979,8
s3979,17
s3980,19
s3981,9
s3981,18
s3981,28
s3982,9
s3982,18
s3982,13
s3983,13
s3983,17
s3983,26
s3984,11
s3984,22
s3985,18
s3985,13
s3986,8
s3986,13
s3986,22
s3987,13
s3987,32
s3987,26
s3988,11
s3988,17
s3988,29
s3989,19
s3990,18
s3990,8
s3990,13
s3991,1
s3991,8
s3991,17
s3992,1
s3992,8
s3992,17
s3993,8
s3993,13
s3993,17
s3994,13
s3994,17
s3994,24
s3995,17
s3995,24
s3996,11
s3996,17
s3996,29
s3997,18
s3997,13
s3998,13
s3998,16
s3998,17
s3999,18
s3999,25
s3999,13
s4000,30
s4001,8
s4001,13
s4001,16
s4002,18
s4002,25
s4002,8
s4003,8
s4003,13
s4003,17
s4004,1
s4004,17
s4005,30
s4006,13
s4006,17
s4006,21
s4007,18
s4007,25
s4007,13
s4008,30
s4009,30
s4010,30
s4011,30
s4012,11
s4012,29
s4013,18
s4013,13
s4014,1
s4014,13
s4014,17
s4015,4
s4015,19
s4016,9
s4016,12
s4017,4
s4017,18
s4017,8
s4018,13
s4018,17
s4018,24
s4019,13
s4019,17
s4019,24
s4020,8
s4020,13
s4020,17
s4021,17
s4021,24
s4022,8
s4022,13
s4022,17
s4023,18
s4023,13
s4023,32
s4024,18
s4024,8
s4024,26
s4025,1
s4026,30
s4027,18
s4027,25
s4027,13
s4028,18
s4028,13
s4029,1
s4030,18
s4030,25
s4030,13
s4031,18
s4031,13
s4031,32
s4032,1
s4032,8
s4032,17
s4033,18
s4033,13
s4033,31
s4034,13
s4034,16
s4034,24
s4035,13
s4035,16
s4035,17
s4036,18
s4036,13
s4037,5
s4037,13
s4038,8
s4038,13
s4038,24
s4039,8
s4039,17
s4040,13
s4040,17
s4040,24
s4041,13
s4041,17
s4041,24
s4042,13
s4042,17
s4042,24
s4043,9
s4043,13
s4044,18
s4044,13
s4044,32
s4045,18
s4045,20
s4045,25
s4046,1
s4047,13
s4047,17
s4047,24
s4048,13
s4048,17
s4048,24
s4049,13
s4049,17
s4050,1
s4050,13
s4050,17
s4051,11
s4051,17
s4052,11
s4052,17
s4052,29
s4053,11
s4053,17
s4053,22
s4054,8
s4054,17
s4055,12
s4055,18
s4056,19
s4056,20
s4056,8
s4057,12
s4058,13
s4059,5
s4059,8
s4060,15
s4060,17
s4060,33
s4061,5
s4061,8
s4062,13
s4062,17
s4062,22
s4063,5
s4063,13
s4063,16
s4064,3
s4064,18
s4064,34
s4065,1
s4065,17
s4066,5
s4067,13
s4067,17
s4067,33
s4068,13
s4068,16
s4068,17
s4069,13
s4069,17
s4069,24
s4070,1
s4070,8
s4070,17
s4071,8
s4071,17
s4071,24
s4072,8
s4072,13
s4072,17
s4073,13
s4073,16
s4073,17
s4074,8
s4074,13
s4074,17
s4075,8
s4075,17
s4075,24
s4076,8
s4076,13
s4076,17
s4077,13
s4077,17
s4077,24
s4078,13
s4078,17
s4078,22
s4079,13
s4079,17
s4079,24
s4080,9
s4080,13
s4081,30
s4082,13
s4082,16
s4082,17
s4083,13
s4083,17
s4084,30
s4085,12
s4085,23
s4086,13
s4086,17
s4087,8
s4087,13
s4087,16
s4088,13
s4088,16
s4088,17
s4089,13
s4089,16
s4089,17
s4090,4
s4090,18
s4090,23
s4091,19
s4092,13
s4092,17
s4092,33
s4093,30
s4094,11
s4094,21
s4095,13
s4095,16
s4095,17
s4096,1
s4096,13
s4096,17
s4097,11
s4098,13
s4098,17
s4098,26
s4099,13
s4099,16
s4099,17
s4100,11
s4101,8
s4101,13
s4101,16
s4102,13
s4102,16
s4102,17
s4103,13
s4103,17
s4104,8
s4104,13
s4104,17
s4105,18
s4105,8
s4105,13
s4106,12
s4106,8
s4107,13
s4107,17
s4107,24
s4108,8
s4108,17
s4108,24
s4109,13
s4109,17
s4110,9
s4110,12
s4110,18
s4111,8
s4111,16
s4111,17
s4112,18
s4112,28
s4112,31
s4113,8
s4113,17
s4113,24
s4114,8
s4114,17
s4115,19
s4116,30
s4117,18
s4117,25
s4117,28
s4118,11
s4119,18
s4119,25
s4119,13
s4120,9
s4120,18
s4120,13
s4121,13
s4121,29
s4122,5
s4122,8
s4123,8
s4124,11
s4124,22
s4125,13
s4125,16
s4125,17
s4126,18
s4126,8
s4127,9
s4127,18
s4127,13
s4128,9
s4128,18
s4128,20
s4129,30
s4130,4
s4130,9
s4130,18
s4131,18
s4131,13
s4132,3
s4132,18
s4132,25
s4133,18
s4133,20
s4133,25
s4134,15
s4134,26
s4135,13
s4135,16
s4135,17
s4136,11
s4137,8
s4137,13
s4137,17
s4138,5
s4138,13
s4139,5
s4140,5
s4141,5
s4142,19
s4143,8
s4143,13
s4144,9
s4144,18
s4144,13
s4145,3
s4145,18
s4146,5
s4147,13
s4147,33
s4148,8
s4148,15
s4148,17
s4149,8
s4149,13
s4149,17
s4150,19
s4151,13
s4151,17
s4152,13
s4152,17
s4152,22
s4153,13
s4153,16
s4153,17
s4154,30
s4155,13
s4155,17
s4156,13
s4156,17
s4156,26
s4157,11
s4158,13
s4158,17
s4158,24
s4159,13
s4159,16
s4159,17
s4160,13
s4160,17
s4161,13
s4161,14
s4161,17
s4162,13
s4162,14
s4162,17
s4163,18
s4163,13
s4164,1
s4164,8
s4164,31
s4165,13
s4165,17
s4166,15
s4166,17
s4167,4
s4167,18
s4167,13
s4168,18
s4168,28
s4168,8
s4169,9
s4169,12
s4169,18
s4170,8
s4170,17
s4171,1
s4171,17
s4172,18
s4172,25
s4172,8
s4173,9
s4173,12
s4174,13
s4174,17
s4174,22
s4175,9
s4175,18
s4175,13
s4176,1
s4176,17
s4177,11
s4178,13
s4178,26
s4179,9
s4179,1
s4179,33
s4180,18
s4180,25
s4180,13
s4181,11
s4181,17
s4182,11
s4182,17
s4183,13
s4183,16
s4183,17
s4184,4
s4184,12
s4184,18
s4185,12
s4185,30
s4186,11
s4187,13
s4187,17
s4188,8
s4188,16
s4188,17
s4189,17
s4189,33
s4190,18
s4190,25
s4190,13
s4191,1
s4191,13
s4191,17
s4192,15
s4192,17
s4193,1
s4193,17
s4194,30
s4195,15
s4195,17
s4196,15
s4196,17
s4197,18
s4197,13
s4198,13
s4198,17
s4199,8
s4199,13
s4199,17
s4200,18
s4200,23
s4200,25
s4201,25
s4201,8
s4202,8
s4203,4
s4203,19
s4203,8
s4204,11
s4204,22
s4205,13
s4205,16
s4205,17
s4206,8
s4206,13
s4207,19
s4207,28
s4208,18
s4208,1
s4208,13
s4209,1
s4209,2
s4209,17
s4210,8
s4210,13
s4210,17
s4211,13
s4211,16
s4211,17
s4212,15
s4212,17
s4212,24
s4213,13
s4213,16
s4213,17
s4214,13
s4214,17
s4214,22
s4215,8
s4215,13
s4215,16
s4216,18
s4216,25
s4216,13
s4217,18
s4217,25
s4217,13
s4218,1
s4218,7
s4218,8
s4219,19
s4219,1
s4219,8
s4220,8
s4220,17
s4220,22
s4221,30
s4221,8
s4222,13
s4222,16
s4222,17
s4223,30
s4224,2
s4224,5
s4225,17
s4225,33
s4226,13
s4226,16
s4226,17
s4227,18
s4227,13
s4228,23
s4229,30
s4230,30
s4231,11
s4232,30
s4233,30
s4234,30
s4235,30
s4236,30
s4237,11
s4237,17
s4237,22
s4238,30
s4239,30
s4240,30
s4241,11
s4242,8
s4242,15
s4242,17
s4243,22
s4244,1
s4244,2
s4244,17
s4245,30
s4246,30
s4247,22
s4247,30
s4248,22
s4248,30
s4249,30
s4250,30
s4251,4
s4252,9
s4252,18
s4252,13
s4253,13
s4253,17
s4254,13
s4254,17
s4254,26
s4255,9
s4255,18
s4255,8
s4256,1
s4256,8
s4256,13
s4257,9
s4257,12
s4258,18
s4258,13
s4258,34
s4259,11
s4259,17
s4260,13
s4260,17
s4260,33
s4261,30
s4261,8
s4262,18
s4262,25
s4262,8
s4263,4
s4263,18
s4263,1
s4264,9
s4264,18
s4264,13
s4265,4
s4265,8
s4266,18
s4266,25
s4266,13
s4267,12
s4268,8
s4268,13
s4268,17
s4269,13
s4269,26
s4269,33
s4270,18
s4270,25
s4270,8
s4271,3
s4271,18
s4272,18
s4272,25
s4272,8
s4273,18
s4273,25
s4273,13
s4274,9
s4274,18
s4274,13
s4275,3
s4275,18
s4275,33
s4276,11
s4277,18
s4277,1
s4277,13
s4278,15
s4278,17
s4279,5
s4280,3
s4280,18
s4281,1
s4281,17
s4282,17
s4282,33
s4283,13
s4283,17
s4283,33
s4284,13
s4284,16
s4284,17
s4285,30
s4285,8
s4286,13
s4286,16
s4286,17
s4287,5
s4287,8
s4288,8
s4288,13
s4288,17
s4289,18
s4289,25
s4289,8
s4290,5
s4290,8
s4291,19
s4291,8
s4292,13
s4292,33
s4293,8
s4293,13
s4294,22
s4295,13
s4295,24
s4296,5
s4296,26
s4297,4
s4297,18
s4297,8
s4298,8
s4298,13
s4298,17
s4299,11
s4299,22
s4300,11
s4300,22
s4301,11
s4301,22
s4302,11
s4302,22
s4303,11
s4303,17
s4304,13
s4304,17
s4304,33
s4305,18
s4305,20
s4305,25
s4306,4
s4306,9
s4306,12
s4307,13
s4307,16
s4307,17
s4308,8
s4309,9
s4309,12
s4310,9
s4310,18
s4310,13
s4311,9
s4311,18
s4311,13
s4312,19
s4313,3
s4313,18
s4314,11
s4315,30
s4316,8
s4316,17
s4317,9
s4317,18
s4317,13
s4318,8
s4318,13
s4318,16
s4319,5
s4319,13
s4320,1
s4320,5
s4320,13
s4321,8
s4321,26
s4321,34
s4322,18
s4322,13
s4323,11
s4323,22
s4324,5
s4325,11
s4326,30
s4327,18
s4327,20
s4327,8
s4328,9
s4328,18
s4328,20
s4329,1
s4329,8
s4329,17
s4330,13
s4330,17
s4330,24
s4331,17
s4331,33
s4332,11
s4332,17
s4333,13
s4333,17
s4333,24
s4334,1
s4334,8
s4334,17
s4335,8
s4335,17
s4335,24
s4336,8
s4336,13
s4336,17
s4337,13
s4337,17
s4338,8
s4338,17
s4338,24
s4339,8
s4339,17
s4339,24
s4340,1
s4340,13
s4340,17
s4341,19
s4341,20
s4342,1
s4342,17
s4343,1
s4343,13
s4343,17
s4344,8
s4344,17
s4344,24
s4345,5
s4346,1
s4346,8
s4346,17
s4347,13
s4347,16
s4347,17
s4348,11
s4348,29
s4349,8
s4349,17
s4350,13
s4350,17
s4351,9
s4351,18
s4351,13
s4352,5
s4352,13
s4352,24
s4353,5
s4354,23
s4355,13
s4355,17
s4356,13
s4356,16
s4356,17
s4357,18
s4357,25
s4357,13
s4358,13
s4358,16
s4358,17
s4359,8
s4359,13
s4359,17
s4360,19
s4361,1
s4361,8
s4361,17
s4362,13
s4362,16
s4362,17
s4363,30
s4363,8
s4364,19
s4365,5
s4366,18
s4366,1
s4366,13
s4367,9
s4367,18
s4367,28
s4368,4
s4368,18
s4368,8
s4369,8
s4369,26
s4370,5
s4370,8
s4371,8
s4371,17
s4372,19
s4373,19
s4373,8
s4374,5
s4374,8
s4375,15
s4375,17
s4376,8
s4376,15
s4376,17
s4377,23
s4378,30
s4379,11
s4380,18
s4380,25
s4380,13
s4381,28
s4381,13
s4382,25
s4382,28
s4382,8
s4383,15
s4383,16
s4383,33
s4384,8
s4384,13
s4384,17
s4385,19
s4385,13
s4386,8
s4386,13
s4387,5
s4387,13
s4387,24
s4388,12
s4388,18
s4388,23
s4389,13
s4389,16
s4389,17
s4390,3
s4390,19
s4391,8
s4391,17
s4391,24
s4392,8
s4392,13
s4392,16
s4393,15
s4393,17
s4394,11
s4394,17
s4395,8
s4395,16
s4395,17
s4396,15
s4396,17
s4397,13
s4397,17
s4398,1
s4398,17
s4399,22
s4400,9
s4400,18
s4400,13
s4401,12
s4401,18
s4401,27
s4402,8
s4402,17
s4402,24
s4403,8
s4403,17
s4404,12
s4404,13
s4405,1
s4405,13
s4406,18
s4406,8
s4407,9
s4407,18
s4407,28
s4408,19
s4408,33
s4409,23
s4410,9
s4410,18
s4410,26
s4411,9
s4411,13
s4412,13
s4412,17
s4413,30
s4414,18
s4414,8
s4415,8
s4415,17
s4415,21
s4416,19
s4417,11
s4417,22
s4418,13
s4418,24
s4419,7
s4419,13
s4419,16
s4420,11
s4421,8
s4421,17
s4421,22
s4422,17
s4422,33
s4423,13
s4423,17
s4423,22
s4424,13
s4424,17
s4425,1
s4425,13
s4425,17
s4426,13
s4426,17
s4426,22
s4427,8
s4427,13
s4427,17
s4428,8
s4428,13
s4428,17
s4429,17
s4429,24
s4430,8
s4430,13
s4430,17
s4431,19
s4431,28
s4432,13
s4432,17
s4432,22
s4433,8
s4433,17
s4433,22
s4434,8
s4434,17
s4435,16
s4435,33
s4436,30
s4437,12
s4438,13
s4438,17
s4438,33
s4439,8
s4439,17
s4439,33
s4440,17
s4440,33
s4441,8
s4441,13
s4441,17
s4442,13
s4442,17
s4443,1
s4443,8
s4443,17
s4444,8
s4444,17
s4444,22
s4445,8
s4445,17
s4445,22
s4446,13
s4446,17
s4446,29
s4447,8
s4447,17
s4447,22
s4448,30
s4449,8
s4449,13
s4449,17
s4450,13
s4450,17
s4450,22
s4451,30
s4452,13
s4452,17
s4453,8
s4453,17
s4453,22
s4454,13
s4454,17
s4455,8
s4455,13
s4455,17
s4456,1
s4456,13
s4456,17
s4457,13
s4457,17
s4457,33
s4458,13
s4458,17
s4458,22
s4459,8
s4459,17
s4459,22
s4460,13
s4460,17
s4460,33
s4461,30
s4462,4
s4462,23
s4463,11
s4463,21
s4464,13
s4464,16
s4464,17
s4465,8
s4465,13
s4465,17
s4466,8
s4466,13
s4466,16
s4467,5
s4467,13
s4468,13
s4468,17
s4468,33
s4469,13
s4469,17
s4470,3
s4470,18
s4471,1
s4471,17
s4472,13
s4472,17
s4472,22
s4473,13
s4473,17
s4474,8
s4474,13
s4474,17
s4475,8
s4475,17
s4475,24
s4476,11
s4477,9
s4477,12
s4477,18
s4478,13
s4478,17
s4478,33
s4479,19
s4479,8
s4480,8
s4481,11
s4482,1
s4482,13
s4482,17
s4483,30
s4484,18
s4484,25
s4484,13
s4485,1
s4485,26
s4486,30
s4487,8
s4487,17
s4487,24
s4488,18
s4488,25
s4488,8
s4489,12
s4489,18
s4489,27
s4490,19
s4490,8
s4491,5
s4492,5
s4493,5
s4493,8
s4494,1
s4494,17
s4494,26
s4495,9
s4495,12
s4496,9
s4496,1
s4497,13
s4497,17
s4498,5
s4499,18
s4499,13
s4499,34
s4500,1
s4500,17
s4501,1
s4501,17
s4502,4
s4502,18
s4502,25
s4503,13
s4503,17
s4503,33
s4504,19
s4504,8
s4505,9
s4505,18
s4505,8
s4506,30
s4507,13
s4507,17
s4508,13
s4508,17
s4509,4
s4509,18
s4509,23
s4510,13
s4510,17
s4510,29
s4511,15
s4511,17
s4511,33
s4512,9
s4512,19
s4513,15
s4513,17
s4513,26
s4514,11
s4514,21
s4515,12
s4516,15
s4516,17
s4517,11
s4517,22
s4518,8
s4518,32
s4519,13
s4519,31
s4519,32
s4520,13
s4520,16
s4521,9
s4521,18
s4521,13
s4522,12
s4523,13
s4523,33
s4524,9
s4524,18
s4524,13
s4525,10
s4525,15
s4525,16
s4526,30
s4527,1
s4527,13
s4527,17
s4528,19
s4529,15
s4530,23
s4531,12
s4532,3
s4532,18
s4533,15
s4533,33
s4534,8
s4534,13
s4534,16
s4535,5
s4536,18
s4536,20
s4536,8
s4537,3
s4537,18
s4537,25
s4538,13
s4538,17
s4539,15
s4540,1
s4541,8
s4541,22
s4542,30
s4543,4
s4543,12
s4543,8
s4544,11
s4545,8
s4546,8
s4546,11
s4547,8
s4547,11
s4548,8
s4549,11
s4550,4
s4550,12
s4551,18
s4551,8
s4552,4
s4552,6
s4552,18
s4553,7
s4553,8
s4553,10
s4554,4
s4554,8
s4555,8
s4556,11
s4557,1
s4557,13
s4557,17
s4558,5
s4559,15
s4559,17
s4560,1
s4560,13
s4560,17
s4561,13
s4561,17
s4561,29
s4562,13
s4562,17
s4563,13
s4563,17
s4563,24
s4564,17
s4564,22
s4564,24
s4565,13
s4565,17
s4566,8
s4566,17
s4566,24
s4567,13
s4567,16
s4567,17
s4568,13
s4568,17
s4568,22
s4569,8
s4569,17
s4569,22
s4570,13
s4570,17
s4571,25
s4571,8
s4572,1
s4572,8
s4572,17
s4573,8
s4573,13
s4573,17
s4574,1
s4574,13
s4574,17
s4575,8
s4575,13
s4575,17
s4576,13
s4576,17
s4576,22
s4577,13
s4577,17
s4577,29
s4578,8
s4578,17
s4578,24
s4579,1
s4579,13
s4579,17
s4580,8
s4580,13
s4580,17
s4581,17
s4581,33
s4582,13
s4582,17
s4583,8
s4583,17
s4583,24
s4584,8
s4584,13
s4584,17
s4585,8
s4585,13
s4585,17
s4586,8
s4586,17
s4587,1
s4587,17
s4588,1
s4588,17
s4589,8
s4589,17
s4589,26
s4590,5
s4591,5
s4592,8
s4592,13
s4592,16
s4593,1
s4593,13
s4593,17
s4594,13
s4594,17
s4594,24
s4595,8
s4595,17
s4595,22
s4596,1
s4596,13
s4596,17
s4597,8
s4597,13
s4597,16
s4598,1
s4598,17
s4599,15
s4599,17
s4599,33
s4600,8
s4600,17
s4600,22
s4601,1
s4601,17
s4601,22
s4602,1
s4602,17
s4602,22
s4603,8
s4603,13
s4603,17
s4604,8
s4604,13
s4604,17
s4605,23
s4606,1
s4606,17
s4606,22
s4607,11
s4607,17
s4608,8
s4608,17
s4608,22
s4609,4
s4609,18
s4609,23
s4610,1
s4610,13
s4610,17
s4611,13
s4611,16
s4611,17
s4612,1
s4612,17
s4612,22
s4613,8
s4613,17
s4613,24
s4614,13
s4614,17
s4615,8
s4615,17
s4615,24
s4616,13
s4616,17
s4616,24
s4617,5
s4617,13
s4618,13
s4618,16
s4618,17
s4619,1
s4619,17
s4619,26
s4620,1
s4620,13
s4621,11
s4622,18
s4622,23
s4622,28
s4623,19
s4624,19
s4624,8
s4625,15
s4625,17
s4626,11
s4626,17
s4627,16
s4627,17
s4627,33
s4628,23
s4628,27
s4628,1
s4629,3
s4629,18
s4630,8
s4630,13
s4630,32
s4631,11
s4631,22
s4632,30
s4633,9
s4633,8
s4633,13
s4634,3
s4634,18
s4635,19
s4636,9
s4636,18
s4636,13
s4637,9
s4637,8
s4637,34
s4638,12
s4638,18
s4638,28
s4639,9
s4639,18
s4639,28
s4640,30
s4640,8
s4641,19
s4642,13
s4642,17
s4642,33
s4643,8
s4643,13
s4643,16
s4644,18
s4644,25
s4644,1
s4645,11
s4646,18
s4646,20
s4646,13
s4647,13
s4647,17
s4648,30
s4648,8
s4649,12
s4649,19
s4649,27
s4650,13
s4650,17
s4651,18
s4651,8
s4652,19
s4653,19
s4654,11
s4655,12
s4656,9
s4656,1
s4656,13
s4657,5
s4657,8
s4657,26
s4658,8
s4658,24
s4659,19
s4660,13
s4660,17
s4660,33
s4661,8
s4661,13
s4661,17
s4662,1
s4663,9
s4663,18
s4663,1
s4664,9
s4664,13
s4664,32
s4665,9
s4665,18
s4665,13
s4666,13
s4666,17
s4666,33
s4667,13
s4667,16
s4667,17
s4668,13
s4668,16
s4668,17
s4669,13
s4669,16
s4669,17
s4670,13
s4670,16
s4670,17
s4671,18
s4671,8
s4671,13
s4672,13
s4672,17
s4672,29
s4673,18
s4673,28
s4673,13
s4674,9
s4674,12
s4674,18
s4675,30
s4675,8
s4676,8
s4676,17
s4676,24
s4677,23
s4678,23
s4678,28
s4679,9
s4679,18
s4679,28
s4680,1
s4680,17
s4681,8
s4681,17
s4681,24
s4682,1
s4682,17
s4683,12
s4684,30
s4685,30
s4686,18
s4686,13
s4686,31
s4687,8
s4688,18
s4688,8
s4688,13
s4689,8
s4689,22
s4690,4
s4690,18
s4690,25
s4691,8
s4691,13
s4691,17
s4692,1
s4692,13
s4692,17
s4693,13
s4693,17
s4693,33
s4694,13
s4694,17
s4694,24
s4695,8
s4695,13
s4695,17
s4696,8
s4697,23
s4698,8
s4698,13
s4698,17
s4699,8
s4699,17
s4699,24
s4700,30
s4701,13
s4701,17
s4701,26
s4702,8
s4702,13
s4702,16
s4703,12
s4703,18
s4703,27
s4704,12
s4704,23
s4704,27
s4705,8
s4706,13
s4706,24
s4707,8
s4708,11
s4708,29
s4709,13
s4709,17
s4709,33
s4710,13
s4710,31
s4710,32
s4711,18
s4711,25
s4711,13
s4712,18
s4712,13
s4712,32
s4713,8
s4713,13
s4713,17
s4714,1
s4714,17
s4715,8
s4715,13
s4715,17
s4716,2
s4716,17
s4716,24
s4717,9
s4717,18
s4717,28
s4718,19
s4719,8
s4719,13
s4720,13
s4720,17
s4720,33
s4721,5
s4721,8
s4721,13
s4722,13
s4722,17
s4723,13
s4723,17
s4723,24
s4724,13
s4724,17
s4724,22
s4725,13
s4725,17
s4726,13
s4726,17
s4726,24
s4727,1
s4727,13
s4727,17
s4728,8
s4728,17
s4728,22
s4729,8
s4729,17
s4729,22
s4730,17
s4730,22
s4730,24
s4731,1
s4731,13
s4731,17
s4732,13
s4732,17
s4732,33
s4733,13
s4733,17
s4734,1
s4734,8
s4734,17
s4735,13
s4735,17
s4735,24
s4736,8
s4736,17
s4736,24
s4737,8
s4737,17
s4737,24
s4738,5
s4738,13
s4738,16
s4739,12
s4739,18
s4740,11
s4741,13
s4741,16
s4741,17
s4742,18
s4742,13
s4742,32
s4743,18
s4743,25
s4743,13
s4744,18
s4744,8
s4745,3
s4745,18
s4746,5
s4747,8
s4748,8
s4749,8
s4749,15
s4749,17
s4750,30
s4751,9
s4751,28
s4751,1
s4752,1
s4752,13
s4752,26
s4753,9
s4753,18
s4753,1
s4754,11
s4755,18
s4755,8
s4755,13
s4756,13
s4756,17
s4757,30
s4758,17
s4758,33
s4759,4
s4759,18
s4759,23
s4760,12
s4760,18
s4761,5
s4761,8
s4762,8
s4763,19
s4763,8
s4764,18
s4764,8
s4764,13
s4765,19
s4766,13
s4766,14
s4766,17
s4767,8
s4767,17
s4768,12
s4768,18
s4768,28
s4769,11
s4769,17
s4769,22
s4770,1
s4770,2
s4770,17
s4771,5
s4771,13
s4771,17
s4772,30
s4772,8
s4773,18
s4773,25
s4773,13
s4774,1
s4774,26
s4775,30
s4776,15
s4776,16
s4776,17
s4777,18
s4777,1
s4777,13
s4778,4
s4778,18
s4778,23
s4779,9
s4779,12
s4780,18
s4780,20
s4780,25
s4781,12
s4781,18
s4782,30
s4783,1
s4783,8
s4783,13
s4784,13
s4784,16
s4784,17
s4785,5
s4785,13
s4786,30
s4787,30
s4788,30
s4789,30
s4790,8
s4790,13
s4790,17
s4791,8
s4791,13
s4791,17
s4792,30
s4793,13
s4793,17
s4793,24
s4794,8
s4794,13
s4794,17
s4795,13
s4795,16
s4795,21
s4796,5
s4796,8
s4796,13
s4797,13
s4797,17
s4797,33
s4798,8
s4798,13
s4798,17
s4799,9
s4799,13
s4799,32
s4800,15
s4800,17
s4801,8
s4801,13
s4801,17
s4802,11
s4802,22
s4803,13
s4803,16
s4803,17
s4804,30
s4805,9
s4805,13
s4805,32
s4806,15
s4806,16
s4806,17
s4807,13
s4807,17
s4807,33
s4808,4
s4808,18
s4808,23
s4809,30
s4810,4
s4810,9
s4810,18
s4811,8
s4811,13
s4811,17
s4812,11
s4813,26
s4813,33
s4814,19
s4814,8
s4815,30
s4816,18
s4816,8
s4817,1
s4817,2
s4817,26
s4818,8
s4818,17
s4818,21
s4819,13
s4820,13
s4820,16
s4820,17
s4821,17
s4822,9
s4822,1
s4822,13
s4823,13
s4823,17
s4823,24
s4824,30
s4825,18
s4825,28
s4825,8
s4826,8
s4826,13
s4826,17
s4827,8
s4827,17
s4828,11
s4828,17
s4829,8
s4829,24
s4830,13
s4830,16
s4830,17
s4831,13
s4831,17
s4832,19
s4833,19
s4834,8
s4834,13
s4834,16
s4835,8
s4835,16
s4835,17
s4836,30
s4837,9
s4837,12
s4837,32
s4838,13
s4839,3
s4839,19
s4840,13
s4840,17
s4841,13
s4841,17
s4841,33
s4842,9
s4842,12
s4842,18
s4843,13
s4843,16
s4844,11
s4844,17
s4844,29
s4845,8
s4846,8
s4847,30
s4847,8
s4848,13
s4848,17
s4848,33
s4849,18
s4849,20
s4849,25
s4850,30
s4851,8
s4851,24
s4852,30
s4853,19
s4853,1
s4853,26
s4854,18
s4854,1
s4854,8
s4855,30
s4856,8
s4856,17
s4856,24
s4857,19
s4858,9
s4858,19
s4858,8
s4859,30
s4860,11
s4860,17
s4861,1
s4861,13
s4861,17
s4862,1
s4862,2
s4862,7
s4863,3
s4863,18
s4864,30
s4865,8
s4865,16
s4866,30
s4867,30
s4868,9
s4868,12
s4868,32
s4869,8
s4869,24
s4870,19
s4870,8
s4871,30
s4872,8
s4872,17
s4873,15
s4874,5
s4874,8
s4874,22
s4875,30
s4875,8
s4876,13
s4876,26
s4876,33
s4877,30
s4878,11
s4879,13
s4879,17
s4880,19
s4881,8
s4881,17
s4881,24
s4882,1
s4882,17
s4883,8
s4883,13
s4883,17
s4884,8
s4884,17
s4885,1
s4885,17
s4886,13
s4886,17
s4887,1
s4887,13
s4887,16
s4888,11
s4888,17
s4889,1
s4889,16
s4890,8
s4890,17
s4891,30
s4892,8
s4892,17
s4892,24
s4893,5
s4894,5
s4895,5
s4896,5
s4897,5
s4898,5
s4899,19
s4900,13
s4900,17
s4901,18
s4901,30
s4902,8
s4902,13
s4902,16
s4903,8
s4903,17
s4904,18
s4904,13
s4905,8
s4905,17
s4905,24
s4906,13
s4906,17
s4907,12
s4908,5
s4908,13
s4908,24
s4909,18
s4909,13
s4909,31
s4910,8
s4910,17
s4910,29
s4911,18
s4911,13
s4912,11
s4913,8
s4914,18
s4914,25
s4914,8
s4915,18
s4915,13
s4916,30
s4917,11
s4918,5
s4919,1
s4919,8
s4919,17
s4920,30
s4921,8
s4921,13
s4921,16
s4922,8
s4922,13
s4923,11
s4924,8
s4924,13
s4924,17
s4925,18
s4925,13
s4926,9
s4926,18
s4926,13
s4927,30
s4927,8
s4928,1
s4928,26
s4929,13
s4929,14
s4929,16
s4930,8
s4930,17
s4930,24
s4931,19
s4932,13
s4932,16
s4932,17
s4933,30
s4934,18
s4934,13
s4935,13
s4935,16
s4936,13
s4936,16
s4936,29
s4937,13
s4937,17
s4937,26
s4938,11
s4938,14
s4939,30
s4940,8
s4940,13
s4940,16
s4941,30
s4942,4
s4942,18
s4942,25
s4943,19
s4944,15
s4944,16
s4945,30
s4946,13
s4946,17
s4946,33
s4947,1
s4947,26
s4948,13
s4948,17
s4948,33
s4949,13
s4949,17
s4950,9
s4950,18
s4950,8
s4951,30
s4952,4
s4952,18
s4952,8
s4953,1
s4953,8
s4953,13
s4954,13
s4954,17
s4954,33
s4955,8
s4955,13
s4955,17
s4956,13
s4956,17
s4956,24
s4957,8
s4957,13
s4957,17
s4958,4
s4958,18
s4958,25
s4959,1
s4959,26
s4960,13
s4960,16
s4960,29
s4961,8
s4961,24
s4962,12
s4963,30
s4964,13
s4964,26
s4964,33
s4965,6
s4965,9
s4965,18
s4966,8
s4966,10
s4967,8
s4967,10
s4968,12
s4969,4
s4969,18
s4969,30
s4970,13
s4970,17
s4970,33
s4971,1
s4971,8
s4972,13
s4972,17
s4973,13
s4973,16
s4973,22
s4974,4
s4974,18
s4974,13
s4975,13
s4975,22
s4976,13
s4976,17
s4976,22
s4977,30
s4977,8
s4978,5
s4978,13
s4979,18
s4979,28
s4979,13
s4980,11
s4981,9
s4981,12
s4982,30
s4983,2
s4983,5
s4983,17
s4984,8
s4984,13
s4984,17
s4985,18
s4985,25
s4985,13
s4986,18
s4986,13
s4986,32
s4987,13
s4987,17
s4988,1
s4988,13
s4988,17
s4989,3
s4989,18
s4990,30
s4991,5
s4992,3
s4992,18
s4993,4
s4993,9
s4993,18
s4994,13
s4994,33
s4995,9
s4995,18
s4995,20
s4996,11
s4996,17
s4996,29
s4997,17
s4997,33
s4998,9
s4998,18
s4998,13
s4999,30
s5000,5
s5000,11
s5001,12
s5001,27
s5002,30
s5003,30
s5004,15
s5004,17
s5005,9
s5005,18
s5005,13
s5006,30
s5007,1
s5007,16
s5007,26
s5008,13
s5008,17
s5008,24
s5009,13
s5009,17
s5010,1
s5010,8
s5010,17
s5011,13
s5011,22
s5011,24
s5012,8
s5012,17
s5013,13
s5013,17
s5013,24
s5014,8
s5014,16
s5014,17
s5015,13
s5015,17
s5016,8
s5016,17
s5017,5
s5018,5
s5019,8
s5019,10
s5020,5
s5021,8
s5021,16
s5021,17
s5022,13
s5022,17
s5023,13
s5023,17
s5023,33
s5024,5
s5025,30
s5026,15
s5026,17
s5026,33
s5027,18
s5027,25
s5027,8
s5028,18
s5028,13
s5028,33
s5029,26
s5029,33
s5030,9
s5030,13
s5031,4
s5031,12
s5031,18
s5032,13
s5032,17
s5032,33
s5033,4
s5033,9
s5033,18
s5034,1
s5034,13
s5034,17
s5035,30
s5036,19
s5036,1
s5037,8
s5037,13
s5037,34
s5038,13
s5038,24
s5039,18
s5039,13
s5039,32
s5040,30
s5041,8
s5041,17
s5041,24
s5042,11
s5043,15
s5043,17
s5043,33
s5044,11
s5044,17
s5045,8
s5045,24
s5046,22
s5046,30
s5047,1
s5047,13
s5048,1
s5048,26
s5049,12
s5049,23
s5050,30
s5051,13
s5051,17
s5051,24
s5052,8
s5052,13
s5052,17
s5053,11
s5054,13
s5054,16
s5054,24
s5055,9
s5055,12
s5055,18
s5056,11
s5056,17
s5057,30
s5058,4
s5058,9
s5058,18
s5059,8
s5059,13
s5059,14
s5060,8
s5061,30
s5062,30
s5063,30
s5064,19
s5064,8
s5065,1
s5065,17
s5066,18
s5066,20
s5066,8
s5067,30
s5068,30
s5069,11
s5069,17
s5070,1
s5070,13
s5070,26
s5071,18
s5071,25
s5071,13
s5072,30
s5073,8
s5074,15
s5074,33
s5075,16
s5075,17
s5075,33
s5076,18
s5076,25
s5076,28
s5077,30
s5078,4
s5079,30
s5080,1
s5080,17
s5080,26
s5081,13
s5081,17
s5081,22
s5082,5
s5082,13
s5082,29
s5083,8
s5084,13
s5084,17
s5085,8
s5085,16
s5086,11
s5086,17
s5087,30
s5088,30
s5089,15
s5089,17
s5089,33
s5090,18
s5090,25
s5090,8
s5091,6
s5091,8
s5092,15
s5092,33
s5093,3
s5093,18
s5093,31
s5094,8
s5094,13
s5094,16
s5095,11
s5095,17
s5096,3
s5096,18
s5097,3
s5097,18
s5098,4
s5098,18
s5098,25
s5099,3
s5099,19
s5100,9
s5100,18
s5100,13
s5101,30
s5101,8
s5102,8
s5102,17
s5103,8
s5103,17
s5103,29
s5104,9
s5104,18
s5104,13
s5105,1
s5105,8
s5105,13
s5106,18
s5106,13
s5107,5
s5107,22
s5108,8
s5108,16
s5109,30
s5110,18
s5110,20
s5110,8
s5111,15
s5111,16
s5111,33
s5112,4
s5112,12
s5113,12
s5113,18
s5113,27
s5114,1
s5114,26
s5115,13
s5115,17
s5115,24
s5116,5
s5116,8
s5117,11
s5118,30
s5119,9
s5119,18
s5119,8
s5120,18
s5120,20
s5120,25
s5121,18
s5121,30
s5121,8
s5122,13
s5122,17
s5122,24
s5123,8
s5123,13
s5123,17
s5124,8
s5124,16
s5125,8
s5125,13
s5125,17
s5126,9
s5126,12
s5127,13
s5128,30
s5129,18
s5129,13
s5130,8
s5130,13
s5131,1
s5131,17
s5132,13
s5132,17
s5132,22
s5133,11
s5133,14
s5134,5
s5134,8
s5134,22
s5135,30
s5136,8
s5136,17
s5136,24
s5137,15
s5137,16
s5138,5
s5138,8
s5139,19
s5139,8
s5140,18
s5140,13
s5141,5
s5141,8
s5141,22
s5142,18
s5142,8
s5143,5
s5144,13
s5144,16
s5144,17
s5145,19
s5145,8
s5146,18
s5146,25
s5146,13
s5147,17
s5147,26
s5147,33
s5148,13
s5149,11
s5150,4
s5150,18
s5150,8
s5151,4
s5151,9
s5151,18
s5152,8
s5152,17
s5153,11
s5154,13
s5154,16
s5154,17
s5155,18
s5155,25
s5155,13
s5156,18
s5156,8
s5157,4
s5158,18
s5158,20
s5158,13
s5159,22
s5160,13
s5161,5
s5161,22
s5162,30
s5163,11
s5164,5
s5164,13
s5164,24
s5165,11
s5166,9
s5166,13
s5167,19
s5168,13
s5168,16
s5169,23
s5170,3
s5170,18
s5170,34
s5171,9
s5171,18
s5171,13
s5172,30
s5173,1
s5173,8
s5173,17
s5174,18
s5174,1
s5174,8
s5175,3
s5175,19
s5176,8
s5177,30
s5178,1
s5178,17
s5179,3
s5179,18
s5180,11
s5181,19
s5182,13
s5183,11
s5184,8
s5184,13
s5184,17
s5185,18
s5185,13
s5186,9
s5186,18
s5186,13
s5187,1
s5187,13
s5187,17
s5188,17
s5188,33
s5189,1
s5189,13
s5189,17
s5190,5
s5190,8
s5191,1
s5191,13
s5191,17
s5192,18
s5192,13
s5193,18
s5193,13
s5194,18
s5194,13
s5195,9
s5195,18
s5195,1
s5196,18
s5196,13
s5197,30
s5198,11
s5199,13
s5199,24
s5199,29
s5200,5
s5200,8
s5201,30
s5201,32
s5201,26
s5202,11
s5203,13
s5203,16
s5204,1
s5204,33
s5205,30
s5206,13
s5206,31
s5206,32
s5207,4
s5207,8
s5208,13
s5208,33
s5209,8
s5209,34
s5210,11
s5211,9
s5211,12
s5211,18
s5212,1
s5213,8
s5213,17
s5213,24
s5214,30
s5215,1
s5215,17
s5216,18
s5216,25
s5216,13
s5217,18
s5217,25
s5217,8
s5218,13
s5218,17
s5218,22
s5219,11
s5219,17
s5220,19
s5221,8
s5221,13
s5221,17
s5222,12
s5222,23
s5223,8
s5223,13
s5223,17
s5224,13
s5224,17
s5225,30
s5226,11
s5227,8
s5227,15
s5228,8
s5228,13
s5228,16
s5229,8
s5229,17
s5229,24
s5230,8
s5230,16
s5230,17
s5231,30
s5232,3
s5232,18
s5233,19
s5234,11
s5234,21
s5235,30
s5236,13
s5236,17
s5236,33
s5237,3
s5237,19
s5238,19
s5238,8
s5239,8
s5239,17
s5240,11
s5240,17
s5241,11
s5241,29
s5242,5
s5242,8
s5243,18
s5243,13
s5244,19
s5245,6
s5245,1
s5245,26
s5246,1
s5246,26
s5247,18
s5247,25
s5247,13
s5248,18
s5248,25
s5248,13
s5249,13
s5249,17
s5250,13
s5250,16
s5250,17
s5251,18
s5251,13
s5252,4
s5252,12
s5252,18
s5253,15
s5253,33
s5254,11
s5255,18
s5255,8
s5255,13
s5256,13
s5256,24
s5257,11
s5257,17
s5258,4
s5258,12
s5258,18
s5259,8
s5260,18
s5260,13
s5261,13
s5261,16
s5261,17
s5262,30
s5263,18
s5263,23
s5264,26
s5264,33
s5265,8
s5265,17
s5266,8
s5266,15
s5266,17
s5267,11
s5267,22
s5268,13
s5268,16
s5268,33
s5269,30
s5270,5
s5271,13
s5272,11
s5273,19
s5274,5
s5274,11
s5275,8
s5275,13
s5276,11
s5277,30
s5278,8
s5279,9
s5279,18
s5279,28
s5280,30
s5281,12
s5281,27
s5282,30
s5283,8
s5283,13
s5284,30
s5285,25
s5285,8
s5285,13
s5286,13
s5287,9
s5287,13
s5287,32
s5288,13
s5288,32
s5288,26
s5289,18
s5289,8
s5289,13
s5290,18
s5290,13
s5290,31
s5291,1
s5291,17
s5292,11
s5292,17
s5293,1
s5293,2
s5293,17
s5294,1
s5294,2
s5294,17
s5295,13
s5295,16
s5296,8
s5296,17
s5296,24
s5297,13
s5297,17
s5297,22
s5298,18
s5298,13
s5299,3
s5299,18
s5300,12
s5300,23
s5301,1
s5301,17
s5302,19
s5303,8
s5303,15
s5304,8
s5304,17
s5304,22
s5305,1
s5305,13
s5305,17
s5306,9
s5306,1
s5306,13
s5307,1
s5307,8
s5307,17
s5308,11
s5308,29
s5309,11
s5309,17
s5310,13
s5310,17
s5310,24
s5311,8
s5311,13
s5311,17
s5312,5
s5312,8
s5313,11
s5313,17
s5314,13
s5314,17
s5315,11
s5315,17
s5316,30
s5317,16
s5317,33
s5318,17
s5318,33
s5319,15
s5319,33
s5320,30
s5321,19
s5322,9
s5322,1
s5322,13
s5323,11
s5323,29
s5324,1
s5324,26
s5325,9
s5325,18
s5325,13
s5326,22
s5326,30
s5327,30
s5328,9
s5328,18
s5328,13
s5329,8
s5330,13
s5331,13
s5331,17
s5332,8
s5332,24
s5333,15
s5333,16
s5334,1
s5335,1
s5335,13
s5335,17
s5336,1
s5336,13
s5336,17
s5337,1
s5337,13
s5337,17
s5338,1
s5338,13
s5338,17
s5339,1
s5339,13
s5339,17
s5340,1
s5340,13
s5340,17
s5341,5
s5342,1
s5342,17
s5342,26
s5343,30
s5344,11
s5344,29
s5345,16
s5345,33
s5346,8
s5347,17
s5347,33
s5348,18
s5348,13
s5348,26
s5349,9
s5349,18
s5349,13
s5350,18
s5350,13
s5351,9
s5351,18
s5351,13
s5352,8
s5352,13
s5352,17
s5353,9
s5353,18
s5353,13
s5354,5
s5354,8
s5355,18
s5355,25
s5355,13
s5356,9
s5356,18
s5356,25
s5357,18
s5357,25
s5357,8
s5358,30
s5359,8
s5359,16
s5359,22
s5360,5
s5360,13
s5360,29
s5361,9
s5361,18
s5361,28
s5362,13
s5362,16
s5362,17
s5363,18
s5363,13
s5364,4
s5364,6
s5364,18
s5365,8
s5365,13
s5365,17
s5366,4
s5366,9
s5366,18
s5367,4
s5367,12
s5367,18
s5368,12
s5369,8
s5369,16
s5369,24
s5370,30
s5371,11
s5371,22
s5372,30
s5373,30
s5374,13
s5374,17
s5375,13
s5375,17
s5375,24
s5376,5
s5376,8
s5377,11
s5378,13
s5378,16
s5379,30
s5380,30
s5381,19
s5382,18
s5382,13
s5382,34
s5383,18
s5383,25
s5383,13
s5384,18
s5384,13
s5385,18
s5385,13
s5386,8
s5386,16
s5387,18
s5387,1
s5387,13
s5388,8
s5388,13
s5388,17
s5389,18
s5389,13
s5389,32
s5390,5
s5390,13
s5390,29
s5391,9
s5391,18
s5391,13
s5392,13
s5392,17
s5392,22
s5393,19
s5393,8
s5394,18
s5394,13
s5395,30
s5396,18
s5396,25
s5396,13
s5397,7
s5397,13
s5397,17
s5398,4
s5398,19
s5399,13
s5399,16
s5399,17
s5400,18
s5400,13
s5400,31
s5401,8
s5401,13
s5401,17
s5402,18
s5402,25
s5402,13
s5403,17
s5403,33
s5404,18
s5404,25
s5404,13
s5405,9
s5405,18
s5405,13
s5406,18
s5406,13
s5407,9
s5407,18
s5407,13
s5408,18
s5408,13
s5409,13
s5409,17
s5410,18
s5410,13
s5411,18
s5411,25
s5411,8
s5412,5
s5412,8
s5413,9
s5413,13
s5413,32
s5414,13
s5415,3
s5415,18
s5416,1
s5416,8
s5416,13
s5417,30
s5418,13
s5418,21
s5419,11
s5420,13
s5420,33
s5421,13
s5421,17
s5421,29
s5422,8
s5423,19
s5423,8
s5424,5
s5424,8
s5425,30
s5426,9
s5426,13
s5427,11
s5427,29
s5428,11
s5429,19
s5430,8
s5430,13
s5430,17
s5431,30
s5432,11
s5433,30
s5434,18
s5434,20
s5434,25
s5435,18
s5435,20
s5435,25
s5436,9
s5436,18
s5436,20
s5437,9
s5437,18
s5437,20
s5438,18
s5438,25
s5438,13
s5439,18
s5439,20
s5439,13
s5440,18
s5440,20
s5440,25
s5441,13
s5441,16
s5441,33
s5442,5
s5442,13
s5442,22
s5443,1
s5443,17
s5444,13
s5444,17
s5445,4
s5445,18
s5445,25
s5446,8
s5446,13
s5447,17
s5447,26
s5447,33
s5448,13
s5448,17
s5448,22
s5449,11
s5450,8
s5450,16
s5451,11
s5452,11
s5453,13
s5453,16
s5453,17
s5454,8
s5454,13
s5454,16
s5455,8
s5455,17
s5455,24
s5456,13
s5456,17
s5456,22
s5457,11
s5457,17
s5457,21
s5458,9
s5458,18
s5458,13
s5459,19
s5459,20
s5460,30
s5461,1
s5461,8
s5461,17
s5462,13
s5462,17
s5462,24
s5463,13
s5463,17
s5464,13
s5464,17
s5464,33
s5465,18
s5465,13
s5466,18
s5466,13
s5467,11
s5468,11
s5469,30
s5470,1
s5470,13
s5470,17
s5471,13
s5471,32
s5471,33
s5472,11
s5473,1
s5473,13
s5473,17
s5474,8
s5474,13
s5475,1
s5475,17
s5475,26
s5476,30
s5477,1
s5477,2
s5477,17
s5478,12
s5478,18
s5479,11
s5479,17
s5479,21
s5480,9
s5480,12
s5480,32
s5481,30
s5482,8
s5482,17
s5482,26
s5483,8
s5483,13
s5483,17
s5484,13
s5484,16
s5484,24
s5485,5
s5486,13
s5486,17
s5486,22
s5487,13
s5487,17
s5488,8
s5489,19
s5489,1
s5489,8
s5490,11
s5491,8
s5491,10
s5491,16
s5492,5
s5493,30
s5494,8
s5495,19
s5496,30
s5497,5
s5497,11
s5498,30
s5499,13
s5499,16
s5499,17
s5500,13
s5500,17
s5500,24
s5501,8
s5501,13
s5501,17
s5502,8
s5502,17
s5503,13
s5503,17
s5503,33
s5504,11
s5505,13
s5505,17
s5505,24
s5506,13
s5506,16
s5506,17
s5507,11
s5507,17
s5508,13
s5508,17
s5509,11
s5510,18
s5510,20
s5510,25
s5511,18
s5511,20
s5511,13
s5512,13
s5513,13
s5513,33
s5514,18
s5514,20
s5514,25
s5515,9
s5515,18
s5515,28
s5516,8
s5516,13
s5516,17
s5517,13
s5517,17
s5518,8
s5518,17
s5519,30
s5520,19
s5520,8
s5521,8
s5522,12
s5523,1
s5523,13
s5523,16
s5524,19
s5524,8
s5525,13
s5525,16
s5525,24
s5526,30
s5527,5
s5527,22
s5528,5
s5528,22
s5529,5
s5529,22
s5530,8
s5530,13
s5530,17
s5531,8
s5531,13
s5531,17
s5532,13
s5532,17
s5532,24
s5533,8
s5533,13
s5533,17
s5534,8
s5535,8
s5535,17
s5535,21
s5536,30
s5537,8
s5538,18
s5538,20
s5538,13
s5539,13
s5540,13
s5540,17
s5540,24
s5541,8
s5541,16
s5541,24
s5542,5
s5543,18
s5543,13
s5544,8
s5544,13
s5544,17
s5545,13
s5546,1
s5546,10
s5546,17
s5547,13
s5547,16
s5548,13
s5548,17
s5549,11
s5550,1
s5550,17
s5550,22
s5551,13
s5551,17
s5552,13
s5552,17
s5553,13
s5553,17
s5553,33
s5554,30
s5555,12
s5556,4
s5556,8
s5557,13
s5557,16
s5557,24
s5558,30
s5559,4
s5559,19
s5560,30
s5561,11
s5562,13
s5563,30
s5563,8
s5564,3
s5564,9
s5564,18
s5565,11
s5566,8
s5566,13
s5566,16
s5567,19
s5568,23
s5569,13
s5569,17
s5569,33
s5570,18
s5570,13
s5571,7
s5571,13
s5571,16
s5572,1
s5572,13
s5572,17
s5573,1
s5573,8
s5573,17
s5574,11
s5574,13
s5574,17
s5575,1
s5575,8
s5575,13
s5576,23
s5576,34
s5577,30
s5578,13
s5578,17
s5578,29
s5579,19
s5579,8
s5580,13
s5580,16
s5581,18
s5581,20
s5581,25
s5582,13
s5582,17
s5582,24
s5583,30
s5584,18
s5584,13
s5585,13
s5585,17
s5585,24
s5586,18
s5586,20
s5586,1
s5587,30
s5588,1
s5588,17
s5589,13
s5589,17
s5590,1
s5590,17
s5591,13
s5591,16
s5591,33
s5592,19
s5593,18
s5593,20
s5593,8
s5594,18
s5594,25
s5594,8
s5595,30
s5596,17
s5596,33
s5597,5
s5597,11
s5598,5
s5598,22
s5599,18
s5599,20
s5599,25
s5600,1
s5600,17
s5601,13
s5601,16
s5601,17
s5602,18
s5602,20
s5602,13
s5603,11
s5603,22
s5604,18
s5604,20
s5604,25
s5605,17
s5605,33
s5606,13
s5606,17
s5607,8
s5607,16
s5608,30
s5609,18
s5609,20
s5609,13
s5610,3
s5610,18
s5611,8
s5611,17
s5611,22
s5612,30
s5613,11
s5613,17
s5614,8
s5614,22
s5614,24
s5615,30
s5616,13
s5617,1
s5617,13
s5617,17
s5618,1
s5618,8
s5618,13
s5619,13
s5619,16
s5619,17
s5620,1
s5620,8
s5620,17
s5621,13
s5621,17
s5621,24
s5622,5
s5622,8
s5623,30
s5624,13
s5624,17
s5625,8
s5625,17
s5626,17
s5626,26
s5626,33
s5627,13
s5627,17
s5628,30
s5629,30
s5630,13
s5630,17
s5631,8
s5632,30
s5633,13
s5633,17
s5633,22
s5634,13
s5634,17
s5635,17
s5635,33
s5636,13
s5636,17
s5637,11
s5637,17
s5638,15
s5638,33
s5639,8
s5639,13
s5639,17
s5640,30
s5641,19
s5641,8
s5642,15
s5642,17
s5642,33
s5643,5
s5643,13
s5644,5
s5645,1
s5645,17
s5646,5
s5646,26
s5647,30
s5648,13
s5648,17
s5648,33
s5649,5
s5649,8
s5650,13
s5650,16
s5650,17
s5651,1
s5651,26
s5652,13
s5652,17
s5653,13
s5653,16
s5653,17
s5654,18
s5654,20
s5654,25
s5655,3
s5655,18
s5656,23
s5656,34
s5657,13
s5657,17
s5658,22
s5658,30
s5659,9
s5659,13
s5659,32
s5660,5
s5661,30
s5662,13
s5663,4
s5663,18
s5663,8
s5664,13
s5665,8
s5665,17
s5666,18
s5666,20
s5666,25
s5667,11
s5667,29
s5668,18
s5668,20
s5668,25
s5669,18
s5669,20
s5669,13
s5670,18
s5670,20
s5670,13
s5671,18
s5671,1
s5671,26
s5672,18
s5672,20
s5672,13
s5673,3
s5673,18
s5674,18
s5674,20
s5674,25
s5675,4
s5675,18
s5675,1
s5676,18
s5676,20
s5676,25
s5677,13
s5677,16
s5677,17
s5678,18
s5678,13
s5679,30
s5680,11
s5681,9
s5681,12
s5682,5
s5682,22
s5683,1
s5683,26
s5684,12
s5684,18
s5684,23
s5685,18
s5685,25
s5685,8
s5686,8
s5686,13
s5686,16
s5687,12
s5687,18
s5688,13
s5688,16
s5688,24
s5689,11
s5689,29
s5690,22
s5690,30
s5691,6
s5691,1
s5691,31
s5692,13
s5692,17
s5692,29
s5693,19
s5693,8
s5693,13
s5694,11
s5695,13
s5695,16
s5696,11
s5696,29
s5697,13
s5697,17
s5698,13
s5699,8
s5699,17
s5700,18
s5700,25
s5700,8
s5701,18
s5701,25
s5701,8
s5702,13
s5702,17
s5702,33
s5703,8
s5703,13
s5703,16
s5704,18
s5704,25
s5704,8
s5705,30
s5706,13
s5706,16
s5706,17
s5707,11
s5707,17
s5708,8
s5708,13
s5708,34
s5709,30
s5710,13
s5710,33
s5711,13
s5711,16
s5711,17
s5712,30
s5713,30
s5714,30
s5715,13
s5715,16
s5715,17
s5716,9
s5716,18
s5716,28
s5717,4
s5717,9
s5717,18
s5718,30
s5719,13
s5719,16
s5719,17
s5720,1
s5720,8
s5721,12
s5721,18
s5722,30
s5723,9
s5723,18
s5723,13
s5724,4
s5724,19
s5725,30
s5726,11
s5727,11
s5728,18
s5728,25
s5728,8
s5729,18
s5729,25
s5729,8
s5730,18
s5730,25
s5730,8
s5731,18
s5731,25
s5731,8
s5732,18
s5732,25
s5732,8
s5733,18
s5733,25
s5733,8
s5734,11
s5735,5
s5736,8
s5736,17
s5736,24
s5737,5
s5737,8
s5738,15
s5738,17
s5738,33
s5739,11
s5740,8
s5740,13
s5740,17
s5741,8
s5741,17
s5742,18
s5742,8
s5743,8
s5743,13
s5743,17
s5744,13
s5744,17
s5745,13
s5745,33
s5746,30
s5747,8
s5747,17
s5747,29
s5748,1
s5748,2
s5748,17
s5749,1
s5749,2
s5749,26
s5750,1
s5750,2
s5750,26
s5751,8
s5751,17
s5751,22
s5752,3
s5752,9
s5752,18
s5753,9
s5753,18
s5753,13
s5754,3
s5754,18
s5754,25
s5755,11
s5756,8
s5757,22
s5758,11
s5759,30
s5760,19
s5761,1
s5761,13
s5761,17
s5762,5
s5762,8
s5763,18
s5763,25
s5763,13
s5764,18
s5764,25
s5764,13
s5765,13
s5766,13
s5766,17
s5767,18
s5767,25
s5767,8
s5768,13
s5768,17
s5769,18
s5769,25
s5769,8
s5770,19
s5771,13
s5771,16
s5771,17
s5772,18
s5772,25
s5772,8
s5773,8
s5773,17
s5773,22
s5774,5
s5774,8
s5775,18
s5775,8
s5775,13
s5776,5
s5777,13
s5777,17
s5778,18
s5778,25
s5778,13
s5779,13
s5779,16
s5779,17
s5780,11
s5780,29
s5781,8
s5781,17
s5782,18
s5782,25
s5782,8
s5783,11
s5784,11
s5785,30
s5786,19
s5787,30
s5788,30
s5789,30
s5790,30
s5791,30
s5792,30
s5793,17
s5793,26
s5793,33
s5794,30
s5795,5
s5796,11
s5797,11
s5797,22
s5798,11
s5799,30
s5800,12
s5801,19
s5802,4
s5802,12
s5803,4
s5803,31
s5803,33
s5804,9
s5804,12
s5804,27
s5805,11
s5806,18
s5806,25
s5806,13
s5807,4
s5807,9
s5807,12
s5808,3
s5808,19
s5809,30
s5810,13
s5810,22
s5811,11
s5811,22
s5812,4
s5812,12
s5813,4
s5813,9
s5813,12
s5814,5
s5815,11
s5816,30
s5817,30
s5818,30
s5819,30
s5820,30
s5821,30
s5822,11
s5823,4
s5823,9
s5823,12
s5824,4
s5824,12
s5824,27
s5825,11
s5826,18
s5826,28
s5826,13
s5827,11
s5828,19
s5829,13
s5829,16
s5830,19
s5831,13
s5831,33
s5832,11
s5833,1
s5834,8
s5834,16
s5834,17
s5835,3
s5835,18
s5836,30
s5837,1
s5837,13
s5838,13
s5838,16
s5838,17
s5839,19
s5840,30
s5841,8
s5841,13
s5841,16
s5842,1
s5842,13
s5842,17
s5843,22
s5843,30
s5844,18
s5844,13
s5845,12
s5845,18
s5845,27
s5846,12
s5846,18
s5846,27
s5847,1
s5847,8
s5848,30
s5849,8
s5850,11
s5850,29
s5851,30
s5852,13
s5852,17
s5853,15
s5853,33
s5854,3
s5854,18
s5855,11
s5855,22
s5856,19
s5857,18
s5857,23
s5858,5
s5858,8
s5859,8
s5859,15
s5860,30
s5861,11
s5861,17
s5862,5
s5862,8
s5862,10
s5863,8
s5864,3
s5864,18
s5864,25
s5865,1
s5865,24
s5866,5
s5866,26
s5867,12
s5868,19
s5869,30
s5870,19
s5871,19
s5872,12
s5872,27
s5873,30
s5874,1
s5874,13
s5874,17
s5875,1
s5875,17
s5876,30
s5877,5
s5878,19
s5878,8
s5879,30
s5880,1
s5880,8
s5881,8
s5881,17
s5882,8
s5882,22
s5883,18
s5883,13
s5884,8
s5884,13
s5884,21
s5885,30
s5886,8
s5887,8
s5887,13
s5887,16
s5888,5
s5889,31
s5889,32
s5889,33
s5890,8
s5890,16
s5891,30
s5892,13
s5892,16
s5893,13
s5893,16
s5893,26
s5894,11
s5894,17
s5895,30
s5896,19
s5897,11
s5897,22
s5898,11
s5899,13
s5899,16
s5899,24
s5900,30
s5901,8
s5902,11
s5902,30
s5903,19
s5904,15
s5904,16
s5904,33
s5905,30
s5906,30
s5907,11
s5907,22
s5908,13
s5908,16
s5908,26
s5909,4
s5909,19
s5909,8
s5910,8
s5910,13
s5910,17
s5911,11
s5912,30
s5913,11
s5913,22
s5914,30
s5915,19
s5916,30
s5917,11
s5918,30
s5919,11
s5920,30
s5921,5
s5922,30
s5923,9
s5923,8
s5923,13
s5924,19
s5924,33
s5925,30
s5926,11
s5926,17
s5927,11
s5928,30
s5929,30
s5930,11
s5931,11
s5932,11
s5932,29
s5933,11
s5934,13
s5935,11
s5936,11
s5936,17
s5937,5
s5937,8
s5937,22
s5938,5
s5938,11
s5938,29
s5939,30
s5940,13
s5940,32
s5940,26
s5941,9
s5941,13
s5941,33
s5942,11
s5943,13
s5944,13
s5945,13
s5946,13
s5947,13
s5947,29
s5948,13
s5949,13
s5950,13
s5951,13
s5951,29
s5952,13
s5953,13
s5953,33
s5954,5
s5954,13
s5954,14
s5955,13
s5955,17
s5956,15
s5957,13
s5957,17
s5958,13
s5958,16
s5958,33
s5959,1
s5959,16
s5959,26
s5960,13
s5961,13
s5962,15
s5962,17
s5963,15
s5963,17
s5963,33
s5964,13
s5964,17
s5964,33
s5965,18
s5965,13
s5966,13
s5966,33
s5967,8
s5967,13
s5967,16
s5968,29
s5969,1
s5969,13
s5969,17
s5970,13
s5970,17
s5971,13
s5971,17
s5972,11
s5973,11
s5973,17
s5974,8
s5974,24
s5975,18
s5975,25
s5975,8
s5976,15
s5976,17
s5977,8
s5977,17
s5978,1
s5978,26
s5979,9
s5979,18
s5979,13
s5980,13
s5980,24
s5981,13
s5981,24
s5981,29
s5982,1
s5983,11
s5983,17
s5984,11
s5985,4
s5985,18
s5985,23
s5986,13
s5986,16
s5986,29
s5987,18
s5987,20
s5987,25
s5988,15
s5988,16
s5988,33
s5989,15
s5989,33
s5990,5
s5991,1
s5991,17
s5992,15
s5992,33
s5993,1
s5994,8
s5995,15
s5995,16
s5995,33
s5996,15
s5996,16
s5997,11
s5997,22
s5998,17
s5998,22
s5999,26
s6000,13
s6000,16
s6001,8
s6002,18
s6002,13
s6003,1
s6003,16
s6003,26
s6004,1
s6005,1
s6005,8
s6005,17
s6006,11
s6007,8
s6007,13
s6008,13
s6008,17
s6008,33
s6009,13
s6009,21
s6010,13
s6010,17
s6010,29
s6011,11
s6011,14
s6012,8
s6012,17
s6013,1
s6013,8
s6014,13
s6014,17
s6015,11
s6016,8
s6016,21
s6017,1
s6017,8
s6017,17
s6018,8
s6018,13
s6018,24
s6019,8
s6019,24
s6020,8
s6020,13
s6020,16
s6021,13
s6021,17
s6022,1
s6022,13
s6022,17
s6023,15
s6023,17
s6023,33
s6024,8
s6024,16
s6024,33
s6025,4
s6026,8
s6026,17
s6026,22
s6027,4
s6027,12
s6027,27
s6028,8
s6029,13
s6029,16
s6029,17
s6030,13
s6030,26
s6031,1
s6031,7
s6031,13
s6032,7
s6032,10
s6032,13
s6033,13
s6033,24
s6034,11
s6034,17
s6035,13
s6036,1
s6036,17
s6036,26
s6037,8
s6037,16
s6038,18
s6038,25
s6038,13
s6039,11
s6040,8
s6040,15
s6041,15
s6041,16
s6042,5
s6042,8
s6042,24
s6043,33
s6044,11
s6045,9
s6045,18
s6045,20
s6046,8
s6046,17
s6047,13
s6047,33
s6048,11
s6049,11
s6049,17
s6050,8
s6050,10
s6051,13
s6051,17
s6052,13
s6052,33
s6053,13
s6053,16
s6053,24
s6054,5
s6054,13
s6054,24
s6055,30
s6056,17
s6056,33
s6057,13
s6057,17
s6058,8
s6058,16
s6059,13
s6059,16
s6060,13
s6060,17
s6061,8
s6061,24
s6062,8
s6063,13
s6063,24
s6064,1
s6064,13
s6064,17
s6065,11
s6066,5
s6067,4
s6067,8
s6067,13
s6068,13
s6069,15
s6070,1
s6070,5
s6070,16
s6071,13
s6071,17
s6071,24
s6072,8
s6072,17
s6073,8
s6073,13
s6073,17
s6074,13
s6074,17
s6075,13
s6075,17
s6076,8
s6076,13
s6076,17
s6077,8
s6077,13
s6077,17
s6078,1
s6078,13
s6078,17
s6079,8
s6079,17
s6079,26
s6080,18
s6080,20
s6080,30
s6081,5
s6081,8
s6082,8
s6082,13
s6082,17
s6083,13
s6083,17
s6084,8
s6084,13
s6084,17
s6085,13
s6085,29
s6086,13
s6086,22
s6086,24
s6087,1
s6088,1
s6088,17
s6089,1
s6090,8
s6091,1
s6091,11
s6091,17
s6092,13
s6092,16
s6092,17
s6093,15
s6093,16
s6093,17
s6094,8
s6095,4
s6095,12
s6095,18
s6096,11
s6097,11
s6098,13
s6098,16
s6099,1
s6099,15
s6100,13
s6101,4
s6101,23
s6101,25
s6102,18
s6102,25
s6102,13
s6103,9
s6103,18
s6103,1
s6104,13
s6104,17
s6104,24
s6105,11
s6106,4
s6106,12
s6106,18
s6107,13
s6107,16
s6107,17
s6108,17
s6108,22
s6108,24
s6109,8
s6109,17
s6110,5
s6111,11
s6111,17
s6111,22
s6112,7
s6112,8
s6112,13
s6113,11
s6114,5
s6114,8
s6114,26
s6115,11
s6116,8
s6116,13
s6116,16
s6117,5
s6118,17
s6118,33
s6119,5
s6119,16
s6120,15
s6120,33
s6121,15
s6122,1
s6123,13
s6124,33
s6125,5
s6126,5
s6127,19
s6128,11
s6129,8
s6129,24
s6130,8
s6130,13
s6130,17
s6131,1
s6131,7
s6131,8
s6132,13
s6132,17
s6133,12
s6134,11
s6135,1
s6136,13
s6137,11
s6138,9
s6138,13
s6139,11
s6140,12
s6141,11
s6142,33
s6143,1
s6143,13
s6144,13
s6145,13
s6145,16
s6146,11
s6146,29
s6147,13
s6147,33
s6148,8
s6148,10
s6148,13
s6149,13
s6150,11
s6150,17
s6150,22
s6151,11
s6151,17
s6152,5
s6153,5
s6154,5
s6155,5
s6156,13
s6156,17
s6157,18
s6157,25
s6157,13
s6158,13
s6158,14
s6159,8
s6159,13
s6159,17
s6160,13
s6160,16
s6160,17
s6161,8
s6161,13
s6161,21
s6162,12
s6162,27
s6163,13
s6163,16
s6164,13
s6164,24
s6165,8
s6166,13
s6166,16
s6166,17
s6167,18
s6167,31
s6167,33
s6168,18
s6168,31
s6168,32
s6169,13
s6169,17
s6169,33
s6170,5
s6171,13
s6171,16
s6171,17
s6172,1
s6172,8
s6172,26
s6173,8
s6173,17
s6174,5
s6175,12
s6176,1
s6176,15
s6177,13
s6177,16
s6177,17
s6178,3
s6178,19
s6179,11
s6180,11
s6181,15
s6181,26
s6181,33
s6182,1
s6182,8
s6182,17
s6183,13
s6183,16
s6184,8
s6184,13
s6184,17
s6185,8
s6185,13
s6185,17
s6186,8
s6186,24
s6187,5
s6187,8
s6188,15
s6188,33
s6189,8
s6189,24
s6190,15
s6190,26
s6190,33
s6191,1
s6191,13
s6191,17
s6192,11
s6192,29
s6193,13
s6193,26
s6194,8
s6194,17
s6194,24
s6195,9
s6195,19
s6195,8
s6196,11
s6196,17
s6197,8
s6197,16
s6197,17
s6198,11
s6199,12
s6199,18
s6199,23
s6200,17
s6200,26
s6200,33
s6201,1
s6201,26
s6202,11
s6202,17
s6202,22
s6203,13
s6203,17
s6203,29
s6204,13
s6204,16
s6204,17
s6205,13
s6205,17
s6206,13
s6206,16
s6207,11
s6207,17
s6208,8
s6208,13
s6208,17
s6209,15
s6209,16
s6209,33
s6210,13
s6210,16
s6210,33
s6211,13
s6211,33
s6212,1
s6212,8
s6213,1
s6213,8
s6214,4
s6214,8
s6215,33
s6216,11
s6216,22
s6217,18
s6217,13
s6218,13
s6218,17
s6219,13
s6220,18
s6220,28
s6220,13
s6221,5
s6221,13
s6222,5
s6223,5
s6224,17
s6224,24
s6225,8
s6225,17
s6225,24
s6226,8
s6226,13
s6226,16
s6227,1
s6227,8
s6227,16
s6228,1
s6228,17
s6229,18
s6229,25
s6229,8
s6230,13
s6230,17
s6231,8
s6231,17
s6231,24
s6232,11
s6232,17
s6232,29
s6233,13
s6233,17
s6234,11
s6234,17
s6235,5
s6236,5
s6237,5
s6238,5
s6239,5
s6240,5
s6241,5
s6242,5
s6243,5
s6244,5
s6245,1
s6245,8
s6246,8
s6246,17
s6247,1
s6247,17
s6247,22
s6248,8
s6248,29
s6249,7
s6249,33
s6250,19
s6251,9
s6251,13
s6251,31
s6252,11
s6252,22
s6253,9
s6253,8
s6253,13
s6254,4
s6254,12
s6254,23
s6255,7
s6255,8
s6255,13
s6256,13
s6256,16
s6256,17
s6257,11
s6258,8
s6258,13
s6258,24
s6259,19
s6260,11
s6260,17
s6261,8
s6261,17
s6262,5
s6262,11
s6262,17
s6263,12
s6264,18
s6264,20
s6264,25
s6265,9
s6265,25
s6265,13
s6266,18
s6266,25
s6266,8
s6267,8
s6267,10
s6268,8
s6269,8
s6269,13
s6269,17
s6270,8
s6270,17
s6271,13
s6271,24
s6272,5
s6272,8
s6273,11
s6274,11
s6274,17
s6275,11
s6275,21
s6275,22
s6276,18
s6276,25
s6276,13
s6277,9
s6277,18
s6277,13
s6278,13
s6278,17
s6278,24
s6279,11
s6279,17
s6279,29
s6280,25
s6280,13
s6281,13
s6281,16
s6281,17
s6282,19
s6283,16
s6283,33
s6284,5
s6284,13
s6285,5
s6286,8
s6286,17
s6286,29
s6287,13
s6287,17
s6287,24
s6288,8
s6288,17
s6289,11
s6290,13
s6290,17
s6290,24
s6291,8
s6291,17
s6291,24
s6292,3
s6292,19
s6293,11
s6293,17
s6293,29
s6294,13
s6294,16
s6294,17
s6295,18
s6295,8
s6296,18
s6296,25
s6296,13
s6297,8
s6297,17
s6297,24
s6298,5
s6299,13
s6299,17
s6299,33
s6300,15
s6300,17
s6300,33
s6301,13
s6301,16
s6301,17
s6302,19
s6302,8
s6303,8
s6304,8
s6305,4
s6305,18
s6305,23
s6306,5
s6306,8
s6307,1
s6308,11
s6309,5
s6309,8
s6310,11
s6310,22
s6311,30
s6312,13
s6312,16
s6312,17
s6313,11
s6313,14
s6314,13
s6314,17
s6315,13
s6315,17
s6315,21
s6316,8
s6316,16
s6316,17
s6317,8
s6317,13
s6317,16
s6318,1
s6318,8
s6318,17
s6319,18
s6319,13
s6319,31
s6320,9
s6320,18
s6320,13
s6321,8
s6321,13
s6321,17
s6322,13
s6323,1
s6323,13
s6324,9
s6324,18
s6324,13
s6325,11
s6325,17
s6326,1
s6326,26
s6327,1
s6328,13
s6328,16
s6329,13
s6329,17
s6329,33
s6330,11
s6331,33
s6332,13
s6332,16
s6332,22
s6333,13
s6333,29
s6334,5
s6335,8
s6335,16
s6335,17
s6336,18
s6336,13
s6336,26
s6337,1
s6337,17
s6338,13
s6339,13
s6339,16
s6339,17
s6340,8
s6340,13
s6340,16
s6341,8
s6342,4
s6342,12
s6342,27
s6343,16
s6343,33
s6344,1
s6344,8
s6345,13
s6345,16
s6345,24
s6346,11
s6347,11
s6348,4
s6349,5
s6350,11
s6351,7
s6351,13
s6351,17
s6352,11
s6352,17
s6352,29
s6353,11
s6354,13
s6354,16
s6354,26
s6355,5
s6355,8
s6356,11
s6357,8
s6357,17
s6358,23
s6359,1
s6359,7
s6359,13
s6360,1
s6360,13
s6360,17
s6361,23
s6362,4
s6362,8
s6363,11
s6363,29
s6364,11
s6364,17
s6365,4
s6365,12
s6365,18
s6366,13
s6366,16
s6366,33
s6367,5
s6368,8
s6368,24
s6369,12
s6369,27
s6370,13
s6370,24
s6370,29
s6371,5
s6371,8
s6372,9
s6372,12
s6373,8
s6373,16
s6374,23
s6375,11
s6375,17
s6375,21
s6376,13
s6376,29
s6377,16
s6377,33
s6378,8
s6379,18
s6379,23
s6380,13
s6380,33
s6381,1
s6381,17
s6382,8
s6383,5
s6383,8
s6384,5
s6384,8
s6385,5
s6385,8
s6386,18
s6386,13
s6387,1
s6387,17
s6388,11
s6388,17
s6389,16
s6389,33
s6390,19
s6391,13
s6391,24
s6392,11
s6393,13
s6393,16
s6393,17
s6394,4
s6394,8
s6395,1
s6395,16
s6396,7
s6396,13
s6396,24
s6397,13
s6397,16
s6397,17
s6398,15
s6398,33
s6399,4
s6399,18
s6399,23
s6400,13
s6400,17
s6400,29
s6401,8
s6401,17
s6401,24
s6402,18
s6402,20
s6402,25
s6403,8
s6403,13
s6403,17
s6404,13
s6404,17
s6405,19
s6406,5
s6407,5
s6408,18
s6408,28
s6408,13
s6409,9
s6409,25
s6409,28
s6410,8
s6410,13
s6411,5
s6411,8
s6411,13
s6412,12
s6413,13
s6413,16
s6414,18
s6414,20
s6414,25
s6415,8
s6415,24
s6416,10
s6416,15
s6417,9
s6417,18
s6417,13
s6418,11
s6419,8
s6419,13
s6419,17
s6420,13
s6420,17
s6421,19
s6422,13
s6422,17
s6423,13
s6423,21
s6423,24
s6424,7
s6424,10
s6424,15
s6425,15
s6425,26
s6425,33
s6426,8
s6427,3
s6427,9
s6427,33
s6428,1
s6429,1
s6429,13
s6429,17
s6430,1
s6430,13
s6430,17
s6431,18
s6431,25
s6431,8
s6432,7
s6432,13
s6433,11
s6434,5
s6434,8
s6435,11
s6435,17
s6436,1
s6436,17
s6436,33
s6437,11
s6437,17
s6438,13
s6439,13
s6439,14
s6439,17
s6440,8
s6440,13
s6440,17
s6441,8
s6441,17
s6441,24
s6442,8
s6442,13
s6442,17
s6443,11
s6443,17
s6444,13
s6445,13
s6445,17
s6445,24
s6446,13
s6447,5
s6447,8
s6448,1
s6448,8
s6449,5
s6449,7
s6450,8
s6450,17
s6450,22
s6451,8
s6451,10
s6451,13
s6452,12
s6452,23
s6452,27
s6453,1
s6453,13
s6453,17
s6454,11
s6454,22
s6455,13
s6455,16
s6455,17
s6456,18
s6456,23
s6457,6
s6457,8
s6458,18
s6458,20
s6458,23
s6459,15
s6459,33
s6460,4
s6460,8
s6461,4
s6461,18
s6461,25
s6462,5
s6463,5
s6464,5
s6465,5
s6466,8
s6466,17
s6467,5
s6467,8
s6468,8
s6468,13
s6468,17
s6469,10
s6469,15
s6470,4
s6471,1
s6471,17
s6472,30
s6473,13
s6473,16
s6473,17
s6474,5
s6474,7
s6474,8
s6475,16
s6475,33
s6476,11
s6476,22
s6477,8
s6477,14
s6477,24
s6478,12
s6479,8
s6479,24
s6480,5
s6480,13
s6480,24
s6481,5
s6481,8
s6482,5
s6482,8
s6482,13
s6483,13
s6483,17
s6483,33
s6484,19
s6485,8
s6485,17
s6486,7
s6486,8
s6486,17
s6487,1
s6487,15
s6487,26
s6488,4
s6488,12
s6488,27
s6489,13
s6489,16
s6489,17
s6490,13
s6490,17
s6490,33
s6491,4
s6491,12
s6492,11
s6492,22
s6493,1
s6493,26
s6494,13
s6495,8
s6496,12
s6496,18
s6497,1
s6497,7
s6498,8
s6498,26
s6499,4
s6499,9
s6499,12
s6500,11
s6500,22
s6501,13
s6501,33
s6502,1
s6502,10
s6502,13
s6503,13
s6503,17
s6504,1
s6504,15
s6504,26
s6505,18
s6505,25
s6505,13
s6506,18
s6506,25
s6506,13
s6507,18
s6507,25
s6507,8
s6508,18
s6508,25
s6508,13
s6509,18
s6509,25
s6509,8
s6510,18
s6510,25
s6510,13
s6511,13
s6511,29
s6512,1
s6512,8
s6513,8
s6513,16
s6513,17
s6514,9
s6514,12
s6515,9
s6515,12
s6516,8
s6516,13
s6516,16
s6517,13
s6517,16
s6517,17
s6518,13
s6518,17
s6519,13
s6519,33
s6520,30
s6520,8
s6521,18
s6521,8
s6522,11
s6523,1
s6523,13
s6523,17
s6524,13
s6524,33
s6525,12
s6525,8
s6526,11
s6526,17
s6526,29
s6527,13
s6527,16
s6527,21
s6528,15
s6528,17
s6528,33
s6529,11
s6529,29
s6530,13
s6530,17
s6530,33
s6531,1
s6531,13
s6531,16
s6532,13
s6532,17
s6533,23
s6534,7
s6534,13
s6535,5
s6535,8
s6536,11
s6536,17
s6537,5
s6538,13
s6538,33
s6539,9
s6539,12
s6539,18
s6540,11
s6540,14
s6540,22
s6541,13
s6541,16
s6542,8
s6542,13
s6542,16
s6543,9
s6543,18
s6543,1
s6544,1
s6544,17
s6544,24
s6545,15
s6546,11
s6547,1
s6547,13
s6547,17
s6548,15
s6548,17
s6549,13
s6550,4
s6550,6
s6550,8
s6551,5
s6551,8
s6552,13
s6552,16
s6552,21
s6553,1
s6553,15
s6553,17
s6554,13
s6554,17
s6555,13
s6555,16
s6555,17
s6556,13
s6556,16
s6556,21
s6557,18
s6557,25
s6557,13
s6558,13
s6558,17
s6559,13
s6559,16
s6559,17
s6560,9
s6560,18
s6560,28
s6561,4
s6561,12
s6562,11
s6562,22
s6563,1
s6564,13
s6564,16
s6564,24
s6565,13
s6565,17
s6565,33
s6566,13
s6566,33
s6567,13
s6567,17
s6567,33
s6568,15
s6568,17
s6568,33
s6569,18
s6569,31
s6569,33
s6570,13
s6570,17
s6571,7
s6571,13
s6571,16
s6572,9
s6572,18
s6572,13
s6573,18
s6573,13
s6574,13
s6574,16
s6575,8
s6575,17
s6576,11
s6577,8
s6578,16
s6578,17
s6578,33
s6579,13
s6579,33
s6580,8
s6580,13
s6580,16
s6581,8
s6581,13
s6581,16
s6582,5
s6582,8
s6583,8
s6583,24
s6584,8
s6585,15
s6586,17
s6586,29
s6587,9
s6587,12
s6588,9
s6588,18
s6588,13
s6589,17
s6589,33
s6590,11
s6591,15
s6591,33
s6592,11
s6592,17
s6593,1
s6594,30
s6595,13
s6595,33
s6596,15
s6596,33
s6597,1
s6597,17
s6598,33
s6599,33
s6600,13
s6600,17
s6601,15
s6601,26
s6601,33
s6602,18
s6603,13
s6603,17
s6604,9
s6604,13
s6604,32
s6605,1
s6605,8
s6605,17
s6606,1
s6606,17
s6606,26
s6607,11
s6608,11
s6608,17
s6609,13
s6609,17
s6610,1
s6611,13
s6611,17
s6611,22
s6612,30
s6613,8
s6614,12
s6614,27
s6615,1
s6615,17
s6616,11
s6617,33
s6618,1
s6618,17
s6618,26
s6619,4
s6619,23
s6620,7
s6620,13
s6620,24
s6621,13
s6621,33
s6622,5
s6623,5
s6623,13
s6624,17
s6624,33
s6625,8
s6625,16
s6626,8
s6627,15
s6628,1
s6628,11
s6628,17
s6629,1
s6629,11
s6629,17
s6630,1
s6630,11
s6630,17
s6631,15
s6631,17
s6632,11
s6632,17
s6633,8
s6633,13
s6633,16
s6634,13
s6634,33
s6635,1
s6635,15
s6635,26
s6636,23
s6636,27
s6637,1
s6637,8
s6637,17
s6638,13
s6638,14
s6639,11
s6640,5
s6640,8
s6641,5
s6641,8
s6642,1
s6642,26
s6643,1
s6643,26
s6644,1
s6644,26
s6645,1
s6645,26
s6646,5
s6647,25
s6647,8
s6647,13
s6648,11
s6649,11
s6649,17
s6649,21
s6650,11
s6650,17
s6651,13
s6652,9
s6652,12
s6653,9
s6653,18
s6653,28
s6654,13
s6654,16
s6654,17
s6655,1
s6655,13
s6655,17
s6656,8
s6657,11
s6658,5
s6658,26
s6659,19
s6660,4
s6660,12
s6660,27
s6661,4
s6661,12
s6661,27
s6662,13
s6663,8
s6663,24
s6664,18
s6664,25
s6664,8
s6665,13
s6665,24
s6666,30
s6667,13
s6667,17
s6667,24
s6668,13
s6668,17
s6669,13
s6669,16
s6669,17
s6670,13
s6670,17
s6670,33
s6671,1
s6672,18
s6672,25
s6672,28
s6673,9
s6673,18
s6673,28
s6674,9
s6674,18
s6674,28
s6675,6
s6675,19
s6675,28
s6676,11
s6676,17
s6677,25
s6677,28
s6677,13
s6678,11
s6678,17
s6679,18
s6679,28
s6679,8
s6680,5
s6680,11
s6680,17
s6681,17
s6681,26
s6682,11
s6683,13
s6683,26
s6684,11
s6684,17
s6685,11
s6685,17
s6686,11
s6686,17
s6687,11
s6688,15
s6688,33
s6689,13
s6689,17
s6690,13
s6690,17
s6690,22
s6691,23
s6692,11
s6692,17
s6693,8
s6693,24
s6694,18
s6694,28
s6694,8
s6695,13
s6695,16
s6695,17
s6696,4
s6696,9
s6696,12
s6697,1
s6698,9
s6698,28
s6698,13
s6699,16
s6699,33
s6700,11
s6701,13
s6701,16
s6701,24
s6702,1
s6702,7
s6703,13
s6703,24
s6703,26
s6704,1
s6704,13
s6704,26
s6705,8
s6705,13
s6705,16
s6706,8
s6706,10
s6706,17
s6707,13
s6707,17
s6707,24
s6708,17
s6708,22
s6708,33
s6709,13
s6709,17
s6709,21
s6710,18
s6711,5
s6711,8
s6711,14
s6712,15
s6712,26
s6713,13
s6713,16
s6713,33
s6714,13
s6714,17
s6714,33
s6715,4
s6715,12
s6715,18
s6716,8
s6716,26
s6717,13
s6717,16
s6717,17
s6718,18
s6718,25
s6718,8
s6719,18
s6719,13
s6720,1
s6721,11
s6721,17
s6722,8
s6722,24
s6723,1
s6724,1
s6724,13
s6724,16
s6725,4
s6725,8
s6726,8
s6726,17
s6727,8
s6727,17
s6727,24
s6728,8
s6728,17
s6729,9
s6729,18
s6729,13
s6730,8
s6730,24
s6731,13
s6731,16
s6732,3
s6732,18
s6733,4
s6733,9
s6733,12
s6734,1
s6734,13
s6734,17
s6735,8
s6736,33
s6737,13
s6737,16
s6737,17
s6738,11
s6738,17
s6739,33
s6740,13
s6740,16
s6740,17
s6741,8
s6741,17
s6742,9
s6742,18
s6742,1
s6743,4
s6743,9
s6743,13
s6744,8
s6744,10
s6744,13
s6745,18
s6745,31
s6745,33
s6746,11
s6747,7
s6747,13
s6747,22
s6748,13
s6748,17
s6749,5
s6749,8
s6750,11
s6751,9
s6751,18
s6751,1
s6752,11
s6753,13
s6753,17
s6754,10
s6754,15
s6754,33
s6755,15
s6755,33
s6756,15
s6757,11
s6757,17
s6758,13
s6758,16
s6758,17
s6759,8
s6759,24
s6760,1
s6761,15
s6761,17
s6762,11
s6762,29
s6763,11
s6764,18
s6764,23
s6765,11
s6765,17
s6765,29
s6766,1
s6766,17
s6767,23
s6768,13
s6769,8
s6769,17
s6770,13
s6770,16
s6770,22
s6771,19
s6771,20
s6772,1
s6772,17
s6773,11
s6773,17
s6774,12
s6774,27
s6775,18
s6775,13
s6776,11
s6776,14
s6776,17
s6777,13
s6778,11
s6779,13
s6779,17
s6780,8
s6781,11
s6782,5
s6783,23
s6784,11
s6784,17
s6784,21
s6785,1
s6785,7
s6785,26
s6786,4
s6786,12
s6786,27
s6787,11
s6787,17
s6787,29
s6788,11
s6788,17
s6788,29
s6789,18
s6789,13
s6790,11
s6791,8
s6791,24
s6792,9
s6792,18
s6792,28
s6793,7
s6793,8
s6793,17
s6794,13
s6794,33
s6795,8
s6795,13
s6795,16
s6796,6
s6796,8
s6797,8
s6797,13
s6797,16
s6798,5
s6798,8
s6799,5
s6799,13
s6800,11
s6801,8
s6801,17
s6802,13
s6802,16
s6803,13
s6803,14
s6804,12
s6804,23
s6805,15
s6806,15
s6806,17
s6807,6
s6807,8
s6808,5
s6808,8
s6808,13
s6809,1
s6809,17
s6810,11
s6810,17
s6810,29
s6811,4
s6811,12
s6811,18
s6812,5
s6813,5
s6814,13
s6814,16
s6815,5
s6815,13
s6815,29
s6816,11
s6817,1
s6817,13
s6817,17
s6818,13
s6818,33
s6819,5
s6819,8
s6820,13
s6820,16
s6820,17
s6821,18
s6821,13
s6822,13
s6822,17
s6823,1
s6823,8
s6824,13
s6824,17
s6824,24
s6825,18
s6825,8
s6825,13
s6826,18
s6826,30
s6826,8
s6827,13
s6828,3
s6828,18
s6829,5
s6829,13
s6829,29
s6830,5
s6830,13
s6830,29
s6831,15
s6831,33
s6832,13
s6832,17
s6833,13
s6834,11
s6834,21
s6835,4
s6835,12
s6835,18
s6836,4
s6836,12
s6836,18
s6837,9
s6837,18
s6837,25
s6838,5
s6838,8
s6839,19
s6839,8
s6840,8
s6840,22
s6841,5
s6841,8
s6842,9
s6842,8
s6842,13
s6843,1
s6843,8
s6844,8
s6844,24
s6845,1
s6845,13
s6845,17
s6846,15
s6847,1
s6847,2
s6847,17
s6848,1
s6848,26
s6849,1
s6849,2
s6849,17
s6850,23
s6851,1
s6851,2
s6851,17
s6852,1
s6852,13
s6852,17
s6853,13
s6853,17
s6854,7
s6854,8
s6854,22
s6855,13
s6855,16
s6856,8
s6856,17
s6857,11
s6857,29
s6858,18
s6858,13
s6859,5
s6859,13
s6859,14
s6860,11
s6861,1
s6861,17
s6862,13
s6862,14
s6863,13
s6863,14
s6864,13
s6864,16
s6864,17
s6865,7
s6865,8
s6865,17
s6866,17
s6866,26
s6867,1
s6868,13
s6869,19
s6870,33
s6871,8
s6871,17
s6872,9
s6872,18
s6872,13
s6873,16
s6874,18
s6874,13
s6874,33
s6875,8
s6875,16
s6876,13
s6877,8
s6877,13
s6877,16
s6878,13
s6878,17
s6879,13
s6880,1
s6880,33
s6881,7
s6881,13
s6882,13
s6882,16
s6883,8
s6883,29
s6884,5
s6884,8
s6885,8
s6885,13
s6885,17
s6886,13
s6886,34
s6887,15
s6887,33
s6888,13
s6888,16
s6888,17
s6889,13
s6890,4
s6890,18
s6890,23
s6891,18
s6891,25
s6891,28
s6892,8
s6892,17
s6892,22
s6893,8
s6893,16
s6894,7
s6894,8
s6894,22
s6895,4
s6895,18
s6895,23
s6896,12
s6896,27
s6897,15
s6897,33
s6898,8
s6898,16
s6898,17
s6899,11
s6900,11
s6900,21
s6901,11
s6901,17
s6901,29
s6902,3
s6902,9
s6903,11
s6903,17
s6904,8
s6904,17
s6905,8
s6905,17
s6906,8
s6906,17
s6907,18
s6907,8
s6908,8
s6908,13
s6908,17
s6909,8
s6909,17
s6909,24
s6910,5
s6910,8
s6910,22
s6911,1
s6911,2
s6911,26
s6912,1
s6912,26
s6913,13
s6913,17
s6913,22
s6914,1
s6914,13
s6915,8
s6915,17
s6916,33
s6917,11
s6918,31
s6918,32
s6918,33
s6919,17
s6919,22
s6920,18
s6920,25
s6920,8
s6921,15
s6921,16
s6922,8
s6922,17
s6922,24
s6923,4
s6923,9
s6923,18
s6924,8
s6924,13
s6925,13
s6925,16
s6926,1
s6926,17
s6926,26
s6927,11
s6927,29
s6928,8
s6928,10
s6929,8
s6929,10
s6930,11
s6931,4
s6931,9
s6931,12
s6932,5
s6932,8
s6933,19
s6933,8
s6934,11
s6934,29
s6935,11
s6936,8
s6936,13
s6937,1
s6937,8
s6937,13
s6938,18
s6938,25
s6938,13
s6939,11
s6939,15
s6940,15
s6940,16
s6941,11
s6941,17
s6942,6
s6942,31
s6942,32
s6943,15
s6943,33
s6944,1
s6945,11
s6946,15
s6946,33
s6947,15
s6947,16
s6948,13
s6948,16
s6948,21
s6949,11
s6950,8
s6950,24
s6951,33
s6952,18
s6952,23
s6953,5
s6954,31
s6954,32
s6954,26
s6955,1
s6955,8
s6955,16
s6956,9
s6956,1
s6957,13
s6957,16
s6958,1
s6958,10
s6958,26
s6959,13
s6959,24
s6959,26
s6960,13
s6961,1
s6961,8
s6961,13
s6962,15
s6963,1
s6963,17
s6964,18
s6964,13
s6965,1
s6966,18
s6966,20
s6966,23
s6967,15
s6967,17
s6967,33
s6968,17
s6968,33
s6969,11
s6969,17
s6969,22
s6970,23
s6971,13
s6972,4
s6972,9
s6972,18
s6973,11
s6974,15
s6974,17
s6974,33
s6975,9
s6975,18
s6975,28
s6976,13
s6976,17
s6977,4
s6977,12
s6978,8
s6978,24
s6979,11
s6979,29
s6980,11
s6980,17
s6981,13
s6981,17
s6981,24
s6982,19
s6983,8
s6983,13
s6983,17
s6984,13
s6984,17
s6984,21
s6985,8
s6985,15
s6986,11
s6987,8
s6987,14
s6987,17
s6988,8
s6988,14
s6988,17
s6989,13
s6989,17
s6990,13
s6990,16
s6990,17
s6991,13
s6991,24
s6992,13
s6993,5
s6993,8
s6994,5
s6994,8
s6994,13
s6995,13
s6996,11
s6996,17
s6996,29
s6997,18
s6997,25
s6997,13
s6998,13
s6998,15
s6998,26
s6999,4
s6999,12
s6999,18
s7000,15
s7000,17
s7001,11
s7001,17
s7002,11
s7002,17
s7003,13
s7004,8
s7005,8
s7005,16
s7006,8
s7006,29
s7007,9
s7007,18
s7007,13
s7008,7
s7008,13
s7008,17
s7009,5
s7009,8
s7010,15
s7010,33
s7011,11
s7012,8
s7012,16
s7012,17
s7013,11
s7013,22
s7014,5
s7014,8
s7015,8
s7016,8
s7017,11
s7017,17
s7018,4
s7018,18
s7018,23
s7019,13
s7019,24
s7020,11
s7021,13
s7021,17
s7022,1
s7022,26
s7023,13
s7023,17
s7023,22
s7024,17
s7024,22
s7024,24
s7025,18
s7025,25
s7025,13
s7026,15
s7026,16
s7026,17
s7027,1
s7028,1
s7028,16
s7029,4
s7029,12
s7030,19
s7031,8
s7031,16
s7031,21
s7032,8
s7032,16
s7032,21
s7033,13
s7033,16
s7033,22
s7034,18
s7034,20
s7034,23
s7035,15
s7035,17
s7035,33
s7036,13
s7036,16
s7036,17
s7037,11
s7037,29
s7038,11
s7039,11
s7040,18
s7040,28
s7040,8
s7041,8
s7041,13
s7041,17
s7042,11
s7042,17
s7043,1
s7044,1
s7044,13
s7045,8
s7046,5
s7046,11
s7047,8
s7047,17
s7047,24
s7048,13
s7048,16
s7049,8
s7049,13
s7049,16
s7050,13
s7050,14
s7050,24
s7051,8
s7052,11
s7052,17
s7052,29
s7053,1
s7053,17
s7053,26
s7054,8
s7054,17
s7054,24
s7055,23
s7055,8
s7056,5
s7057,30
s7058,5
s7058,8
s7058,26
s7059,13
s7059,17
s7059,24
s7060,18
s7060,25
s7060,8
s7061,1
s7061,13
s7062,15
s7062,17
s7062,33
s7063,13
s7063,17
s7063,24
s7064,1
s7064,26
s7065,13
s7065,17
s7065,24
s7066,33
s7067,11
s7068,5
s7068,8
s7069,13
s7069,16
s7069,17
s7070,4
s7070,12
s7070,27
s7071,1
s7071,5
s7071,26
s7072,1
s7072,5
s7072,7
s7073,1
s7073,5
s7073,7
s7074,1
s7074,5
s7074,7
s7075,13
s7075,33
s7076,11
s7077,11
s7077,17
s7078,1
s7079,1
s7079,5
s7079,26
s7080,1
s7080,13
s7080,17
s7081,4
s7081,12
s7081,18
s7082,9
s7082,12
s7083,12
s7083,18
s7084,23
s7085,8
s7085,13
s7085,17
s7086,9
s7086,13
s7087,8
s7088,13
s7088,17
s7088,26
s7089,1
s7089,2
s7089,17
s7090,1
s7090,2
s7090,17
s7091,1
s7091,2
s7091,17
s7092,13
s7092,29
s7093,11
s7094,13
s7094,16
s7094,17
s7095,13
s7095,16
s7095,17
s7096,8
s7096,13
s7096,17
s7097,11
s7097,29
s7098,5
s7098,26
s7099,19
s7100,13
s7100,17
s7100,24
s7101,12
s7101,18
s7101,27
s7102,18
s7102,20
s7102,30
s7103,13
s7103,17
s7103,22
s7104,5
s7104,8
s7105,8
s7105,17
s7105,22
s7106,8
s7106,17
s7106,24
s7107,8
s7107,17
s7107,22
s7108,11
s7108,29
s7109,5
s7110,13
s7110,17
s7110,24
s7111,5
s7111,22
s7112,11
s7112,29
s7113,9
s7113,18
s7113,13
s7114,13
s7114,33
s7115,8
s7115,13
s7115,17
s7116,13
s7116,17
s7117,5
s7118,13
s7118,16
s7118,17
s7119,13
s7119,16
s7119,17
s7120,8
s7120,13
s7120,17
s7121,18
s7121,30
s7122,8
s7122,10
s7123,13
s7123,17
s7123,24
s7124,23
s7125,11
s7126,6
s7126,1
s7126,13
s7127,13
s7127,22
s7128,11
s7128,14
s7129,11
s7129,21
s7130,18
s7130,13
s7131,11
s7131,22
s7132,19
s7133,11
s7134,1
s7134,13
s7134,17
s7135,11
s7135,17
s7135,22
s7136,11
s7136,17
s7137,1
s7137,26
s7138,17
s7138,33
s7139,11
s7139,22
s7140,13
s7140,16
s7140,26
s7141,4
s7141,13
s7141,26
s7142,1
s7142,17
s7143,18
s7143,28
s7143,13
s7144,18
s7144,28
s7144,13
s7145,8
s7145,17
s7145,24
s7146,5
s7146,8
s7147,11
s7148,8
s7148,13
s7149,19
s7150,8
s7150,24
s7151,8
s7151,13
s7151,16
s7152,1
s7152,26
s7153,8
s7153,24
s7154,1
s7154,8
s7154,17
s7155,11
s7155,22
s7156,3
s7156,9
s7156,18
s7157,1
s7157,13
s7158,9
s7158,18
s7158,1
s7159,13
s7159,17
s7160,13
s7160,17
s7160,24
s7161,1
s7161,13
s7161,17
s7162,13
s7162,17
s7163,1
s7163,13
s7163,17
s7164,13
s7164,17
s7164,24
s7165,5
s7165,13
s7166,13
s7166,17
s7166,22
s7167,33
s7168,13
s7168,16
s7168,17
s7169,15
s7169,17
s7169,33
s7170,17
s7170,22
s7170,24
s7171,8
s7171,24
s7172,8
s7172,13
s7172,16
s7173,30
s7174,13
s7174,17
s7175,8
s7175,13
s7175,17
s7176,12
s7177,12
s7178,12
s7179,30
s7180,30
s7181,30
s7182,11
s7182,21
s7183,9
s7183,18
s7183,25
s7184,1
s7184,13
s7184,17
s7185,9
s7185,18
s7185,8
s7186,18
s7186,13
s7187,8
s7187,13
s7187,17
s7188,9
s7188,18
s7188,13
s7189,7
s7189,8
s7189,13
s7190,8
s7190,17
s7190,22
s7191,13
s7191,16
s7191,17
s7192,1
s7193,1
s7194,8
s7194,16
s7194,24
s7195,13
s7195,17
s7195,29
s7196,1
s7196,13
s7196,17
s7197,19
s7198,1
s7199,1
s7200,1
s7200,16
s7200,26
s7201,11
s7201,17
s7202,1
s7203,1
s7203,13
s7203,16
s7204,8
s7204,10
s7204,15
s7205,1
s7205,8
s7205,24
s7206,1
s7206,13
s7206,17
s7207,13
s7207,16
s7207,33
s7208,13
s7208,16
s7209,1
s7209,8
s7210,4
s7210,12
s7210,27
s7211,8
s7211,10
s7211,29
s7212,13
s7213,8
s7213,17
s7214,33
s7215,18
s7215,25
s7215,13
s7216,4
s7216,18
s7216,23
s7217,8
s7217,15
s7217,17
s7218,3
s7218,18
s7219,15
s7219,33
s7220,7
s7220,11
s7221,26
s7221,33
s7222,11
s7223,12
s7223,18
s7224,1
s7224,13
s7224,17
s7225,17
s7225,24
s7226,8
s7226,17
s7226,33
s7227,5
s7228,5
s7229,5
s7230,5
s7231,5
s7232,5
s7233,5
s7234,5
s7235,13
s7235,16
s7236,19
s7237,15
s7238,8
s7238,13
s7239,13
s7239,16
s7239,17
s7240,1
s7240,8
s7240,10
s7241,5
s7241,8
s7242,5
s7242,8
s7243,1
s7243,8
s7243,17
s7244,13
s7244,17
s7244,24
s7245,11
s7245,22
s7246,18
s7246,25
s7246,13
s7247,8
s7247,13
s7247,17
s7248,13
s7248,17
s7248,24
s7249,22
s7250,17
s7250,24
s7251,8
s7251,17
s7252,11
s7253,7
s7253,13
s7253,22
s7254,8
s7254,17
s7255,18
s7255,28
s7255,8
s7256,18
s7256,13
s7257,9
s7257,18
s7257,28
s7258,6
s7258,9
s7258,18
s7259,9
s7259,18
s7259,28
s7260,13
s7260,17
s7260,33
s7261,15
s7261,17
s7262,1
s7263,26
s7263,33
s7264,8
s7264,16
s7265,18
s7265,28
s7265,13
s7266,13
s7266,17
s7267,4
s7267,18
s7267,13
s7268,1
s7269,9
s7269,18
s7269,20
s7270,13
s7270,16
s7270,21
s7271,1
s7272,13
s7272,16
s7272,24
s7273,11
s7273,17
s7273,29
s7274,11
s7274,17
s7275,8
s7275,24
s7276,5
s7277,5
s7278,5
s7279,5
s7280,4
s7280,19
s7281,8
s7281,15
s7281,17
s7282,1
s7282,14
s7282,26
s7283,5
s7284,1
s7284,17
s7284,26
s7285,1
s7285,10
s7285,17
s7286,12
s7287,1
s7287,15
s7287,26
s7288,19
s7289,19
s7290,11
s7290,17
s7291,1
s7291,5
s7292,19
s7293,5
s7293,8
s7294,11
s7294,17
s7294,29
s7295,7
s7295,11
s7296,18
s7296,25
s7296,8
s7297,8
s7297,21
s7298,23
s7299,8
s7299,15
s7299,16
s7300,11
s7300,21
s7301,4
s7301,12
s7301,27
s7302,4
s7302,12
s7302,27
s7303,15
s7303,16
s7303,33
s7304,1
s7304,17
s7305,13
s7305,14
s7306,7
s7306,13
s7306,17
s7307,13
s7307,33
s7308,4
s7308,8
s7309,13
s7310,1
s7310,17
s7311,11
s7311,22
s7312,1
s7312,17
s7312,24
s7313,19
s7313,8
s7314,5
s7314,8
s7315,5
s7315,8
s7316,13
s7316,16
s7317,8
s7318,5
s7318,8
s7319,5
s7319,8
s7320,5
s7320,8
s7321,8
s7321,13
s7321,16
s7322,19
s7322,8
s7323,33
s7324,11
s7325,9
s7325,12
s7325,18
s7326,9
s7326,18
s7326,25
s7327,1
s7327,8
s7327,16
s7328,13
s7328,16
s7329,1
s7329,17
s7329,26
s7330,13
s7330,16
s7330,17
s7331,1
s7331,7
s7331,10
s7332,19
s7333,7
s7333,13
s7333,24
s7334,4
s7334,9
s7334,18
s7335,11
s7335,17
s7335,22
s7336,1
s7336,8
s7336,17
s7337,8
s7337,17
s7338,13
s7338,17
s7338,29
s7339,18
s7339,28
s7339,8
s7340,11
s7340,17
s7341,9
s7341,12
s7341,18
s7342,11
s7342,29
s7343,13
s7343,31
s7343,32
s7344,18
s7344,25
s7344,8
s7345,8
s7345,24
s7346,8
s7346,13
s7346,17
s7347,8
s7347,17
s7347,24
s7348,1
s7348,8
s7348,17
s7349,18
s7349,20
s7349,25
s7350,18
s7350,8
s7350,13
s7351,13
s7351,33
s7352,8
s7352,17
s7352,24
s7353,8
s7353,17
s7353,24
s7354,4
s7354,18
s7354,23
s7355,8
s7355,17
s7355,24
s7356,11
s7357,13
s7357,16
s7357,21
s7358,13
s7358,17
s7359,11
s7359,17
s7359,29
s7360,18
s7360,25
s7360,8
s7361,13
s7361,17
s7361,24
s7362,15
s7362,17
s7362,33
s7363,8
s7363,17
s7363,29
s7364,17
s7364,33
s7365,13
s7365,17
s7366,8
s7367,15
s7367,17
s7368,1
s7368,7
s7368,10
s7369,13
s7370,8
s7371,10
s7371,15
s7372,13
s7372,17
s7373,13
s7373,16
s7373,17
s7374,11
s7375,17
s7375,33
s7376,19
s7376,8
s7377,3
s7377,18
s7378,5
s7379,1
s7379,11
s7379,17
s7380,5
s7380,11
s7380,17
s7381,1
s7381,13
s7381,17
s7382,18
s7382,1
s7382,26
s7383,18
s7383,1
s7383,26
s7384,18
s7384,8
s7385,8
s7385,17
s7386,18
s7386,25
s7386,13
s7387,8
s7387,17
s7387,22
s7388,13
s7388,17
s7388,22
s7389,13
s7389,17
s7390,15
s7391,1
s7391,13
s7392,8
s7392,17
s7392,24
s7393,18
s7393,23
s7393,1
s7394,13
s7394,16
s7394,17
s7395,13
s7395,17
s7395,24
s7396,13
s7396,16
s7397,13
s7397,16
s7398,8
s7398,16
s7398,24
s7399,11
s7399,17
s7400,8
s7400,13
s7400,17
s7401,13
s7401,16
s7401,17
s7402,13
s7402,16
s7402,17
s7403,15
s7403,33
s7404,1
s7405,12
s7406,5
s7407,8
s7408,13
s7408,16
s7408,17
s7409,23
s7409,25
s7410,12
s7410,27
s7410,13
s7411,1
s7411,17
s7412,30
s7413,11
s7413,14
s7414,11
s7414,17
s7415,11
s7415,29
s7416,1
s7416,26
s7417,2
s7417,5
s7418,5
s7418,22
s7419,4
s7419,18
s7419,23
s7420,13
s7420,16
s7420,17
s7421,1
s7421,17
s7422,13
s7422,16
s7422,17
s7423,8
s7423,13
s7423,17
s7424,13
s7424,16
s7425,13
s7425,17
s7426,8
s7426,17
s7426,22
s7427,11
s7428,11
s7429,8
s7429,17
s7429,24
s7430,8
s7430,13
s7430,17
s7431,13
s7431,16
s7431,33
s7432,7
s7432,13
s7432,16
s7433,13
s7434,15
s7434,17
s7434,33
s7435,11
s7436,4
s7436,12
s7436,18
s7437,23
s7438,13
s7438,17
s7438,24
s7439,18
s7439,25
s7439,8
s7440,8
s7440,13
s7440,16
s7441,13
s7441,17
s7441,33
s7442,11
s7443,1
s7443,8
s7443,26
s7444,1
s7444,8
s7444,26
s7445,13
s7445,16
s7446,1
s7446,13
s7446,17
s7447,18
s7447,13
s7448,18
s7448,13
s7448,34
s7449,8
s7449,17
s7450,18
s7450,23
s7450,28
s7451,8
s7451,17
s7451,26
s7452,1
s7452,13
s7452,17
s7453,5
s7453,8
s7454,18
s7454,30
s7454,8
s7455,1
s7455,26
s7456,19
s7457,13
s7457,16
s7457,21
s7458,19
s7459,13
s7459,17
s7460,23
s7461,5
s7461,13
s7461,29
s7462,5
s7462,8
s7463,13
s7463,17
s7463,22
s7464,9
s7464,18
s7464,28
s7465,2
s7466,13
s7466,17
s7467,24
s7468,11
s7469,18
s7469,25
s7469,8
s7470,11
s7470,22
s7471,13
s7471,16
s7472,11
s7473,1
s7473,13
s7474,8
s7474,17
s7474,24
s7475,13
s7475,16
s7476,13
s7476,16
s7476,17
s7477,1
s7477,15
s7477,16
s7478,13
s7478,16
s7478,33
s7479,13
s7479,17
s7480,13
s7481,18
s7481,20
s7481,25
s7482,13
s7483,33
s7484,4
s7484,18
s7484,23
s7485,1
s7485,8
s7486,4
s7486,12
s7486,27
s7487,5
s7487,8
s7488,8
s7488,17
s7489,5
s7490,5
s7491,5
s7491,22
s7492,5
s7493,5
s7494,5
s7495,5
s7496,5
s7497,5
s7498,5
s7499,5
s7500,5
s7501,5
s7502,5
s7503,19
s7504,8
s7504,24
s7505,4
s7505,12
s7505,18
s7506,4
s7506,12
s7506,18
s7507,13
s7507,16
s7507,26
s7508,13
s7508,16
s7508,21
s7509,1
s7509,8
s7509,17
s7510,13
s7510,16
s7510,17
s7511,13
s7511,16
s7511,17
s7512,11
s7513,13
s7513,17
s7514,5
s7514,8
s7515,1
s7515,11
s7515,17
s7516,8
s7517,13
s7518,8
s7518,24
s7519,11
s7519,17
s7520,8
s7520,13
s7520,17
s7521,8
s7522,19
s7522,8
s7523,8
s7523,17
s7524,13
s7524,16
s7525,8
s7525,17
s7525,24
s7526,5
s7527,5
s7527,8
s7528,8
s7528,10
s7528,15
s7529,9
s7529,12
s7530,19
s7530,8
s7531,1
s7531,7
s7531,13
s7532,5
s7532,8
s7533,13
s7533,16
s7533,17
s7534,13
s7534,14
s7535,8
s7535,17
s7536,8
s7536,16
s7537,8
s7537,24
s7538,13
s7539,4
s7539,18
s7539,23
s7540,8
s7540,13
s7540,17
s7541,18
s7541,30
s7542,5
s7542,8
s7543,5
s7543,8
s7544,8
s7544,13
s7544,17
s7545,1
s7545,8
s7545,17
s7546,11
s7547,13
s7548,4
s7548,12
s7549,1
s7549,13
s7549,17
s7550,13
s7550,24
s7551,8
s7551,17
s7552,8
s7552,26
s7553,15
s7553,17
s7554,8
s7554,29
s7555,11
s7555,17
s7556,15
s7557,11
s7558,1
s7558,8
s7558,17
s7559,13
s7559,16
s7560,1
s7560,2
s7560,17
s7561,30
s7562,11
s7563,1
s7563,8
s7563,16
s7564,11
s7565,1
s7565,5
s7566,13
s7566,17
s7567,8
s7568,13
s7568,16
s7569,12
s7569,27
s7570,12
s7570,27
s7571,11
s7572,4
s7572,12
s7572,27
s7573,4
s7573,12
s7573,27
s7574,4
s7574,12
s7574,27
s7575,4
s7575,12
s7575,27
s7576,7
s7576,11
s7577,12
s7578,13
s7578,17
s7579,13
s7579,14
s7580,5
s7580,8
s7581,11
s7582,1
s7582,26
s7583,1
s7583,13
s7583,17
s7584,13
s7584,16
s7585,13
s7585,16
s7585,33
s7586,13
s7586,16
s7586,33
s7587,4
s7587,18
s7587,23
s7588,13
s7588,24
s7589,3
s7589,19
s7590,19
s7590,8
s7591,8
s7591,17
s7592,8
s7592,13
s7592,17
s7593,8
s7593,24
s7594,18
s7594,13
s7594,33
s7595,5
s7596,5
s7597,5
s7597,8
s7598,4
s7598,25
s7598,13
s7599,11
s7600,5
s7600,11
s7601,11
s7602,11
s7603,11
s7604,11
s7605,11
s7606,11
s7607,11
s7608,11
s7609,11
s7610,11
s7611,11
s7612,11
s7613,11
s7614,11
s7615,11
s7616,11
s7617,11
s7618,11
s7619,5
s7620,13
s7620,33
s7621,13
s7622,11
s7622,22
s7623,13
s7624,9
s7624,18
s7624,13
s7625,12
s7625,18
s7625,28
s7626,11
s7626,17
s7627,11
s7627,17
s7627,22
s7628,3
s7628,9
s7629,8
s7629,13
s7630,4
s7630,9
s7630,12
s7631,13
s7631,16
s7631,17
s7632,13
s7632,16
s7632,17
s7633,18
s7633,25
s7633,13
s7634,11
s7634,17
s7634,22
s7635,8
s7635,13
s7635,16
s7636,11
s7636,17
s7637,1
s7637,26
s7638,1
s7638,7
s7638,8
s7639,1
s7639,8
s7640,1
s7640,8
s7641,9
s7641,18
s7641,13
s7642,8
s7642,17
s7643,1
s7644,8
s7644,15
s7644,17
s7645,8
s7645,15
s7645,17
s7646,8
s7646,15
s7646,17
s7647,19
s7647,1
s7647,26
s7648,11
s7649,12
s7650,19
s7651,8
s7651,17
s7651,24
s7652,1
s7652,17
s7653,11
s7653,14
s7654,13
s7654,17
s7655,11
s7655,22
s7656,11
s7656,22
s7657,11
s7657,22
s7658,11
s7658,22
s7659,13
s7659,17
s7660,1
s7660,7
s7660,17
s7661,13
s7661,17
s7661,24
s7662,11
s7662,22
s7663,11
s7663,17
s7663,22
s7664,13
s7665,11
s7666,13
s7666,17
s7666,22
s7667,12
s7667,27
s7668,10
s7668,16
s7668,33
s7669,11
s7669,17
s7670,5
s7670,8
s7671,1
s7671,13
s7671,17
s7672,4
s7672,23
s7673,1
s7673,17
s7674,11
s7675,4
s7675,19
s7675,8
s7676,18
s7676,20
s7676,25
s7677,1
s7677,17
s7678,8
s7678,13
s7678,16
s7679,1
s7679,17
s7680,12
s7681,8
s7681,13
s7681,17
s7682,13
s7682,16
s7682,17
s7683,13
s7683,17
s7684,11
s7684,17
s7685,15
s7685,33
s7686,8
s7686,13
s7686,17
s7687,1
s7688,15
s7688,17
s7689,8
s7689,16
s7689,17
s7690,19
s7690,8
s7691,13
s7691,24
s7692,13
s7692,17
s7693,11
s7693,17
s7694,9
s7694,8
s7695,1
s7695,17
s7696,1
s7696,13
s7697,13
s7698,13
s7698,17
s7699,19
s7700,11
s7700,17
s7700,29
s7701,13
s7701,17
s7701,24
s7702,33
s7703,8
s7703,13
s7703,17
s7704,13
s7704,16
s7704,24
s7705,15
s7705,33
s7706,12
s7707,13
s7707,17
s7707,24
s7708,13
s7708,16
s7708,17
s7709,7
s7709,10
s7709,11
s7710,8
s7711,18
s7711,25
s7711,28
s7712,1
s7713,13
s7713,17
s7713,29
s7714,11
s7715,1
s7716,8
s7716,17
s7716,24
s7717,1
s7717,8
s7718,13
s7718,17
s7719,23
s7720,8
s7720,17
s7721,8
s7721,15
s7721,17
s7722,6
s7722,19
s7722,8
s7723,5
s7724,13
s7724,17
s7725,5
s7725,8
s7725,24
s7726,13
s7726,31
s7726,32
s7727,13
s7727,21
s7728,11
s7729,33
s7730,9
s7730,1
s7730,13
s7731,13
s7731,17
s7731,33
s7732,11
s7733,5
s7733,8
s7734,13
s7734,17
s7734,33
s7735,1
s7735,13
s7735,17
s7736,7
s7736,13
s7736,21
s7737,17
s7737,24
s7738,15
s7738,17
s7739,8
s7739,17
s7739,24
s7740,13
s7740,16
s7740,17
s7741,5
s7741,11
s7742,24
s7743,13
s7743,16
s7743,17
s7744,4
s7745,13
s7745,17
s7745,22
s7746,13
s7746,17
s7747,13
s7747,16
s7747,17
s7748,4
s7748,12
s7748,27
s7749,4
s7749,12
s7749,18
s7750,1
s7750,26
s7751,13
s7751,17
s7752,1
s7752,7
s7752,13
s7753,13
s7754,11
s7754,17
s7755,11
s7755,14
s7755,17
s7756,1
s7756,5
s7756,8
s7757,8
s7758,13
s7758,16
s7758,24
s7759,13
s7759,16
s7759,21
s7760,9
s7760,18
s7760,13
s7761,19
s7761,20
s7762,19
s7763,19
s7764,19
s7765,19
s7766,19
s7767,19
s7768,19
s7769,19
s7770,19
s7771,19
s7772,19
s7773,19
s7774,19
s7775,5
s7776,5
s7777,5
s7778,19
s7779,5
s7780,19
s7781,5
s7781,26
s7782,5
s7783,19
s7784,19
s7785,19
s7786,19
s7787,19
s7788,5
s7789,5
s7790,13
s7790,16
s7790,17
s7791,7
s7791,11
s7792,17
s7792,24
s7793,11
s7794,13
s7794,33
s7795,8
s7795,17
s7795,24
s7796,19
s7796,8
s7797,13
s7797,16
s7797,21
s7798,8
s7798,24
s7799,9
s7799,12
s7800,11
s7801,18
s7801,28
s7801,8
s7802,1
s7802,13
s7802,17
s7803,7
s7803,10
s7803,13
s7804,13
s7804,17
s7805,1
s7806,8
s7806,13
s7806,17
s7807,18
s7807,25
s7807,13
s7808,11
s7808,29
s7809,18
s7809,25
s7809,28
s7810,1
s7811,18
s7811,25
s7811,8
s7812,13
s7813,18
s7813,30
s7813,8
s7814,30
s7814,8
s7815,5
s7815,8
s7816,18
s7816,25
s7816,13
s7817,5
s7818,13
s7818,16
s7819,11
s7819,17
s7819,29
s7820,13
s7820,17
s7821,7
s7821,13
s7821,29
s7822,13
s7822,17
s7823,11
s7824,1
s7824,8
s7824,17
s7825,13
s7825,17
s7825,24
s7826,8
s7826,13
s7826,16
s7827,5
s7827,8
s7828,7
s7828,13
s7828,17
s7829,18
s7829,13
s7830,13
s7830,17
s7831,8
s7831,13
s7831,17
s7832,1
s7832,15
s7832,17
s7833,15
s7833,17
s7833,33
s7834,13
s7834,17
s7834,22
s7835,11
s7836,18
s7836,25
s7836,13
s7837,13
s7837,17
s7838,8
s7838,17
s7838,24
s7839,18
s7839,25
s7839,13
s7840,7
s7840,13
s7841,18
s7841,25
s7841,28
s7842,13
s7843,9
s7843,13
s7843,32
s7844,15
s7845,1
s7845,10
s7846,13
s7846,17
s7847,11
s7847,17
s7848,1
s7848,8
s7848,26
s7849,11
s7850,1
s7850,13
s7850,17
s7851,4
s7851,12
s7851,18
s7852,11
s7852,22
s7853,1
s7853,8
s7853,17
s7854,1
s7854,13
s7855,13
s7855,24
s7856,13
s7856,26
s7857,9
s7857,8
s7857,13
s7858,1
s7858,15
s7858,26
s7859,11
s7859,22
s7860,11
s7861,1
s7861,8
s7861,17
s7862,13
s7862,17
s7863,9
s7863,18
s7863,13
s7864,1
s7864,13
s7864,16
s7865,4
s7865,19
s7866,13
s7866,24
s7867,13
s7867,16
s7867,17
s7868,18
s7868,23
s7868,28
s7869,13
s7869,33
s7870,13
s7870,17
s7871,4
s7871,9
s7871,13
s7872,15
s7872,17
s7873,18
s7873,25
s7873,8
s7874,13
s7874,16
s7874,17
s7875,13
s7875,16
s7875,17
s7876,13
s7876,17
s7877,11
s7877,17
s7878,1
s7878,16
s7878,17
s7879,3
s7880,1
s7880,7
s7880,13
s7881,13
s7881,29
s7882,13
s7882,29
s7883,13
s7883,29
s7884,13
s7884,29
s7885,1
s7885,26
s7886,13
s7886,17
s7887,11
s7888,11
s7889,1
s7889,8
s7889,22
s7890,13
s7890,16
s7891,8
s7891,16
s7892,5
s7892,16
s7893,18
s7893,25
s7893,34
s7894,11
s7894,17
s7894,22
s7895,7
s7895,15
s7895,33
s7896,13
s7897,8
s7897,13
s7898,18
s7898,25
s7898,28
s7899,13
s7899,16
s7899,17
s7900,1
s7900,16
s7901,1
s7901,8
s7901,17
s7902,8
s7902,24
s7903,1
s7903,17
s7903,22
s7904,8
s7904,24
s7905,13
s7905,24
s7906,33
s7907,3
s7907,18
s7908,5
s7908,8
s7908,29
s7909,12
s7909,30
s7910,30
s7911,13
s7911,17
s7912,11
s7912,17
s7913,1
s7914,13
s7914,16
s7914,17
s7915,11
s7915,17
s7916,13
s7916,17
s7916,24
s7917,8
s7917,26
s7918,13
s7918,17
s7918,24
s7919,18
s7919,25
s7919,13
s7920,11
s7920,17
s7921,8
s7921,16
s7921,24
s7922,13
s7922,17
s7923,13
s7923,17
s7923,24
s7924,13
s7924,17
s7924,22
s7925,13
s7925,17
s7926,13
s7926,17
s7927,13
s7927,17
s7928,8
s7928,17
s7929,1
s7929,13
s7929,14
s7930,5
s7931,7
s7931,11
s7932,8
s7932,13
s7932,17
s7933,7
s7933,13
s7933,17
s7934,5
s7934,8
s7935,5
s7936,13
s7936,17
s7937,8
s7937,17
s7937,22
s7938,1
s7938,8
s7938,17
s7939,13
s7939,17
s7940,13
s7940,17
s7941,13
s7941,14
s7941,17
s7942,11
s7942,22
s7943,12
s7943,18
s7944,13
s7944,17
s7944,22
s7945,8
s7945,10
s7945,13
s7946,13
s7946,21
s7947,1
s7947,16
s7948,8
s7948,17
s7948,24
s7949,23
s7950,8
s7950,13
s7951,13
s7952,8
s7952,13
s7952,16
s7953,5
s7954,9
s7954,13
s7955,7
s7955,8
s7955,16
s7956,8
s7956,15
s7957,8
s7957,15
s7958,7
s7958,13
s7959,8
s7959,13
s7960,5
s7961,1
s7961,8
s7961,10
s7962,15
s7963,15
s7964,1
s7965,5
s7965,7
s7965,13
s7966,11
s7966,17
s7966,22
s7967,1
s7967,26
s7968,13
s7968,17
s7968,22
s7969,18
s7969,20
s7969,25
s7970,13
s7970,33
s7971,11
s7971,17
s7972,11
s7972,17
s7973,11
s7973,17
s7974,11
s7974,17
s7975,11
s7975,17
s7976,11
s7977,11
s7978,11
s7979,11
s7979,17
s7980,11
s7980,17
s7981,8
s7981,17
s7982,11
s7982,17
s7982,29
s7983,8
s7984,13
s7984,16
s7984,17
s7985,18
s7985,8
s7986,1
s7987,8
s7987,13
s7987,24
s7988,8
s7988,13
s7988,24
s7989,13
s7989,17
s7989,24
s7990,8
s7990,13
s7990,17
s7991,13
s7992,9
s7992,12
s7992,18
s7993,8
s7993,17
s7994,13
s7995,13
s7995,17
s7995,33
s7996,13
s7996,16
s7996,17
s7997,8
s7997,17
s7997,22
s7998,13
s7998,17
s7999,15
s8000,13
s8000,17
s8001,11
s8002,15
s8002,33
s8003,4
s8003,9
s8003,18
s8004,1
s8004,8
s8005,1
s8005,13
s8005,17
s8006,5
s8007,5
s8008,5
s8009,13
s8009,17
s8010,13
s8010,16
s8011,5
s8011,8
s8012,11
s8012,22
s8013,13
s8013,17
s8013,33
s8014,15
s8014,17
s8015,13
s8015,17
s8015,33
s8016,19
s8017,13
s8017,16
s8017,17
s8018,1
s8018,16
s8019,15
s8020,11
s8021,9
s8021,18
s8021,1
s8022,18
s8022,28
s8022,13
s8023,18
s8023,28
s8023,13
s8024,1
s8024,13
s8024,17
s8025,8
s8025,17
s8025,24
s8026,1
s8026,13
s8026,26
s8027,15
s8027,17
s8028,15
s8029,8
s8029,13
s8029,24
s8030,1
s8031,23
s8032,23
s8033,1
s8033,8
s8034,1
s8034,17
s8035,11
s8035,29
s8036,1
s8036,26
s8037,8
s8037,13
s8037,16
s8038,8
s8038,24
s8039,13
s8039,16
s8040,33
s8041,23
s8042,1
s8042,13
s8042,17
s8043,1
s8043,8
s8043,26
s8044,8
s8044,13
s8044,16
s8045,11
s8045,29
s8046,8
s8047,1
s8047,13
s8048,8
s8048,17
s8048,24
s8049,11
s8050,13
s8050,17
s8051,8
s8051,16
s8051,17
s8052,1
s8052,5
s8052,26
s8053,1
s8053,5
s8053,26
s8054,1
s8054,17
s8054,26
s8055,13
s8055,24
s8056,8
s8056,24
s8057,1
s8057,13
s8057,16
s8058,11
s8058,29
s8059,18
s8059,25
s8059,13
s8060,13
s8060,14
s8060,29
s8061,15
s8061,16
s8062,11
s8063,19
s8064,13
s8064,22
s8065,1
s8065,13
s8066,8
s8066,13
s8066,16
s8067,11
s8067,29
s8068,1
s8068,26
s8069,1
s8069,8
s8070,11
s8071,19
s8072,13
s8072,16
s8073,8
s8073,10
s8073,13
s8074,13
s8074,17
s8074,29
s8075,5
s8075,8
s8076,5
s8076,8
s8077,5
s8077,8
s8078,1
s8078,8
s8078,17
s8079,15
s8079,16
s8080,33
s8081,1
s8082,11
s8083,1
s8083,5
s8083,26
s8084,25
s8084,13
s8084,26
s8085,13
s8085,16
s8085,17
s8086,18
s8086,8
s8086,13
s8087,11
s8087,17
s8088,8
s8089,8
s8089,17
s8090,15
s8091,13
s8091,17
s8092,15
s8092,17
s8093,11
s8094,19
s8095,19
s8095,20
s8096,15
s8096,33
s8097,11
s8097,17
s8097,29
s8098,18
s8098,23
s8099,8
s8099,17
s8099,24
s8100,8
s8100,16
s8100,21
s8101,13
s8101,33
s8102,8
s8102,24
s8103,19
s8104,7
s8104,8
s8104,24
s8105,11
s8105,17
s8105,21
s8106,7
s8106,8
s8106,10
s8107,8
s8107,13
s8108,9
s8108,18
s8108,20
s8109,1
s8109,13
s8109,17
s8110,12
s8110,18
s8111,5
s8111,8
s8112,1
s8112,13
s8113,13
s8113,17
s8113,33
s8114,8
s8114,17
s8114,22
s8115,8
s8115,13
s8115,17
s8116,17
s8116,33
s8117,13
s8117,17
s8117,24
s8118,18
s8118,20
s8118,8
s8119,8
s8119,13
s8119,24
s8120,13
s8120,17
s8120,29
s8121,13
s8121,16
s8121,17
s8122,19
s8123,5
s8124,13
s8124,16
s8124,33
s8125,8
s8125,13
s8125,17
s8126,19
s8126,20
s8127,8
s8127,10
s8128,1
s8128,7
s8128,13
s8129,1
s8129,26
s8130,4
s8130,12
s8130,27
s8131,8
s8132,13
s8132,17
s8132,24
s8133,9
s8133,12
s8134,11
s8135,11
s8135,21
s8136,11
s8137,13
s8137,16
s8137,17
s8138,18
s8138,13
s8139,13
s8139,15
s8139,22
s8140,13
s8140,16
s8140,33
s8141,8
s8141,13
s8141,16
s8142,1
s8142,13
s8142,17
s8143,1
s8143,17
s8144,19
s8145,13
s8145,17
s8145,22
s8146,13
s8146,17
s8147,8
s8147,24
s8148,9
s8148,1
s8148,33
s8149,13
s8150,1
s8150,17
s8150,24
s8151,17
s8151,33
s8152,5
s8153,5
s8154,8
s8154,17
s8155,5
s8156,11
s8157,13
s8157,17
s8157,33
s8158,13
s8158,16
s8158,21
s8159,5
s8159,8
s8160,5
s8160,8
s8161,1
s8161,8
s8162,8
s8162,17
s8162,22
s8163,5
s8164,13
s8164,17
s8165,13
s8165,16
s8165,17
s8166,18
s8166,25
s8166,28
s8167,1
s8167,26
s8168,1
s8168,26
s8169,11
s8169,17
s8170,15
s8170,16
s8170,33
s8171,8
s8171,17
s8171,24
s8172,1
s8172,17
s8172,22
s8173,19
s8173,8
s8174,4
s8175,8
s8176,12
s8177,11
s8177,29
s8178,1
s8178,13
s8178,17
s8179,11
s8179,17
s8180,13
s8180,33
s8181,18
s8181,13
s8182,5
s8183,19
s8183,8
s8184,5
s8185,5
s8186,13
s8186,17
s8186,26
s8187,1
s8187,13
s8187,17
s8188,8
s8188,13
s8188,24
s8189,15
s8190,6
s8190,8
s8191,5
s8191,8
s8192,11
s8193,8
s8193,13
s8193,17
s8194,18
s8194,23
s8195,8
s8195,13
s8195,17
s8196,1
s8196,8
s8196,16
s8197,1
s8198,1
s8199,15
s8199,16
s8199,33
s8200,23
s8200,25
s8201,13
s8202,8
s8203,11
s8204,1
s8204,17
s8205,15
s8205,33
s8206,7
s8206,11
s8207,18
s8207,13
s8208,12
s8208,18
s8208,27
s8209,4
s8209,12
s8209,27
s8210,4
s8210,23
s8211,11
s8212,15
s8213,15
s8213,16
s8213,33
s8214,13
s8214,29
s8215,4
s8215,12
s8215,18
s8216,11
s8217,4
s8217,12
s8218,1
s8218,26
s8219,13
s8219,17
s8219,24
s8220,1
s8220,8
s8220,24
s8221,26
s8221,33
s8222,15
s8222,16
s8222,33
s8223,13
s8223,16
s8223,17
s8224,13
s8224,33
s8225,13
s8225,16
s8225,29
s8226,5
s8226,13
s8226,17
s8227,8
s8227,13
s8227,24
s8228,13
s8228,17
s8228,24
s8229,1
s8229,26
s8230,8
s8230,13
s8231,8
s8231,17
s8232,1
s8232,13
s8232,17
s8233,15
s8233,33
s8234,16
s8234,33
s8235,13
s8235,16
s8235,17
s8236,18
s8236,23
s8237,13
s8237,33
s8238,10
s8238,15
s8239,11
s8239,29
s8240,13
s8240,14
s8241,1
s8241,13
s8241,17
s8242,13
s8242,17
s8242,33
s8243,15
s8243,33
s8244,18
s8244,23
s8245,13
s8245,17
s8245,22
s8246,13
s8246,17
s8246,33
s8247,13
s8247,16
s8247,17
s8248,13
s8248,14
s8249,5
s8249,8
s8250,7
s8250,13
s8251,4
s8251,12
s8251,18
s8252,13
s8252,16
s8253,8
s8253,24
s8254,8
s8254,13
s8254,16
s8255,13
s8255,17
s8255,26
s8256,8
s8256,17
s8256,33
s8257,15
s8257,33
s8258,18
s8258,20
s8258,8
s8259,5
s8259,8
s8260,1
s8260,10
s8260,26
s8261,8
s8261,10
s8261,17
s8262,7
s8262,16
s8262,33
s8263,12
s8263,27
s8264,8
s8265,13
s8265,17
s8266,13
s8266,17
s8266,24
s8267,5
s8268,13
s8268,17
s8269,1
s8269,16
s8269,17
s8270,13
s8271,11
s8271,29
s8272,19
s8272,8
s8273,13
s8273,33
s8274,13
s8274,17
s8275,15
s8275,33
s8276,11
s8276,15
s8277,15
s8277,33
s8278,3
s8279,11
s8280,15
s8280,26
s8280,33
s8281,13
s8281,17
s8282,33
s8283,18
s8283,8
s8284,13
s8285,1
s8285,8
s8286,1
s8286,8
s8287,13
s8287,17
s8288,12
s8289,13
s8289,16
s8290,16
s8290,26
s8290,33
s8291,7
s8291,10
s8291,15
s8292,13
s8292,24
s8293,15
s8293,16
s8294,4
s8294,9
s8294,13
s8295,11
s8295,17
s8296,8
s8296,16
s8296,21
s8297,13
s8297,29
s8298,15
s8298,17
s8298,33
s8299,15
s8300,13
s8300,16
s8301,8
s8301,17
s8302,8
s8303,4
s8303,9
s8303,13
s8304,1
s8304,10
s8304,17
s8305,5
s8305,8
s8306,5
s8306,8
s8306,24
s8307,1
s8307,13
s8307,17
s8308,1
s8308,26
s8309,11
s8310,1
s8310,17
s8311,15
s8312,13
s8313,13
s8314,11
s8314,29
s8315,13
s8315,33
s8316,4
s8316,19
s8317,12
s8317,18
s8317,27
s8318,8
s8318,13
s8318,17
s8319,11
s8319,29
s8320,13
s8320,16
s8320,33
s8321,13
s8321,33
s8322,12
s8322,18
s8323,15
s8323,16
s8323,17
s8324,8
s8324,13
s8324,24
s8325,13
s8325,16
s8325,33
s8326,8
s8327,13
s8327,14
s8328,13
s8328,14
s8329,13
s8329,14
s8330,13
s8330,14
s8331,1
s8331,13
s8331,17
s8332,4
s8332,23
s8333,1
s8333,7
s8333,10
s8334,1
s8334,13
s8335,4
s8335,9
s8335,18
s8336,1
s8336,8
s8337,8
s8338,15
s8339,15
s8339,33
s8340,5
s8340,13
s8340,14
s8341,11
s8342,13
s8343,15
s8344,13
s8344,17
s8345,13
s8345,16
s8346,1
s8347,8
s8347,14
s8347,17
s8348,18
s8348,20
s8348,23
s8349,11
s8350,18
s8350,23
s8351,11
s8351,17
s8351,22
s8352,1
s8352,26
s8353,8
s8353,13
s8354,4
s8354,12
s8354,27
s8355,1
s8356,11
s8356,29
s8357,1
s8357,26
s8358,4
s8358,8
s8359,17
s8359,26
s8359,33
s8360,5
s8361,5
s8361,8
s8362,5
s8362,13
s8363,8
s8363,13
s8364,13
s8364,17
s8364,33
s8365,13
s8365,17
s8366,8
s8366,24
s8367,4
s8367,9
s8367,12
s8368,15
s8368,16
s8368,33
s8369,9
s8369,12
s8370,13
s8370,17
s8371,11
s8371,17
s8372,12
s8372,18
s8372,28
s8373,8
s8373,13
s8373,24
s8374,19
s8375,13
s8375,17
s8376,13
s8376,33
s8377,23
s8378,13
s8378,17
s8379,25
s8379,13
s8380,18
s8380,20
s8380,13
s8381,13
s8381,24
s8381,26
s8382,5
s8382,14
s8383,11
s8383,17
s8384,7
s8384,13
s8385,15
s8385,16
s8385,33
s8386,13
s8387,8
s8387,17
s8388,11
s8389,11
s8390,13
s8390,29
s8391,11
s8392,8
s8392,13
s8392,17
s8393,9
s8393,18
s8393,13
s8394,8
s8394,16
s8395,5
s8395,13
s8396,5
s8397,13
s8397,17
s8397,33
s8398,9
s8398,13
s8398,33
s8399,8
s8399,17
s8399,24
s8400,15
s8400,17
s8401,11
s8401,14
s8402,7
s8402,8
s8402,29
s8403,8
s8403,13
s8403,29
s8404,11
s8404,17
s8405,1
s8405,26
s8406,1
s8406,26
s8407,8
s8407,29
s8408,11
s8408,17
s8409,13
s8409,17
s8410,8
s8410,17
s8410,26
s8411,11
s8412,4
s8412,12
s8412,27
s8413,11
s8413,22
s8414,1
s8414,24
s8415,1
s8415,26
s8416,1
s8416,26
s8417,1
s8417,26
s8418,11
s8419,13
s8419,17
s8420,7
s8420,11
s8421,8
s8422,13
s8422,32
s8422,26
s8423,12
s8424,19
s8424,8
s8425,18
s8425,28
s8425,1
s8426,13
s8426,16
s8426,17
s8427,15
s8427,16
s8428,13
s8429,12
s8430,18
s8430,8
s8430,13
s8431,5
s8431,8
s8432,4
s8432,9
s8432,12
s8433,13
s8433,17
s8433,22
s8434,8
s8435,8
s8435,10
s8436,7
s8436,13
s8436,29
s8437,7
s8437,11
s8438,30
s8438,8
s8439,8
s8439,16
s8439,24
s8440,12
s8441,11
s8441,17
s8442,5
s8443,8
s8444,8
s8444,13
s8444,16
s8445,8
s8445,17
s8446,1
s8446,8
s8447,1
s8447,8
s8448,13
s8448,16
s8448,21
s8449,1
s8450,13
s8450,33
s8451,11
s8451,17
s8451,29
s8452,8
s8452,13
s8453,13
s8453,22
s8453,24
s8454,1
s8454,13
s8454,17
s8455,5
s8455,8
s8456,5
s8457,13
s8458,5
s8458,8
s8459,13
s8459,16
s8460,13
s8460,17
s8460,33
s8461,8
s8461,17
s8462,5
s8463,11
s8464,8
s8464,13
s8464,17
s8465,1
s8466,8
s8466,24
s8467,5
s8468,1
s8468,13
s8468,17
s8469,11
s8470,13
s8471,11
s8471,29
s8472,12
s8472,27
s8473,5
s8473,13
s8473,17
s8474,13
s8474,33
s8475,23
s8476,11
s8476,17
s8477,4
s8477,12
s8477,18
s8478,11
s8478,29
s8479,11
s8479,29
s8480,11
s8480,29
s8481,13
s8481,16
s8481,17
s8482,13
s8482,17
s8483,18
s8483,13
s8483,31
s8484,15
s8484,17
s8485,15
s8485,16
s8485,26
s8486,13
s8486,17
s8486,24
s8487,15
s8487,33
s8488,13
s8488,17
s8489,13
s8489,16
s8490,1
s8491,18
s8491,13
s8492,11
s8492,17
s8492,22
s8493,33
s8494,17
s8494,33
s8495,8
s8495,13
s8496,13
s8496,16
s8497,13
s8497,16
s8497,17
s8498,8
s8498,13
s8498,16
s8499,13
s8499,33
s8500,13
s8501,11
s8502,5
s8502,8
s8503,11
s8504,12
s8505,8
s8505,17
s8505,22
s8506,13
s8507,7
s8507,8
s8507,16
s8508,26
s8508,33
s8509,15
s8509,16
s8509,17
s8510,13
s8510,17
s8510,24
s8511,9
s8511,18
s8511,13
s8512,13
s8513,1
s8513,24
s8513,26
s8514,13
s8514,16
s8514,24
s8515,13
s8515,16
s8515,17
s8516,1
s8516,5
s8516,8
s8517,11
s8517,17
s8518,13
s8518,16
s8518,33
s8519,12
s8520,12
s8521,33
s8522,11
s8522,17
s8523,15
s8524,19
s8525,11
s8526,1
s8527,13
s8527,33
s8528,10
s8528,15
s8528,16
s8529,13
s8529,17
s8530,8
s8530,13
s8530,16
s8531,11
s8532,1
s8532,26
s8533,13
s8533,24
s8533,26
s8534,9
s8534,12
s8535,13
s8535,16
s8535,29
s8536,33
s8537,8
s8538,33
s8539,11
s8539,17
s8540,13
s8541,1
s8541,8
s8542,6
s8542,26
s8543,8
s8543,24
s8544,15
s8544,17
s8545,18
s8545,13
s8545,34
s8546,12
s8546,27
s8547,13
s8547,17
s8548,11
s8549,15
s8549,33
s8550,12
s8551,1
s8551,13
s8551,17
s8552,12
s8553,13
s8553,17
s8554,5
s8555,8
s8555,29
s8556,15
s8556,17
s8557,8
s8557,17
s8557,24
s8558,13
s8559,15
s8559,16
s8560,15
s8560,33
s8561,18
s8561,25
s8561,8
s8562,11
s8562,17
s8563,8
s8563,13
s8563,14
s8564,13
s8564,17
s8565,1
s8566,11
s8567,33
s8568,18
s8568,25
s8568,8
s8569,8
s8569,17
s8570,1
s8570,8
s8570,17
s8571,11
s8572,13
s8572,17
s8572,24
s8573,11
s8573,22
s8574,11
s8575,18
s8575,31
s8575,32
s8576,18
s8576,20
s8576,25
s8577,8
s8577,17
s8577,24
s8578,11
s8578,17
s8578,22
s8579,13
s8579,16
s8579,17
s8580,1
s8580,17
s8580,29
s8581,1
s8581,8
s8581,26
s8582,5
s8583,13
s8583,17
s8584,13
s8584,17
s8585,1
s8585,17
s8586,8
s8586,13
s8586,17
s8587,13
s8587,33
s8588,7
s8588,11
s8589,9
s8589,18
s8589,13
s8590,13
s8590,17
s8590,33
s8591,13
s8591,17
s8592,8
s8592,13
s8592,17
s8593,18
s8593,13
s8594,9
s8594,12
s8594,18
s8595,5
s8596,13
s8596,16
s8596,26
s8597,19
s8598,11
s8599,8
s8599,10
s8599,21
s8600,4
s8600,6
s8600,8
s8601,19
s8601,20
s8602,11
s8602,17
s8602,22
s8603,5
s8603,8
s8604,1
s8605,4
s8605,12
s8605,27
s8606,23
s8607,13
s8607,16
s8607,17
s8608,8
s8608,13
s8608,24
s8609,8
s8610,18
s8610,23
s8611,1
s8612,13
s8612,16
s8612,17
s8613,15
s8613,17
s8614,1
s8614,15
s8614,17
s8615,8
s8615,10
s8615,13
s8616,13
s8616,33
s8617,26
s8617,33
s8618,13
s8618,16
s8618,33
s8619,8
s8619,13
s8619,16
s8620,11
s8620,13
s8620,17
s8621,11
s8622,8
s8622,10
s8622,15
s8623,8
s8623,15
s8623,26
s8624,8
s8624,15
s8624,26
s8625,8
s8625,15
s8625,26
s8626,8
s8626,15
s8626,26
s8627,1
s8627,8
s8627,15
s8628,13
s8629,8
s8629,13
s8629,16
s8630,1
s8630,13
s8630,17
s8631,17
s8631,33
s8632,11
s8632,22
s8633,11
s8633,17
s8634,18
s8634,13
s8635,1
s8636,7
s8636,13
s8637,13
s8638,13
s8638,16
s8639,8
s8639,15
s8639,16
s8640,13
s8640,14
s8640,17
s8641,7
s8641,11
s8642,5
s8642,8
s8643,15
s8644,11
s8644,17
s8645,6
s8645,9
s8645,13
s8646,15
s8646,16
s8646,33
s8647,4
s8647,19
s8648,13
s8648,17
s8649,33
s8650,13
s8650,16
s8650,24
s8651,11
s8651,17
s8652,11
s8652,29
s8653,13
s8653,17
s8653,33
s8654,18
s8654,25
s8654,13
s8655,13
s8655,17
s8656,5
s8656,8
s8657,11
s8658,1
s8658,11
s8658,29
s8659,13
s8659,16
s8659,17
s8660,1
s8660,5
s8660,8
s8661,7
s8661,11
s8662,8
s8662,13
s8662,16
s8663,13
s8663,16
s8663,17
s8664,17
s8664,33
s8665,8
s8665,13
s8665,24
s8666,13
s8666,16
s8666,17
s8667,1
s8667,8
s8667,17
s8668,1
s8669,1
s8669,13
s8669,26
s8670,19
s8671,1
s8672,1
s8672,13
s8672,17
s8673,8
s8673,13
s8673,17
s8674,11
s8675,13
s8676,13
s8677,1
s8677,26
s8678,11
s8679,13
s8679,33
s8680,19
s8681,13
s8681,17
s8682,13
s8682,17
s8683,8
s8683,13
s8683,17
s8684,13
s8684,17
s8684,33
s8685,19
s8685,20
s8686,13
s8687,1
s8687,17
s8688,1
s8688,17
s8688,26
s8689,13
s8689,17
s8690,8
s8690,16
s8691,18
s8691,13
s8692,13
s8693,11
s8694,13
s8694,16
s8694,33
s8695,1
s8696,8
s8696,13
s8696,17
s8697,13
s8698,1
s8698,8
s8699,15
s8699,16
s8699,17
s8700,8
s8700,13
s8700,17
s8701,12
s8701,18
s8702,11
s8703,11
s8704,13
s8704,16
s8704,22
s8705,33
s8706,8
s8706,17
s8706,24
s8707,13
s8707,16
s8708,11
s8708,17
s8709,8
s8709,13
s8709,16
s8710,13
s8710,17
s8711,8
s8711,13
s8712,13
s8712,16
s8712,17
s8713,4
s8713,12
s8713,27
s8714,8
s8714,17
s8715,5
s8716,13
s8716,16
s8717,8
s8717,15
s8717,16
s8718,7
s8718,13
s8718,17
s8719,11
s8719,29
s8720,8
s8720,13
s8720,17
s8721,18
s8721,8
s8721,13
s8722,18
s8722,25
s8722,8
s8723,15
s8723,33
s8724,11
s8725,13
s8725,33
s8726,13
s8726,17
s8726,24
s8727,13
s8728,11
s8728,17
s8729,11
s8729,17
s8730,1
s8730,8
s8730,13
s8731,8
s8732,8
s8732,13
s8732,16
s8733,26
s8733,33
s8734,8
s8734,16
s8734,33
s8735,11
s8735,21
s8735,22
s8736,7
s8736,13
s8736,16
s8737,18
s8737,25
s8737,8
s8738,11
s8739,11
s8740,11
s8741,4
s8741,12
s8741,27
s8742,4
s8742,12
s8742,27
s8743,1
s8743,8
s8743,26
s8744,13
s8744,16
s8745,11
s8745,17
s8745,29
s8746,5
s8746,7
s8746,8
s8747,11
s8747,17
s8748,23
s8749,7
s8749,13
s8750,18
s8750,13
s8750,33
s8751,13
s8751,16
s8752,8
s8752,13
s8752,16
s8753,5
s8753,13
s8754,13
s8754,16
s8755,13
s8755,16
s8755,29
s8756,9
s8756,12
s8757,11
s8757,22
s8758,1
s8758,13
s8759,4
s8759,12
s8760,5
s8761,15
s8761,16
s8761,33
s8762,8
s8762,17
s8762,24
s8763,13
s8763,17
s8764,11
s8765,1
s8766,15
s8767,1
s8767,29
s8768,1
s8769,13
s8769,16
s8769,17
s8770,13
s8770,16
s8770,17
s8771,13
s8771,17
s8771,24
s8772,13
s8772,17
s8772,22
s8773,1
s8773,8
s8773,17
s8774,8
s8774,13
s8774,17
s8775,13
s8775,16
s8775,17
s8776,18
s8776,8
s8777,5
s8777,8
s8778,17
s8778,21
s8778,24
s8779,17
s8779,21
s8779,24
s8780,17
s8780,21
s8780,24
s8781,3
s8781,19
s8782,2
s8782,5
s8783,8
s8783,15
s8783,16
s8784,19
s8785,5
s8786,19
s8787,5
s8788,8
s8788,24
s8789,13
s8789,17
s8790,8
s8790,13
s8790,17
s8791,1
s8791,8
s8792,8
s8792,13
s8792,16
s8793,1
s8793,17
s8794,5
s8794,8
s8795,13
s8795,16
s8795,17
s8796,3
s8796,19
s8797,18
s8797,13
s8798,19
s8799,8
s8799,13
s8799,17
s8800,13
s8800,17
s8801,18
s8801,25
s8801,13
s8802,13
s8802,17
s8802,33
s8803,10
s8803,13
s8803,33
s8804,19
s8804,20
s8804,8
s8805,8
s8805,15
s8806,5
s8806,8
s8807,13
s8807,17
s8807,22
